2026-08-10 00:00:00,632 [ERROR] LogOutputStream:75 - [STDERR_REDIRECT] [Fatal Error] :1:1: Premature end of file.
2026-08-10 00:00:00,644 [ERROR] LogOutputStream:75 - [STDERR_REDIRECT] 
2026-08-10 00:00:01,634 [ERROR] LogOutputStream:75 - [STDERR_REDIRECT] [Fatal Error] :1:1: Premature end of file.
2026-08-10 00:00:01,634 [ERROR] LogOutputStream:75 - [STDERR_REDIRECT] 
2026-08-10 00:00:02,633 [ERROR] LogOutputStream:75 - [STDERR_REDIRECT] [Fatal Error] :1:1: Premature end of file.
2026-08-10 00:00:02,634 [ERROR] LogOutputStream:75 - [STDERR_REDIRECT] 
2026-08-10 00:00:03,633 [ERROR] LogOutputStream:75 - [STDERR_REDIRECT] [Fatal Error] :1:1: Premature end of file.
2026-08-10 00:00:03,633 [ERROR] LogOutputStream:75 - [STDERR_REDIRECT] 
2026-08-10 00:00:04,644 [ERROR] LogOutputStream:75 - [STDERR_REDIRECT] [Fatal Error] :1:1: Premature end of file.
2026-08-10 00:00:04,644 [ERROR] LogOutputStream:75 - [STDERR_REDIRECT] 
2026-08-10 00:00:05,649 [ERROR] LogOutputStream:75 - [STDERR_REDIRECT] [Fatal Error] :1:1: Premature end of file.
2026-08-10 00:00:05,649 [ERROR] LogOutputStream:75 - [STDERR_REDIRECT] 
2026-08-10 00:00:06,633 [ERROR] LogOutputStream:75 - [STDERR_REDIRECT] [Fatal Error] :1:1: Premature end of file.
2026-08-10 00:00:06,633 [ERROR] LogOutputStream:75 - [STDERR_REDIRECT] 
2026-08-10 00:00:07,634 [ERROR] LogOutputStream:75 - [STDERR_REDIRECT] [Fatal Error] :1:1: Premature end of file.
2026-08-10 00:00:07,634 [ERROR] LogOutputStream:75 - [STDERR_REDIRECT] 
2026-08-10 00:00:08,643 [ERROR] LogOutputStream:75 - [STDERR_REDIRECT] [Fatal Error] :1:1: Premature end of file.
2026-08-10 00:00:08,643 [ERROR] LogOutputStream:75 - [STDERR_REDIRECT] 
2026-08-10 00:00:09,631 [ERROR] LogOutputStream:75 - [STDERR_REDIRECT] [Fatal Error] :1:1: Premature end of file.
2026-08-10 00:00:09,631 [ERROR] LogOutputStream:75 - [STDERR_REDIRECT] 
2026-08-10 00:00:10,631 [ERROR] LogOutputStream:75 - [STDERR_REDIRECT] [Fatal Error] :1:1: Premature end of file.
2026-08-10 00:00:10,631 [ERROR] LogOutputStream:75 - [STDERR_REDIRECT] 
2026-08-10 00:00:11,639 [ERROR] LogOutputStream:75 - [STDERR_REDIRECT] [Fatal Error] :1:1: Premature end of file.
2026-08-10 00:00:11,639 [ERROR] LogOutputStream:75 - [STDERR_REDIRECT] 
2026-08-10 00:00:12,632 [ERROR] LogOutputStream:75 - [STDERR_REDIRECT] [Fatal Error] :1:1: Premature end of file.
2026-08-10 00:00:12,632 [ERROR] LogOutputStream:75 - [STDERR_REDIRECT] 
2026-08-10 00:00:13,633 [ERROR] LogOutputStream:75 - [STDERR_REDIRECT] [Fatal Error] :1:1: Premature end of file.
2026-08-10 00:00:13,633 [ERROR] LogOutputStream:75 - [STDERR_REDIRECT] 
2026-08-10 00:00:14,648 [ERROR] LogOutputStream:75 - [STDERR_REDIRECT] [Fatal Error] :1:1: Premature end of file.
2026-08-10 00:00:14,648 [ERROR] LogOutputStream:75 - [STDERR_REDIRECT] 
2026-08-10 00:00:15,637 [ERROR] LogOutputStream:75 - [STDERR_REDIRECT] [Fatal Error] :1:1: Premature end of file.
2026-08-10 00:00:15,637 [ERROR] LogOutputStream:75 - [STDERR_REDIRECT] 
2026-08-10 00:00:16,640 [ERROR] LogOutputStream:75 - [STDERR_REDIRECT] [Fatal Error] :1:1: Premature end of file.
2026-08-10 00:00:16,640 [ERROR] LogOutputStream:75 - [STDERR_REDIRECT] 
2026-08-10 00:00:17,635 [ERROR] LogOutputStream:75 - [STDERR_REDIRECT] [Fatal Error] :1:1: Premature end of file.
2026-08-10 00:00:17,635 [ERROR] LogOutputStream:75 - [STDERR_REDIRECT] 
2026-08-10 00:00:18,644 [ERROR] LogOutputStream:75 - [STDERR_REDIRECT] [Fatal Error] :1:1: Premature end of file.
2026-08-10 00:00:18,644 [ERROR] LogOutputStream:75 - [STDERR_REDIRECT] 
2026-08-10 00:00:19,646 [ERROR] LogOutputStream:75 - [STDERR_REDIRECT] [Fatal Error] :1:1: Premature end of file.
2026-08-10 00:00:19,646 [ERROR] LogOutputStream:75 - [STDERR_REDIRECT] 
2026-08-10 00:00:20,634 [ERROR] LogOutputStream:75 - [STDERR_REDIRECT] [Fatal Error] :1:1: Premature end of file.
2026-08-10 00:00:20,634 [ERROR] LogOutputStream:75 - [STDERR_REDIRECT] 
2026-08-10 00:00:21,636 [ERROR] LogOutputStream:75 - [STDERR_REDIRECT] [Fatal Error] :1:1: Premature end of file.
2026-08-10 00:00:21,636 [ERROR] LogOutputStream:75 - [STDERR_REDIRECT] 
2026-08-10 00:00:22,639 [ERROR] LogOutputStream:75 - [STDERR_REDIRECT] [Fatal Error] :1:1: Premature end of file.
2026-08-10 00:00:22,639 [ERROR] LogOutputStream:75 - [STDERR_REDIRECT] 
2026-08-10 00:00:23,635 [ERROR] LogOutputStream:75 - [STDERR_REDIRECT] [Fatal Error] :1:1: Premature end of file.
2026-08-10 00:00:23,635 [ERROR] LogOutputStream:75 - [STDERR_REDIRECT] 
2026-08-10 00:00:24,637 [ERROR] LogOutputStream:75 - [STDERR_REDIRECT] [Fatal Error] :1:1: Premature end of file.
2026-08-10 00:00:24,637 [ERROR] LogOutputStream:75 - [STDERR_REDIRECT] 
2026-08-10 00:00:25,644 [ERROR] LogOutputStream:75 - [STDERR_REDIRECT] [Fatal Error] :1:1: Premature end of file.
2026-08-10 00:00:25,644 [ERROR] LogOutputStream:75 - [STDERR_REDIRECT] 
2026-08-10 00:00:26,643 [ERROR] LogOutputStream:75 - [STDERR_REDIRECT] [Fatal Error] :1:1: Premature end of file.
2026-08-10 00:00:26,643 [ERROR] LogOutputStream:75 - [STDERR_REDIRECT] 
2026-08-10 00:00:27,645 [ERROR] LogOutputStream:75 - [STDERR_REDIRECT] [Fatal Error] :1:1: Premature end of file.
2026-08-10 00:00:27,645 [ERROR] LogOutputStream:75 - [STDERR_REDIRECT] 
2026-08-10 00:00:28,647 [ERROR] LogOutputStream:75 - [STDERR_REDIRECT] [Fatal Error] :1:1: Premature end of file.
2026-08-10 00:00:28,648 [ERROR] LogOutputStream:75 - [STDERR_REDIRECT] 
2026-08-10 00:00:29,642 [ERROR] LogOutputStream:75 - [STDERR_REDIRECT] [Fatal Error] :1:1: Premature end of file.
2026-08-10 00:00:29,642 [ERROR] LogOutputStream:75 - [STDERR_REDIRECT] 
2026-08-10 00:00:30,646 [ERROR] LogOutputStream:75 - [STDERR_REDIRECT] [Fatal Error] :1:1: Premature end of file.
2026-08-10 00:00:30,646 [ERROR] LogOutputStream:75 - [STDERR_REDIRECT] 
2026-08-10 00:00:31,642 [ERROR] LogOutputStream:75 - [STDERR_REDIRECT] [Fatal Error] :1:1: Premature end of file.
2026-08-10 00:00:31,642 [ERROR] LogOutputStream:75 - [STDERR_REDIRECT] 
2026-08-10 00:00:32,645 [ERROR] LogOutputStream:75 - [STDERR_REDIRECT] [Fatal Error] :1:1: Premature end of file.
2026-08-10 00:00:32,645 [ERROR] LogOutputStream:75 - [STDERR_REDIRECT] 
2026-08-10 00:00:33,638 [ERROR] LogOutputStream:75 - [STDERR_REDIRECT] [Fatal Error] :1:1: Premature end of file.
2026-08-10 00:00:33,638 [ERROR] LogOutputStream:75 - [STDERR_REDIRECT] 
2026-08-10 00:00:34,641 [ERROR] LogOutputStream:75 - [STDERR_REDIRECT] [Fatal Error] :1:1: Premature end of file.
2026-08-10 00:00:34,641 [ERROR] LogOutputStream:75 - [STDERR_REDIRECT] 
2026-08-10 00:00:35,643 [ERROR] LogOutputStream:75 - [STDERR_REDIRECT] [Fatal Error] :1:1: Premature end of file.
2026-08-10 00:00:35,643 [ERROR] LogOutputStream:75 - [STDERR_REDIRECT] 
2026-08-10 00:00:36,636 [ERROR] LogOutputStream:75 - [STDERR_REDIRECT] [Fatal Error] :1:1: Premature end of file.
2026-08-10 00:00:36,637 [ERROR] LogOutputStream:75 - [STDERR_REDIRECT] 
2026-08-10 00:00:37,639 [ERROR] LogOutputStream:75 - [STDERR_REDIRECT] [Fatal Error] :1:1: Premature end of file.
2026-08-10 00:00:37,639 [ERROR] LogOutputStream:75 - [STDERR_REDIRECT] 
2026-08-10 00:00:38,643 [ERROR] LogOutputStream:75 - [STDERR_REDIRECT] [Fatal Error] :1:1: Premature end of file.
2026-08-10 00:00:38,644 [ERROR] LogOutputStream:75 - [STDERR_REDIRECT] 
2026-08-10 00:00:39,639 [ERROR] LogOutputStream:75 - [STDERR_REDIRECT] [Fatal Error] :1:1: Premature end of file.
2026-08-10 00:00:39,639 [ERROR] LogOutputStream:75 - [STDERR_REDIRECT] 
2026-08-10 00:00:40,641 [ERROR] LogOutputStream:75 - [STDERR_REDIRECT] [Fatal Error] :1:1: Premature end of file.
2026-08-10 00:00:40,641 [ERROR] LogOutputStream:75 - [STDERR_REDIRECT] 
2026-08-10 00:00:41,637 [ERROR] LogOutputStream:75 - [STDERR_REDIRECT] [Fatal Error] :1:1: Premature end of file.
2026-08-10 00:00:41,637 [ERROR] LogOutputStream:75 - [STDERR_REDIRECT] 
2026-08-10 00:00:42,645 [ERROR] LogOutputStream:75 - [STDERR_REDIRECT] [Fatal Error] :1:1: Premature end of file.
2026-08-10 00:00:42,645 [ERROR] LogOutputStream:75 - [STDERR_REDIRECT] 
2026-08-10 00:00:43,644 [ERROR] LogOutputStream:75 - [STDERR_REDIRECT] [Fatal Error] :1:1: Premature end of file.
2026-08-10 00:00:43,644 [ERROR] LogOutputStream:75 - [STDERR_REDIRECT] 
2026-08-10 00:00:44,642 [ERROR] LogOutputStream:75 - [STDERR_REDIRECT] [Fatal Error] :1:1: Premature end of file.
2026-08-10 00:00:44,642 [ERROR] LogOutputStream:75 - [STDERR_REDIRECT] 
2026-08-10 00:00:45,635 [ERROR] LogOutputStream:75 - [STDERR_REDIRECT] [Fatal Error] :1:1: Premature end of file.
2026-08-10 00:00:45,635 [ERROR] LogOutputStream:75 - [STDERR_REDIRECT] 
2026-08-10 00:00:46,631 [ERROR] LogOutputStream:75 - [STDERR_REDIRECT] [Fatal Error] :1:1: Premature end of file.
2026-08-10 00:00:46,631 [ERROR] LogOutputStream:75 - [STDERR_REDIRECT] 
2026-08-10 00:00:47,634 [ERROR] LogOutputStream:75 - [STDERR_REDIRECT] [Fatal Error] :1:1: Premature end of file.
2026-08-10 00:00:47,634 [ERROR] LogOutputStream:75 - [STDERR_REDIRECT] 
2026-08-10 00:00:48,644 [ERROR] LogOutputStream:75 - [STDERR_REDIRECT] [Fatal Error] :1:1: Premature end of file.
2026-08-10 00:00:48,644 [ERROR] LogOutputStream:75 - [STDERR_REDIRECT] 
2026-08-10 00:00:49,637 [ERROR] LogOutputStream:75 - [STDERR_REDIRECT] [Fatal Error] :1:1: Premature end of file.
2026-08-10 00:00:49,637 [ERROR] LogOutputStream:75 - [STDERR_REDIRECT] 
2026-08-10 00:00:50,633 [ERROR] LogOutputStream:75 - [STDERR_REDIRECT] [Fatal Error] :1:1: Premature end of file.
2026-08-10 00:00:50,633 [ERROR] LogOutputStream:75 - [STDERR_REDIRECT] 
2026-08-10 00:00:51,634 [ERROR] LogOutputStream:75 - [STDERR_REDIRECT] [Fatal Error] :1:1: Premature end of file.
2026-08-10 00:00:51,634 [ERROR] LogOutputStream:75 - [STDERR_REDIRECT] 
2026-08-10 00:00:52,638 [ERROR] LogOutputStream:75 - [STDERR_REDIRECT] [Fatal Error] :1:1: Premature end of file.
2026-08-10 00:00:52,638 [ERROR] LogOutputStream:75 - [STDERR_REDIRECT] 
2026-08-10 00:00:53,644 [ERROR] LogOutputStream:75 - [STDERR_REDIRECT] [Fatal Error] :1:1: Premature end of file.
2026-08-10 00:00:53,645 [ERROR] LogOutputStream:75 - [STDERR_REDIRECT] 
2026-08-10 00:00:54,638 [ERROR] LogOutputStream:75 - [STDERR_REDIRECT] [Fatal Error] :1:1: Premature end of file.
2026-08-10 00:00:54,638 [ERROR] LogOutputStream:75 - [STDERR_REDIRECT] 
2026-08-10 00:00:55,638 [ERROR] LogOutputStream:75 - [STDERR_REDIRECT] [Fatal Error] :1:1: Premature end of file.
2026-08-10 00:00:55,638 [ERROR] LogOutputStream:75 - [STDERR_REDIRECT] 
2026-08-10 00:00:56,640 [ERROR] LogOutputStream:75 - [STDERR_REDIRECT] [Fatal Error] :1:1: Premature end of file.
2026-08-10 00:00:56,640 [ERROR] LogOutputStream:75 - [STDERR_REDIRECT] 
2026-08-10 00:00:57,642 [ERROR] LogOutputStream:75 - [STDERR_REDIRECT] [Fatal Error] :1:1: Premature end of file.
2026-08-10 00:00:57,642 [ERROR] LogOutputStream:75 - [STDERR_REDIRECT] 
2026-08-10 00:00:58,634 [ERROR] LogOutputStream:75 - [STDERR_REDIRECT] [Fatal Error] :1:1: Premature end of file.
2026-08-10 00:00:58,634 [ERROR] LogOutputStream:75 - [STDERR_REDIRECT] 
2026-08-10 00:00:59,646 [ERROR] LogOutputStream:75 - [STDERR_REDIRECT] [Fatal Error] :1:1: Premature end of file.
2026-08-10 00:00:59,646 [ERROR] LogOutputStream:75 - [STDERR_REDIRECT] 
2026-08-10 00:01:00,646 [ERROR] LogOutputStream:75 - [STDERR_REDIRECT] [Fatal Error] :1:1: Premature end of file.
2026-08-10 00:01:00,646 [ERROR] LogOutputStream:75 - [STDERR_REDIRECT] 
2026-08-10 00:01:01,637 [ERROR] LogOutputStream:75 - [STDERR_REDIRECT] [Fatal Error] :1:1: Premature end of file.
2026-08-10 00:01:01,637 [ERROR] LogOutputStream:75 - [STDERR_REDIRECT] 
2026-08-10 00:01:02,632 [ERROR] LogOutputStream:75 - [STDERR_REDIRECT] [Fatal Error] :1:1: Premature end of file.
2026-08-10 00:01:02,632 [ERROR] LogOutputStream:75 - [STDERR_REDIRECT] 
2026-08-10 00:01:03,644 [ERROR] LogOutputStream:75 - [STDERR_REDIRECT] [Fatal Error] :1:1: Premature end of file.
2026-08-10 00:01:03,644 [ERROR] LogOutputStream:75 - [STDERR_REDIRECT] 
2026-08-10 00:01:04,637 [ERROR] LogOutputStream:75 - [STDERR_REDIRECT] [Fatal Error] :1:1: Premature end of file.
2026-08-10 00:01:04,637 [ERROR] LogOutputStream:75 - [STDERR_REDIRECT] 
2026-08-10 00:01:05,641 [ERROR] LogOutputStream:75 - [STDERR_REDIRECT] [Fatal Error] :1:1: Premature end of file.
2026-08-10 00:01:05,641 [ERROR] LogOutputStream:75 - [STDERR_REDIRECT] 
2026-08-10 00:01:06,643 [ERROR] LogOutputStream:75 - [STDERR_REDIRECT] [Fatal Error] :1:1: Premature end of file.
2026-08-10 00:01:06,643 [ERROR] LogOutputStream:75 - [STDERR_REDIRECT] 
2026-08-10 00:01:07,634 [ERROR] LogOutputStream:75 - [STDERR_REDIRECT] [Fatal Error] :1:1: Premature end of file.
2026-08-10 00:01:07,634 [ERROR] LogOutputStream:75 - [STDERR_REDIRECT] 
2026-08-10 00:01:08,663 [ERROR] LogOutputStream:75 - [STDERR_REDIRECT] [Fatal Error] :1:1: Premature end of file.
2026-08-10 00:01:08,663 [ERROR] LogOutputStream:75 - [STDERR_REDIRECT] 
2026-08-10 00:01:09,648 [ERROR] LogOutputStream:75 - [STDERR_REDIRECT] [Fatal Error] :1:1: Premature end of file.
2026-08-10 00:01:09,648 [ERROR] LogOutputStream:75 - [STDERR_REDIRECT] 
2026-08-10 00:01:10,633 [ERROR] LogOutputStream:75 - [STDERR_REDIRECT] [Fatal Error] :1:1: Premature end of file.
2026-08-10 00:01:10,633 [ERROR] LogOutputStream:75 - [STDERR_REDIRECT] 
2026-08-10 00:01:11,636 [ERROR] LogOutputStream:75 - [STDERR_REDIRECT] [Fatal Error] :1:1: Premature end of file.
2026-08-10 00:01:11,637 [ERROR] LogOutputStream:75 - [STDERR_REDIRECT] 
2026-08-10 00:01:12,633 [ERROR] LogOutputStream:75 - [STDERR_REDIRECT] [Fatal Error] :1:1: Premature end of file.
2026-08-10 00:01:12,633 [ERROR] LogOutputStream:75 - [STDERR_REDIRECT] 
2026-08-10 00:01:13,637 [ERROR] LogOutputStream:75 - [STDERR_REDIRECT] [Fatal Error] :1:1: Premature end of file.
2026-08-10 00:01:13,637 [ERROR] LogOutputStream:75 - [STDERR_REDIRECT] 
2026-08-10 00:01:14,636 [ERROR] LogOutputStream:75 - [STDERR_REDIRECT] [Fatal Error] :1:1: Premature end of file.
2026-08-10 00:01:14,636 [ERROR] LogOutputStream:75 - [STDERR_REDIRECT] 
2026-08-10 00:01:15,633 [ERROR] LogOutputStream:75 - [STDERR_REDIRECT] [Fatal Error] :1:1: Premature end of file.
2026-08-10 00:01:15,634 [ERROR] LogOutputStream:75 - [STDERR_REDIRECT] 
2026-08-10 00:01:16,644 [ERROR] LogOutputStream:75 - [STDERR_REDIRECT] [Fatal Error] :1:1: Premature end of file.
2026-08-10 00:01:16,644 [ERROR] LogOutputStream:75 - [STDERR_REDIRECT] 
2026-08-10 00:01:17,640 [ERROR] LogOutputStream:75 - [STDERR_REDIRECT] [Fatal Error] :1:1: Premature end of file.
2026-08-10 00:01:17,640 [ERROR] LogOutputStream:75 - [STDERR_REDIRECT] 
2026-08-10 00:01:18,634 [ERROR] LogOutputStream:75 - [STDERR_REDIRECT] [Fatal Error] :1:1: Premature end of file.
2026-08-10 00:01:18,634 [ERROR] LogOutputStream:75 - [STDERR_REDIRECT] 
2026-08-10 00:01:19,647 [ERROR] LogOutputStream:75 - [STDERR_REDIRECT] [Fatal Error] :1:1: Premature end of file.
2026-08-10 00:01:19,647 [ERROR] LogOutputStream:75 - [STDERR_REDIRECT] 
2026-08-10 00:01:20,643 [ERROR] LogOutputStream:75 - [STDERR_REDIRECT] [Fatal Error] :1:1: Premature end of file.
2026-08-10 00:01:20,643 [ERROR] LogOutputStream:75 - [STDERR_REDIRECT] 
2026-08-10 00:01:21,644 [ERROR] LogOutputStream:75 - [STDERR_REDIRECT] [Fatal Error] :1:1: Premature end of file.
2026-08-10 00:01:21,644 [ERROR] LogOutputStream:75 - [STDERR_REDIRECT] 
2026-08-10 00:01:22,649 [ERROR] LogOutputStream:75 - [STDERR_REDIRECT] [Fatal Error] :1:1: Premature end of file.
2026-08-10 00:01:22,649 [ERROR] LogOutputStream:75 - [STDERR_REDIRECT] 
2026-08-10 00:01:23,635 [ERROR] LogOutputStream:75 - [STDERR_REDIRECT] [Fatal Error] :1:1: Premature end of file.
2026-08-10 00:01:23,635 [ERROR] LogOutputStream:75 - [STDERR_REDIRECT] 
2026-08-10 00:01:24,634 [ERROR] LogOutputStream:75 - [STDERR_REDIRECT] [Fatal Error] :1:1: Premature end of file.
2026-08-10 00:01:24,634 [ERROR] LogOutputStream:75 - [STDERR_REDIRECT] 
2026-08-10 00:01:25,638 [ERROR] LogOutputStream:75 - [STDERR_REDIRECT] [Fatal Error] :1:1: Premature end of file.
2026-08-10 00:01:25,638 [ERROR] LogOutputStream:75 - [STDERR_REDIRECT] 
2026-08-10 00:01:26,635 [ERROR] LogOutputStream:75 - [STDERR_REDIRECT] [Fatal Error] :1:1: Premature end of file.
2026-08-10 00:01:26,635 [ERROR] LogOutputStream:75 - [STDERR_REDIRECT] 
2026-08-10 00:01:27,624 [ERROR] LogOutputStream:75 - [STDERR_REDIRECT] [Fatal Error] :1:1: Premature end of file.
2026-08-10 00:01:27,624 [ERROR] LogOutputStream:75 - [STDERR_REDIRECT] 
2026-08-10 00:01:28,636 [ERROR] LogOutputStream:75 - [STDERR_REDIRECT] [Fatal Error] :1:1: Premature end of file.
2026-08-10 00:01:28,636 [ERROR] LogOutputStream:75 - [STDERR_REDIRECT] 
2026-08-10 00:01:29,631 [ERROR] LogOutputStream:75 - [STDERR_REDIRECT] [Fatal Error] :1:1: Premature end of file.
2026-08-10 00:01:29,632 [ERROR] LogOutputStream:75 - [STDERR_REDIRECT] 
2026-08-10 00:01:30,634 [ERROR] LogOutputStream:75 - [STDERR_REDIRECT] [Fatal Error] :1:1: Premature end of file.
2026-08-10 00:01:30,634 [ERROR] LogOutputStream:75 - [STDERR_REDIRECT] 
2026-08-10 00:01:31,635 [ERROR] LogOutputStream:75 - [STDERR_REDIRECT] [Fatal Error] :1:1: Premature end of file.
2026-08-10 00:01:31,635 [ERROR] LogOutputStream:75 - [STDERR_REDIRECT] 
2026-08-10 00:01:32,631 [ERROR] LogOutputStream:75 - [STDERR_REDIRECT] [Fatal Error] :1:1: Premature end of file.
2026-08-10 00:01:32,631 [ERROR] LogOutputStream:75 - [STDERR_REDIRECT] 
2026-08-10 00:01:33,630 [ERROR] LogOutputStream:75 - [STDERR_REDIRECT] [Fatal Error] :1:1: Premature end of file.
2026-08-10 00:01:33,630 [ERROR] LogOutputStream:75 - [STDERR_REDIRECT] 
2026-08-10 00:01:34,637 [ERROR] LogOutputStream:75 - [STDERR_REDIRECT] [Fatal Error] :1:1: Premature end of file.
2026-08-10 00:01:34,637 [ERROR] LogOutputStream:75 - [STDERR_REDIRECT] 
2026-08-10 00:01:35,634 [ERROR] LogOutputStream:75 - [STDERR_REDIRECT] [Fatal Error] :1:1: Premature end of file.
2026-08-10 00:01:35,634 [ERROR] LogOutputStream:75 - [STDERR_REDIRECT] 
2026-08-10 00:01:36,630 [ERROR] LogOutputStream:75 - [STDERR_REDIRECT] [Fatal Error] :1:1: Premature end of file.
2026-08-10 00:01:36,630 [ERROR] LogOutputStream:75 - [STDERR_REDIRECT] 
2026-08-10 00:01:37,631 [ERROR] LogOutputStream:75 - [STDERR_REDIRECT] [Fatal Error] :1:1: Premature end of file.
2026-08-10 00:01:37,631 [ERROR] LogOutputStream:75 - [STDERR_REDIRECT] 
2026-08-10 00:01:38,636 [ERROR] LogOutputStream:75 - [STDERR_REDIRECT] [Fatal Error] :1:1: Premature end of file.
2026-08-10 00:01:38,636 [ERROR] LogOutputStream:75 - [STDERR_REDIRECT] 
2026-08-10 00:01:39,631 [ERROR] LogOutputStream:75 - [STDERR_REDIRECT] [Fatal Error] :1:1: Premature end of file.
2026-08-10 00:01:39,631 [ERROR] LogOutputStream:75 - [STDERR_REDIRECT] 
2026-08-10 00:01:40,633 [ERROR] LogOutputStream:75 - [STDERR_REDIRECT] [Fatal Error] :1:1: Premature end of file.
2026-08-10 00:01:40,633 [ERROR] LogOutputStream:75 - [STDERR_REDIRECT] 
2026-08-10 00:01:41,632 [ERROR] LogOutputStream:75 - [STDERR_REDIRECT] [Fatal Error] :1:1: Premature end of file.
2026-08-10 00:01:41,632 [ERROR] LogOutputStream:75 - [STDERR_REDIRECT] 
2026-08-10 00:01:42,635 [ERROR] LogOutputStream:75 - [STDERR_REDIRECT] [Fatal Error] :1:1: Premature end of file.
2026-08-10 00:01:42,635 [ERROR] LogOutputStream:75 - [STDERR_REDIRECT] 
2026-08-10 00:01:43,635 [ERROR] LogOutputStream:75 - [STDERR_REDIRECT] [Fatal Error] :1:1: Premature end of file.
2026-08-10 00:01:43,635 [ERROR] LogOutputStream:75 - [STDERR_REDIRECT] 
2026-08-10 00:01:44,636 [ERROR] LogOutputStream:75 - [STDERR_REDIRECT] [Fatal Error] :1:1: Premature end of file.
2026-08-10 00:01:44,636 [ERROR] LogOutputStream:75 - [STDERR_REDIRECT] 
2026-08-10 00:01:45,634 [ERROR] LogOutputStream:75 - [STDERR_REDIRECT] [Fatal Error] :1:1: Premature end of file.
2026-08-10 00:01:45,634 [ERROR] LogOutputStream:75 - [STDERR_REDIRECT] 
2026-08-10 00:01:46,633 [ERROR] LogOutputStream:75 - [STDERR_REDIRECT] [Fatal Error] :1:1: Premature end of file.
2026-08-10 00:01:46,633 [ERROR] LogOutputStream:75 - [STDERR_REDIRECT] 
2026-08-10 00:01:47,632 [ERROR] LogOutputStream:75 - [STDERR_REDIRECT] [Fatal Error] :1:1: Premature end of file.
2026-08-10 00:01:47,632 [ERROR] LogOutputStream:75 - [STDERR_REDIRECT] 
2026-08-10 00:01:48,637 [ERROR] LogOutputStream:75 - [STDERR_REDIRECT] [Fatal Error] :1:1: Premature end of file.
2026-08-10 00:01:48,637 [ERROR] LogOutputStream:75 - [STDERR_REDIRECT] 
2026-08-10 00:01:49,630 [ERROR] LogOutputStream:75 - [STDERR_REDIRECT] [Fatal Error] :1:1: Premature end of file.
2026-08-10 00:01:49,630 [ERROR] LogOutputStream:75 - [STDERR_REDIRECT] 
2026-08-10 00:01:50,634 [ERROR] LogOutputStream:75 - [STDERR_REDIRECT] [Fatal Error] :1:1: Premature end of file.
2026-08-10 00:01:50,634 [ERROR] LogOutputStream:75 - [STDERR_REDIRECT] 
2026-08-10 00:01:51,634 [ERROR] LogOutputStream:75 - [STDERR_REDIRECT] [Fatal Error] :1:1: Premature end of file.
2026-08-10 00:01:51,634 [ERROR] LogOutputStream:75 - [STDERR_REDIRECT] 
2026-08-10 00:01:52,635 [ERROR] LogOutputStream:75 - [STDERR_REDIRECT] [Fatal Error] :1:1: Premature end of file.
2026-08-10 00:01:52,635 [ERROR] LogOutputStream:75 - [STDERR_REDIRECT] 
2026-08-10 00:01:53,633 [ERROR] LogOutputStream:75 - [STDERR_REDIRECT] [Fatal Error] :1:1: Premature end of file.
2026-08-10 00:01:53,633 [ERROR] LogOutputStream:75 - [STDERR_REDIRECT] 
2026-08-10 00:01:54,630 [ERROR] LogOutputStream:75 - [STDERR_REDIRECT] [Fatal Error] :1:1: Premature end of file.
2026-08-10 00:01:54,630 [ERROR] LogOutputStream:75 - [STDERR_REDIRECT] 
2026-08-10 00:01:55,634 [ERROR] LogOutputStream:75 - [STDERR_REDIRECT] [Fatal Error] :1:1: Premature end of file.
2026-08-10 00:01:55,634 [ERROR] LogOutputStream:75 - [STDERR_REDIRECT] 
2026-08-10 00:01:56,636 [ERROR] LogOutputStream:75 - [STDERR_REDIRECT] [Fatal Error] :1:1: Premature end of file.
2026-08-10 00:01:56,636 [ERROR] LogOutputStream:75 - [STDERR_REDIRECT] 
2026-08-10 00:01:57,634 [ERROR] LogOutputStream:75 - [STDERR_REDIRECT] [Fatal Error] :1:1: Premature end of file.
2026-08-10 00:01:57,634 [ERROR] LogOutputStream:75 - [STDERR_REDIRECT] 
2026-08-10 00:01:58,635 [ERROR] LogOutputStream:75 - [STDERR_REDIRECT] [Fatal Error] :1:1: Premature end of file.
2026-08-10 00:01:58,635 [ERROR] LogOutputStream:75 - [STDERR_REDIRECT] 
2026-08-10 00:01:59,633 [ERROR] LogOutputStream:75 - [STDERR_REDIRECT] [Fatal Error] :1:1: Premature end of file.
2026-08-10 00:01:59,633 [ERROR] LogOutputStream:75 - [STDERR_REDIRECT] 
2026-08-10 00:02:00,634 [ERROR] LogOutputStream:75 - [STDERR_REDIRECT] [Fatal Error] :1:1: Premature end of file.
2026-08-10 00:02:00,634 [ERROR] LogOutputStream:75 - [STDERR_REDIRECT] 
2026-08-10 00:02:01,637 [ERROR] LogOutputStream:75 - [STDERR_REDIRECT] [Fatal Error] :1:1: Premature end of file.
2026-08-10 00:02:01,638 [ERROR] LogOutputStream:75 - [STDERR_REDIRECT] 
2026-08-10 00:02:02,635 [ERROR] LogOutputStream:75 - [STDERR_REDIRECT] [Fatal Error] :1:1: Premature end of file.
2026-08-10 00:02:02,635 [ERROR] LogOutputStream:75 - [STDERR_REDIRECT] 
2026-08-10 00:02:03,634 [ERROR] LogOutputStream:75 - [STDERR_REDIRECT] [Fatal Error] :1:1: Premature end of file.
2026-08-10 00:02:03,634 [ERROR] LogOutputStream:75 - [STDERR_REDIRECT] 
2026-08-10 00:02:04,636 [ERROR] LogOutputStream:75 - [STDERR_REDIRECT] [Fatal Error] :1:1: Premature end of file.
2026-08-10 00:02:04,636 [ERROR] LogOutputStream:75 - [STDERR_REDIRECT] 
2026-08-10 00:02:05,632 [ERROR] LogOutputStream:75 - [STDERR_REDIRECT] [Fatal Error] :1:1: Premature end of file.
2026-08-10 00:02:05,632 [ERROR] LogOutputStream:75 - [STDERR_REDIRECT] 
2026-08-10 00:02:06,637 [ERROR] LogOutputStream:75 - [STDERR_REDIRECT] [Fatal Error] :1:1: Premature end of file.
2026-08-10 00:02:06,638 [ERROR] LogOutputStream:75 - [STDERR_REDIRECT] 
2026-08-10 00:02:07,635 [ERROR] LogOutputStream:75 - [STDERR_REDIRECT] [Fatal Error] :1:1: Premature end of file.
2026-08-10 00:02:07,635 [ERROR] LogOutputStream:75 - [STDERR_REDIRECT] 
2026-08-10 00:02:08,631 [ERROR] LogOutputStream:75 - [STDERR_REDIRECT] [Fatal Error] :1:1: Premature end of file.
2026-08-10 00:02:08,631 [ERROR] LogOutputStream:75 - [STDERR_REDIRECT] 
2026-08-10 00:02:09,634 [ERROR] LogOutputStream:75 - [STDERR_REDIRECT] [Fatal Error] :1:1: Premature end of file.
2026-08-10 00:02:09,634 [ERROR] LogOutputStream:75 - [STDERR_REDIRECT] 
2026-08-10 00:02:10,633 [ERROR] LogOutputStream:75 - [STDERR_REDIRECT] [Fatal Error] :1:1: Premature end of file.
2026-08-10 00:02:10,634 [ERROR] LogOutputStream:75 - [STDERR_REDIRECT] 
2026-08-10 00:02:11,630 [ERROR] LogOutputStream:75 - [STDERR_REDIRECT] [Fatal Error] :1:1: Premature end of file.
2026-08-10 00:02:11,630 [ERROR] LogOutputStream:75 - [STDERR_REDIRECT] 
2026-08-10 00:02:12,634 [ERROR] LogOutputStream:75 - [STDERR_REDIRECT] [Fatal Error] :1:1: Premature end of file.
2026-08-10 00:02:12,634 [ERROR] LogOutputStream:75 - [STDERR_REDIRECT] 
2026-08-10 00:02:13,637 [ERROR] LogOutputStream:75 - [STDERR_REDIRECT] [Fatal Error] :1:1: Premature end of file.
2026-08-10 00:02:13,638 [ERROR] LogOutputStream:75 - [STDERR_REDIRECT] 
2026-08-10 00:02:14,634 [ERROR] LogOutputStream:75 - [STDERR_REDIRECT] [Fatal Error] :1:1: Premature end of file.
2026-08-10 00:02:14,635 [ERROR] LogOutputStream:75 - [STDERR_REDIRECT] 
2026-08-10 00:02:15,639 [ERROR] LogOutputStream:75 - [STDERR_REDIRECT] [Fatal Error] :1:1: Premature end of file.
2026-08-10 00:02:15,640 [ERROR] LogOutputStream:75 - [STDERR_REDIRECT] 
2026-08-10 00:02:16,633 [ERROR] LogOutputStream:75 - [STDERR_REDIRECT] [Fatal Error] :1:1: Premature end of file.
2026-08-10 00:02:16,634 [ERROR] LogOutputStream:75 - [STDERR_REDIRECT] 
2026-08-10 00:02:17,632 [ERROR] LogOutputStream:75 - [STDERR_REDIRECT] [Fatal Error] :1:1: Premature end of file.
2026-08-10 00:02:17,632 [ERROR] LogOutputStream:75 - [STDERR_REDIRECT] 
2026-08-10 00:02:18,640 [ERROR] LogOutputStream:75 - [STDERR_REDIRECT] [Fatal Error] :1:1: Premature end of file.
2026-08-10 00:02:18,640 [ERROR] LogOutputStream:75 - [STDERR_REDIRECT] 
2026-08-10 00:02:19,633 [ERROR] LogOutputStream:75 - [STDERR_REDIRECT] [Fatal Error] :1:1: Premature end of file.
2026-08-10 00:02:19,633 [ERROR] LogOutputStream:75 - [STDERR_REDIRECT] 
2026-08-10 00:02:20,636 [ERROR] LogOutputStream:75 - [STDERR_REDIRECT] [Fatal Error] :1:1: Premature end of file.
2026-08-10 00:02:20,636 [ERROR] LogOutputStream:75 - [STDERR_REDIRECT] 
2026-08-10 00:02:21,637 [ERROR] LogOutputStream:75 - [STDERR_REDIRECT] [Fatal Error] :1:1: Premature end of file.
2026-08-10 00:02:21,637 [ERROR] LogOutputStream:75 - [STDERR_REDIRECT] 
2026-08-10 00:02:22,636 [ERROR] LogOutputStream:75 - [STDERR_REDIRECT] [Fatal Error] :1:1: Premature end of file.
2026-08-10 00:02:22,636 [ERROR] LogOutputStream:75 - [STDERR_REDIRECT] 
2026-08-10 00:02:23,639 [ERROR] LogOutputStream:75 - [STDERR_REDIRECT] [Fatal Error] :1:1: Premature end of file.
2026-08-10 00:02:23,639 [ERROR] LogOutputStream:75 - [STDERR_REDIRECT] 
2026-08-10 00:02:24,636 [ERROR] LogOutputStream:75 - [STDERR_REDIRECT] [Fatal Error] :1:1: Premature end of file.
2026-08-10 00:02:24,636 [ERROR] LogOutputStream:75 - [STDERR_REDIRECT] 
2026-08-10 00:02:25,638 [ERROR] LogOutputStream:75 - [STDERR_REDIRECT] [Fatal Error] :1:1: Premature end of file.
2026-08-10 00:02:25,638 [ERROR] LogOutputStream:75 - [STDERR_REDIRECT] 
2026-08-10 00:02:26,636 [ERROR] LogOutputStream:75 - [STDERR_REDIRECT] [Fatal Error] :1:1: Premature end of file.
2026-08-10 00:02:26,636 [ERROR] LogOutputStream:75 - [STDERR_REDIRECT] 
2026-08-10 00:02:27,593 [ERROR] LogOutputStream:75 - [STDERR_REDIRECT] 
2026-08-10 00:02:47,829 [INFO] Activator:176 - 


2026-08-10 00:02:47,845 [INFO] Activator:177 - !SESSION log4j initialized
2026-08-10 00:02:53,133 [INFO] LogOutputStream:77 - [STDOUT_REDIRECT] 
2026-08-10 00:02:58,935 [INFO] ApplicationProperties:184 - Using Application install path: C:\ST\STM32CubeIDE_1.15.1\STM32CubeIDE\plugins\com.st.stm32cube.common.mx_6.11.1.202404110753
2026-08-10 00:02:58,949 [INFO] DbMcusXml:78 - Set database path to: C:\ST\STM32CubeIDE_1.15.1\STM32CubeIDE\plugins\com.st.stm32cube.common.mx_6.11.1.202404110753\\db\/mcu/
2026-08-10 00:02:58,949 [INFO] ApiDb:274 - Set plugin database path to: C:\ST\STM32CubeIDE_1.15.1\STM32CubeIDE\plugins\com.st.stm32cube.common.mx_6.11.1.202404110753\\db\/plugins/boardmanager/
2026-08-10 00:02:58,949 [WARN] ApiDb:259 - Overriding images path with different value:  => C:\ST\STM32CubeIDE_1.15.1\STM32CubeIDE\plugins\com.st.stm32cube.common.mx_6.11.1.202404110753\\db\/plugins/mcufinder/images/
2026-08-10 00:02:58,954 [INFO] ApiDb:250 - Set database path to: C:\Users\dryem.EMRE\.stmcufinder\plugins\mcufinder//mcu/
2026-08-10 00:02:58,955 [INFO] DbMcusAds:125 - Set database path to: C:\Users\dryem.EMRE\.stmcufinder\plugins\mcufinder//mcu/
2026-08-10 00:02:58,957 [INFO] CrossReferenceDbSqlite:203 - Set database path to: C:\Users\dryem.EMRE\.stmcufinder\plugins\mcufinder//mcu/cs/
2026-08-10 00:02:59,039 [INFO] RulesReader:64 - Compatibility file has been processed (297 Rules)
2026-08-10 00:02:59,115 [INFO] DbMcusXml:78 - Set database path to: C:\ST\STM32CubeIDE_1.15.1\STM32CubeIDE\plugins\com.st.stm32cube.common.mx_6.11.1.202404110753\\db\/mcu/
2026-08-10 00:02:59,115 [INFO] ApiDb:274 - Set plugin database path to: C:\ST\STM32CubeIDE_1.15.1\STM32CubeIDE\plugins\com.st.stm32cube.common.mx_6.11.1.202404110753\\db\/plugins/boardmanager/
2026-08-10 00:02:59,115 [INFO] ApiDb:261 - Set plugin images path to: C:\ST\STM32CubeIDE_1.15.1\STM32CubeIDE\plugins\com.st.stm32cube.common.mx_6.11.1.202404110753\\db\/plugins/mcufinder/images/
2026-08-10 00:02:59,115 [WARN] DbFile:41 - Overriding database path with different value: C:\Users\dryem.EMRE\.stmcufinder\plugins\mcufinder/ => C:\Users\dryem.EMRE\.stmcufinder\plugins\mcufinder
2026-08-10 00:02:59,116 [INFO] ApiDb:250 - Set database path to: C:\Users\dryem.EMRE\.stmcufinder\plugins\mcufinder//mcu/
2026-08-10 00:02:59,116 [WARN] DbFile:41 - Overriding database path with different value: C:\Users\dryem.EMRE\.stmcufinder\plugins\mcufinder/ => C:\Users\dryem.EMRE\.stmcufinder\plugins\mcufinder
2026-08-10 00:02:59,116 [INFO] DbMcusAds:125 - Set database path to: C:\Users\dryem.EMRE\.stmcufinder\plugins\mcufinder//mcu/
2026-08-10 00:02:59,116 [WARN] DbFile:41 - Overriding database path with different value: C:\Users\dryem.EMRE\.stmcufinder\plugins\mcufinder/ => C:\Users\dryem.EMRE\.stmcufinder\plugins\mcufinder
2026-08-10 00:02:59,116 [WARN] DbFile:41 - Overriding database path with different value: C:\Users\dryem.EMRE\.stmcufinder\plugins\mcufinder/ => C:\Users\dryem.EMRE\.stmcufinder\plugins\mcufinder
2026-08-10 00:02:59,116 [INFO] CrossReferenceDbSqlite:203 - Set database path to: C:\Users\dryem.EMRE\.stmcufinder\plugins\mcufinder//mcu/cs/
2026-08-10 00:02:59,181 [INFO] MainPanel:264 - HeapMemory: 268435456
2026-08-10 00:02:59,240 [INFO] DbMcusXml:78 - Set database path to: C:\ST\STM32CubeIDE_1.15.1\STM32CubeIDE\plugins\com.st.stm32cube.common.mx_6.11.1.202404110753\\db\/mcu/
2026-08-10 00:02:59,240 [INFO] ApiDb:274 - Set plugin database path to: C:\ST\STM32CubeIDE_1.15.1\STM32CubeIDE\plugins\com.st.stm32cube.common.mx_6.11.1.202404110753\\db\/plugins/boardmanager/
2026-08-10 00:02:59,240 [INFO] ApiDb:261 - Set plugin images path to: C:\ST\STM32CubeIDE_1.15.1\STM32CubeIDE\plugins\com.st.stm32cube.common.mx_6.11.1.202404110753\\db\/plugins/mcufinder/images/
2026-08-10 00:02:59,241 [WARN] DbFile:41 - Overriding database path with different value: C:\Users\dryem.EMRE\.stmcufinder\plugins\mcufinder/ => C:\Users\dryem.EMRE\.stmcufinder\plugins\mcufinder
2026-08-10 00:02:59,241 [INFO] ApiDb:250 - Set database path to: C:\Users\dryem.EMRE\.stmcufinder\plugins\mcufinder//mcu/
2026-08-10 00:02:59,241 [WARN] DbFile:41 - Overriding database path with different value: C:\Users\dryem.EMRE\.stmcufinder\plugins\mcufinder/ => C:\Users\dryem.EMRE\.stmcufinder\plugins\mcufinder
2026-08-10 00:02:59,241 [INFO] DbMcusAds:125 - Set database path to: C:\Users\dryem.EMRE\.stmcufinder\plugins\mcufinder//mcu/
2026-08-10 00:02:59,241 [WARN] DbFile:41 - Overriding database path with different value: C:\Users\dryem.EMRE\.stmcufinder\plugins\mcufinder/ => C:\Users\dryem.EMRE\.stmcufinder\plugins\mcufinder
2026-08-10 00:02:59,241 [WARN] DbFile:41 - Overriding database path with different value: C:\Users\dryem.EMRE\.stmcufinder\plugins\mcufinder/ => C:\Users\dryem.EMRE\.stmcufinder\plugins\mcufinder
2026-08-10 00:02:59,241 [INFO] CrossReferenceDbSqlite:203 - Set database path to: C:\Users\dryem.EMRE\.stmcufinder\plugins\mcufinder//mcu/cs/
2026-08-10 00:02:59,258 [INFO] ApplicationProperties:184 - Using Application install path: C:\ST\STM32CubeIDE_1.15.1\STM32CubeIDE\plugins\com.st.stm32cube.common.mx_6.11.1.202404110753
2026-08-10 00:02:59,259 [INFO] PluginManage:196 - Search for loadable plugins [exclusion list=, ]
2026-08-10 00:02:59,260 [INFO] PluginManage:310 - Check plugin analytics
2026-08-10 00:03:04,369 [INFO] AnalyticsPlugin:253 - Accepted Software Licenses: STM32CubeMX.6.18.0
2026-08-10 00:03:04,369 [INFO] AnalyticsPlugin:255 - Accepted CMSIS Pack Licenses: 
2026-08-10 00:03:04,369 [INFO] AnalyticsPlugin:257 - Accepted Firmware Licenses: FW.F4.1.28.0,FW.F4.1.28.3
2026-08-10 00:03:04,371 [INFO] PluginManage:359 - Loaded plugin analytics (category:tool,tabindex:-1)
2026-08-10 00:03:04,372 [INFO] PluginManage:310 - Check plugin cadmodel
2026-08-10 00:03:04,376 [INFO] CADModel:105 - Init CAD model plugin
2026-08-10 00:03:04,376 [INFO] PluginManage:359 - Loaded plugin cadmodel (category:power,tabindex:5)
2026-08-10 00:03:04,376 [INFO] PluginManage:310 - Check plugin clock
2026-08-10 00:03:04,383 [INFO] PluginManage:359 - Loaded plugin clock (category:base,tabindex:2)
2026-08-10 00:03:04,383 [INFO] PluginManage:310 - Check plugin ddr
2026-08-10 00:03:04,385 [INFO] PluginManage:359 - Loaded plugin ddr (category:tool,tabindex:6)
2026-08-10 00:03:04,385 [INFO] PluginManage:310 - Check plugin filemanager
2026-08-10 00:03:04,492 [INFO] PluginManage:359 - Loaded plugin filemanager (category:base,tabindex:10)
2026-08-10 00:03:04,492 [INFO] PluginManage:310 - Check plugin ipmanager
2026-08-10 00:03:04,500 [INFO] PluginManage:359 - Loaded plugin ipmanager (category:base,tabindex:5)
2026-08-10 00:03:04,500 [INFO] PluginManage:310 - Check plugin lpbam
2026-08-10 00:03:04,507 [INFO] PluginManage:359 - Loaded plugin lpbam (category:base,tabindex:0)
2026-08-10 00:03:04,507 [INFO] PluginManage:310 - Check plugin memorymap
2026-08-10 00:03:04,517 [INFO] PluginManage:359 - Loaded plugin memorymap (category:base,tabindex:4)
2026-08-10 00:03:04,517 [INFO] PluginManage:310 - Check plugin pinoutandconfiguration
2026-08-10 00:03:04,523 [INFO] PluginManage:359 - Loaded plugin pinoutandconfiguration (category:base,tabindex:1)
2026-08-10 00:03:04,523 [INFO] PluginManage:310 - Check plugin pinoutconfig
2026-08-10 00:03:04,593 [WARN] SupportedApi:132 - Cannot load RTOS API schema: s4s-elt-must-match.1: The content of 'definitions' must match (annotation?, (simpleType | complexType)?, (unique | key | keyref)*)). A problem was found starting at: attribute.
2026-08-10 00:03:04,684 [INFO] PluginManage:359 - Loaded plugin pinoutconfig (category:base,tabindex:0)
2026-08-10 00:03:04,685 [INFO] PluginManage:310 - Check plugin power
2026-08-10 00:03:04,693 [INFO] PluginManage:359 - Loaded plugin power (category:power,tabindex:4)
2026-08-10 00:03:04,693 [INFO] PluginManage:310 - Check plugin projectmanager
2026-08-10 00:03:04,709 [INFO] PluginManage:359 - Loaded plugin projectmanager (category:projectmanager,tabindex:3)
2026-08-10 00:03:04,710 [INFO] PluginManage:310 - Check plugin thirdparty
2026-08-10 00:03:04,810 [INFO] PluginManage:359 - Loaded plugin thirdparty (category:base,tabindex:-1)
2026-08-10 00:03:04,810 [INFO] PluginManage:310 - Check plugin tools
2026-08-10 00:03:04,810 [WARN] IntegrityCheckThread:84 - waiting for thirdparty lock release [integrity check]
2026-08-10 00:03:04,811 [INFO] IntegrityCheckThread:86 - entering critical section [integrity check]
2026-08-10 00:03:04,811 [INFO] ThirdPartyUpdaterWithRetryManager:70 - Updater plugin not ready yet. [1/15]
2026-08-10 00:03:04,813 [INFO] PluginManage:359 - Loaded plugin tools (category:base,tabindex:7)
2026-08-10 00:03:04,814 [INFO] PluginManage:310 - Check plugin tutovideos
2026-08-10 00:03:04,939 [INFO] PluginManage:359 - Loaded plugin tutovideos (category:base,tabindex:-1)
2026-08-10 00:03:04,939 [INFO] PluginManage:310 - Check plugin updater
2026-08-10 00:03:04,948 [INFO] PluginManage:359 - Loaded plugin updater (category:base,tabindex:12)
2026-08-10 00:03:04,948 [INFO] PluginManage:310 - Check plugin userauth
2026-08-10 00:03:04,952 [INFO] UserAuth:114 - Init User Auth plugin
2026-08-10 00:03:04,952 [INFO] PluginManage:359 - Loaded plugin userauth (category:base,tabindex:14)
2026-08-10 00:03:04,953 [INFO] PluginManage:283 - PluginManage : Loaded plugins [17]
2026-08-10 00:03:05,148 [INFO] PinOutPanel:1561 - setPackage(No Configuration,No Configuration)
2026-08-10 00:03:05,224 [INFO] CADModel:165 - CPN selected for project level
2026-08-10 00:03:05,224 [INFO] CADModel:114 - Register for checkConnection events
2026-08-10 00:03:05,239 [INFO] IPUIPlugin:80 - create IPUIPlugin
2026-08-10 00:03:05,240 [INFO] PluginManager:220 - loadIPPluginJar : add adc
2026-08-10 00:03:05,242 [INFO] IPUIPlugin:80 - create IPUIPlugin
2026-08-10 00:03:05,242 [INFO] PluginManager:220 - loadIPPluginJar : add aes
2026-08-10 00:03:05,244 [INFO] IPUIPlugin:80 - create IPUIPlugin
2026-08-10 00:03:05,245 [INFO] PluginManager:220 - loadIPPluginJar : add can
2026-08-10 00:03:05,246 [INFO] IPUIPlugin:80 - create IPUIPlugin
2026-08-10 00:03:05,246 [INFO] PluginManager:220 - loadIPPluginJar : add comp
2026-08-10 00:03:05,249 [INFO] IPUIPlugin:80 - create IPUIPlugin
2026-08-10 00:03:05,249 [INFO] PluginManager:220 - loadIPPluginJar : add cryp
2026-08-10 00:03:05,251 [INFO] IPUIPlugin:80 - create IPUIPlugin
2026-08-10 00:03:05,251 [INFO] PluginManager:220 - loadIPPluginJar : add dfsdm
2026-08-10 00:03:05,255 [INFO] IPUIPlugin:80 - create IPUIPlugin
2026-08-10 00:03:05,256 [INFO] PluginManager:220 - loadIPPluginJar : add dma
2026-08-10 00:03:05,258 [INFO] IPUIPlugin:80 - create IPUIPlugin
2026-08-10 00:03:05,258 [INFO] PluginManager:220 - loadIPPluginJar : add dma3
2026-08-10 00:03:05,260 [INFO] IPUIPlugin:80 - create IPUIPlugin
2026-08-10 00:03:05,260 [INFO] PluginManager:220 - loadIPPluginJar : add extmemmanager
2026-08-10 00:03:05,261 [INFO] IPUIPlugin:80 - create IPUIPlugin
2026-08-10 00:03:05,261 [INFO] PluginManager:220 - loadIPPluginJar : add fatfs
2026-08-10 00:03:05,264 [INFO] IPUIPlugin:80 - create IPUIPlugin
2026-08-10 00:03:05,264 [INFO] PluginManager:220 - loadIPPluginJar : add fmc
2026-08-10 00:03:05,267 [INFO] IPUIPlugin:80 - create IPUIPlugin
2026-08-10 00:03:05,268 [INFO] PluginManager:220 - loadIPPluginJar : add freertos
2026-08-10 00:03:05,269 [INFO] IPUIPlugin:80 - create IPUIPlugin
2026-08-10 00:03:05,269 [INFO] PluginManager:220 - loadIPPluginJar : add genericplugin
2026-08-10 00:03:05,271 [INFO] IPUIPlugin:80 - create IPUIPlugin
2026-08-10 00:03:05,271 [INFO] PluginManager:220 - loadIPPluginJar : add gfxmmu
2026-08-10 00:03:05,275 [INFO] IPUIPlugin:80 - create IPUIPlugin
2026-08-10 00:03:05,275 [INFO] PluginManager:220 - loadIPPluginJar : add gic
2026-08-10 00:03:05,278 [INFO] IPUIPlugin:80 - create IPUIPlugin
2026-08-10 00:03:05,278 [INFO] PluginManager:220 - loadIPPluginJar : add gpio
2026-08-10 00:03:05,280 [INFO] IPUIPlugin:80 - create IPUIPlugin
2026-08-10 00:03:05,280 [INFO] PluginManager:220 - loadIPPluginJar : add gtzc
2026-08-10 00:03:05,282 [INFO] IPUIPlugin:80 - create IPUIPlugin
2026-08-10 00:03:05,282 [INFO] PluginManager:220 - loadIPPluginJar : add hash
2026-08-10 00:03:05,284 [INFO] IPUIPlugin:80 - create IPUIPlugin
2026-08-10 00:03:05,284 [INFO] PluginManager:220 - loadIPPluginJar : add i2c
2026-08-10 00:03:05,286 [INFO] IPUIPlugin:80 - create IPUIPlugin
2026-08-10 00:03:05,286 [INFO] PluginManager:220 - loadIPPluginJar : add i2s
2026-08-10 00:03:05,287 [INFO] IPUIPlugin:80 - create IPUIPlugin
2026-08-10 00:03:05,288 [INFO] PluginManager:220 - loadIPPluginJar : add i3c
2026-08-10 00:03:05,289 [INFO] IPUIPlugin:80 - create IPUIPlugin
2026-08-10 00:03:05,290 [INFO] PluginManager:220 - loadIPPluginJar : add ipddr
2026-08-10 00:03:05,295 [INFO] IPUIPlugin:80 - create IPUIPlugin
2026-08-10 00:03:05,295 [INFO] PluginManager:220 - loadIPPluginJar : add linkedlist
2026-08-10 00:03:05,297 [INFO] IPUIPlugin:80 - create IPUIPlugin
2026-08-10 00:03:05,297 [INFO] PluginManager:220 - loadIPPluginJar : add lorawan
2026-08-10 00:03:05,298 [INFO] IPUIPlugin:80 - create IPUIPlugin
2026-08-10 00:03:05,298 [INFO] PluginManager:220 - loadIPPluginJar : add ltdc
2026-08-10 00:03:05,303 [INFO] IPUIPlugin:80 - create IPUIPlugin
2026-08-10 00:03:05,303 [INFO] PluginManager:220 - loadIPPluginJar : add mdma
2026-08-10 00:03:05,305 [INFO] IPUIPlugin:80 - create IPUIPlugin
2026-08-10 00:03:05,305 [INFO] PluginManager:220 - loadIPPluginJar : add nvic
2026-08-10 00:03:05,307 [INFO] IPUIPlugin:80 - create IPUIPlugin
2026-08-10 00:03:05,308 [INFO] PluginManager:220 - loadIPPluginJar : add opamp
2026-08-10 00:03:05,310 [INFO] IPUIPlugin:80 - create IPUIPlugin
2026-08-10 00:03:05,311 [INFO] PluginManager:220 - loadIPPluginJar : add openamp
2026-08-10 00:03:05,313 [INFO] IPUIPlugin:80 - create IPUIPlugin
2026-08-10 00:03:05,313 [INFO] PluginManager:220 - loadIPPluginJar : add pdm2pcm
2026-08-10 00:03:05,317 [INFO] IPUIPlugin:80 - create IPUIPlugin
2026-08-10 00:03:05,318 [INFO] PluginManager:220 - loadIPPluginJar : add plateformsettings
2026-08-10 00:03:05,320 [INFO] IPUIPlugin:80 - create IPUIPlugin
2026-08-10 00:03:05,320 [INFO] PluginManager:220 - loadIPPluginJar : add quadspi
2026-08-10 00:03:05,323 [INFO] IPUIPlugin:80 - create IPUIPlugin
2026-08-10 00:03:05,323 [INFO] PluginManager:220 - loadIPPluginJar : add resmgrutility
2026-08-10 00:03:05,326 [INFO] IPUIPlugin:80 - create IPUIPlugin
2026-08-10 00:03:05,326 [INFO] PluginManager:220 - loadIPPluginJar : add sai
2026-08-10 00:03:05,328 [INFO] IPUIPlugin:80 - create IPUIPlugin
2026-08-10 00:03:05,328 [INFO] PluginManager:220 - loadIPPluginJar : add spi
2026-08-10 00:03:05,332 [INFO] IPUIPlugin:80 - create IPUIPlugin
2026-08-10 00:03:05,333 [INFO] PluginManager:220 - loadIPPluginJar : add stm32_wpan
2026-08-10 00:03:05,334 [INFO] IPUIPlugin:80 - create IPUIPlugin
2026-08-10 00:03:05,334 [INFO] PluginManager:220 - loadIPPluginJar : add tim
2026-08-10 00:03:05,336 [INFO] IPUIPlugin:80 - create IPUIPlugin
2026-08-10 00:03:05,337 [INFO] PluginManager:220 - loadIPPluginJar : add touchsensing
2026-08-10 00:03:05,340 [INFO] IPUIPlugin:80 - create IPUIPlugin
2026-08-10 00:03:05,340 [INFO] PluginManager:220 - loadIPPluginJar : add tracer_emb
2026-08-10 00:03:05,342 [INFO] IPUIPlugin:80 - create IPUIPlugin
2026-08-10 00:03:05,342 [INFO] PluginManager:220 - loadIPPluginJar : add ts
2026-08-10 00:03:05,343 [INFO] IPUIPlugin:80 - create IPUIPlugin
2026-08-10 00:03:05,343 [INFO] PluginManager:220 - loadIPPluginJar : add tsc
2026-08-10 00:03:05,345 [INFO] IPUIPlugin:80 - create IPUIPlugin
2026-08-10 00:03:05,345 [INFO] PluginManager:220 - loadIPPluginJar : add ucpd
2026-08-10 00:03:05,347 [INFO] IPUIPlugin:80 - create IPUIPlugin
2026-08-10 00:03:05,347 [INFO] PluginManager:220 - loadIPPluginJar : add usart
2026-08-10 00:03:05,350 [INFO] IPUIPlugin:80 - create IPUIPlugin
2026-08-10 00:03:05,350 [INFO] PluginManager:220 - loadIPPluginJar : add usbx
2026-08-10 00:03:05,480 [INFO] CADModel:165 - CPN selected for project level
2026-08-10 00:03:05,480 [INFO] CADModel:114 - Register for checkConnection events
2026-08-10 00:03:05,480 [FATAL] Updater:308 - Updater called before beeing initialized
2026-08-10 00:03:05,480 [ERROR] CADModel:125 - Updater not yet initialized, retry later 
2026-08-10 00:03:05,592 [INFO] CADModel:165 - CPN selected for project level
2026-08-10 00:03:05,592 [INFO] CADModel:114 - Register for checkConnection events
2026-08-10 00:03:05,592 [FATAL] Updater:308 - Updater called before beeing initialized
2026-08-10 00:03:05,592 [ERROR] CADModel:125 - Updater not yet initialized, retry later 
2026-08-10 00:03:05,596 [FATAL] Updater:308 - Updater called before beeing initialized
2026-08-10 00:03:05,690 [FATAL] Updater:308 - Updater called before beeing initialized
2026-08-10 00:03:05,693 [INFO] DbMcusAds:53 - JSON generation date=Wed Jul 15 12:44:54 TRT 2026 (1784108694001)
2026-08-10 00:03:05,694 [FATAL] Updater:308 - Updater called before beeing initialized
2026-08-10 00:03:05,721 [WARN] DetailPanel:346 - Failed to get advertising image, set to default
2026-08-10 00:03:05,812 [FATAL] Updater:308 - Updater called before beeing initialized
2026-08-10 00:03:05,813 [FATAL] Updater:308 - Updater called before beeing initialized
2026-08-10 00:03:05,813 [FATAL] Updater:308 - Updater called before beeing initialized
2026-08-10 00:03:05,813 [WARN] DetailPanel:346 - Failed to get advertising image, set to default
2026-08-10 00:03:05,814 [FATAL] Updater:308 - Updater called before beeing initialized
2026-08-10 00:03:05,856 [ERROR] Updater:1120 - MainUpdater not yet initialized. External WinMGr cannot be set.
2026-08-10 00:03:05,859 [INFO] Updater:1056 - Updater Version found : 6.11.1
2026-08-10 00:03:05,877 [INFO] ApplicationProperties:184 - Using Application install path: C:\ST\STM32CubeIDE_1.15.1\STM32CubeIDE\plugins\com.st.stm32cube.common.mx_6.11.1.202404110753
2026-08-10 00:03:07,497 [ERROR] LogOutputStream:75 - [STDERR_REDIRECT] Aug 10, 2026 12:03:07 AM java.util.prefs.WindowsPreferences <init>
2026-08-10 00:03:07,500 [ERROR] LogOutputStream:75 - [STDERR_REDIRECT] WARNING: Could not open/create prefs root node Software\JavaSoft\Prefs at root 0xffffffff80000002. Windows RegCreateKeyEx(...) returned error code 5.
2026-08-10 00:03:07,500 [ERROR] LogOutputStream:75 - [STDERR_REDIRECT] 
2026-08-10 00:03:07,821 [INFO] ThirdPartyUpdaterWithRetryManager:70 - Updater plugin not ready yet. [2/15]
2026-08-10 00:03:08,074 [INFO] MainUpdater:2873 - connection check result : 10
2026-08-10 00:03:08,074 [INFO] MainUpdater:290 - Updater Check For Update Now.
2026-08-10 00:03:08,075 [INFO] MicroXplorer:498 - Change Database Version : DB.6.0.111
2026-08-10 00:03:08,080 [INFO] McuFinderGlobals:63 - Set McuFinder mode to 2 (CubeIDE integrated)
2026-08-10 00:03:08,081 [INFO] UserAuth:179 - activating auth plugin
2026-08-10 00:03:08,084 [INFO] UserAuth:415 - Internet connection configuration mode: 1
2026-08-10 00:03:08,102 [INFO] JxBrowserEngine:152 - Initiate JxBrowser Engine with user profile folder
2026-08-10 00:03:08,267 [INFO] CheckServerUpdateThread:120 - End of CheckServer Thread
2026-08-10 00:03:08,679 [INFO] WebApp:161 - Instantiating new browser for Auth
2026-08-10 00:03:09,233 [INFO] WebApp:779 - Register for checkConnection events
2026-08-10 00:03:09,233 [INFO] WebApp:414 - Apply proxy settings
2026-08-10 00:03:09,233 [INFO] WebApp:499 - Chromium requires no authentication
2026-08-10 00:03:09,239 [INFO] WebApp:442 - Direct internet connection detected
2026-08-10 00:03:09,382 [INFO] WebApp:192 - Starting web application
2026-08-10 00:03:09,383 [INFO] WebApp:544 - Web application path used C:\ST\STM32CubeIDE_1.15.1\STM32CubeIDE\plugins\com.st.stm32cube.common.mx_6.11.1.202404110753\db\plugins\mcufinder\reactClient1\index.html
2026-08-10 00:03:09,584 [ERROR] LogOutputStream:75 - [STDERR_REDIRECT] [Fatal Error] :1:1: Premature end of file.
2026-08-10 00:03:09,584 [ERROR] LogOutputStream:75 - [STDERR_REDIRECT] 
2026-08-10 00:03:10,565 [ERROR] LogOutputStream:75 - [STDERR_REDIRECT] [Fatal Error] :1:1: Premature end of file.
2026-08-10 00:03:10,565 [ERROR] LogOutputStream:75 - [STDERR_REDIRECT] 
2026-08-10 00:03:11,160 [WARN] PackLoader:240 - Cannot read IP mode file for STMicroelectronics.X-CUBE-AZRTOS-H7.3.5.0
2026-08-10 00:03:11,175 [WARN] PackLoader:240 - Cannot read IP mode file for STMicroelectronics.FP-ATR-ASTRA1.2.0.3
2026-08-10 00:03:11,178 [WARN] PackLoader:240 - Cannot read IP mode file for STMicroelectronics.FP-ATR-ASTRA1.2.0.2
2026-08-10 00:03:11,187 [ERROR] Engine:466 - C:\Users\dryem.EMRE\.stm32cubemx\thirdparties\pdsc\STMicroelectronics.X-CUBE-SMBUS.2.1.1.pdsc: PDSC version is not supported
2026-08-10 00:03:11,208 [WARN] PackLoader:240 - Cannot read IP mode file for STMicroelectronics.X-CUBE-AZRTOS-F7.1.1.0
2026-08-10 00:03:11,214 [ERROR] Engine:466 - C:\Users\dryem.EMRE\.stm32cubemx\thirdparties\pdsc\STMicroelectronics.X-CUBE-FREERTOS.1.6.0.pdsc: PDSC version is not supported
2026-08-10 00:03:11,216 [ERROR] Engine:466 - C:\Users\dryem.EMRE\.stm32cubemx\thirdparties\pdsc\STMicroelectronics.FP-SNS-MOTENV1.5.1.0.pdsc: PDSC version is not supported
2026-08-10 00:03:11,238 [WARN] PackLoader:240 - Cannot read IP mode file for STMicroelectronics.X-CUBE-AZRTOS-H7RS.1.3.0
2026-08-10 00:03:11,246 [ERROR] Engine:466 - C:\Users\dryem.EMRE\.stm32cubemx\thirdparties\pdsc\WES.I-CUBE-Cesium.1.4.0.pdsc: PDSC version is not supported
2026-08-10 00:03:11,256 [WARN] PackLoader:240 - Cannot read IP mode file for STMicroelectronics.X-CUBE-DISPLAY.3.0.0
2026-08-10 00:03:11,268 [WARN] PackLoader:240 - Cannot read IP mode file for STMicroelectronics.X-CUBE-GNSS1.7.1.1
2026-08-10 00:03:11,271 [ERROR] Engine:466 - C:\Users\dryem.EMRE\.stm32cubemx\thirdparties\pdsc\STMicroelectronics.FP-SNS-MOTENVWB1.1.5.0.pdsc: PDSC version is not supported
2026-08-10 00:03:11,276 [WARN] PackLoader:240 - Cannot read IP mode file for wolfSSL.I-CUBE-wolfSSL.5.9.1
2026-08-10 00:03:11,282 [WARN] PackLoader:240 - Cannot read IP mode file for STMicroelectronics.X-CUBE-NFC10.1.0.0
2026-08-10 00:03:11,286 [ERROR] Engine:466 - C:\Users\dryem.EMRE\.stm32cubemx\thirdparties\pdsc\STMicroelectronics.X-CUBE-ST60.1.1.0.pdsc: PDSC version is not supported
2026-08-10 00:03:11,291 [WARN] PackLoader:240 - Cannot read IP mode file for emotas.I-CUBE-CANOPEN.1.3.0
2026-08-10 00:03:11,296 [WARN] PackLoader:240 - Cannot read IP mode file for wolfSSL.I-CUBE-wolfSSL.5.9.2
2026-08-10 00:03:11,298 [ERROR] Engine:466 - C:\Users\dryem.EMRE\.stm32cubemx\thirdparties\pdsc\STMicroelectronics.X-CUBE-WBA.1.1.0.pdsc: PDSC version is not supported
2026-08-10 00:03:11,302 [ERROR] Engine:466 - C:\Users\dryem.EMRE\.stm32cubemx\thirdparties\pdsc\STMicroelectronics.FP-SNS-STBOX1.2.1.0.pdsc: PDSC version is not supported
2026-08-10 00:03:11,306 [WARN] PackLoader:240 - Cannot read IP mode file for STMicroelectronics.FP-SNS-SMARTAG2.1.2.0
2026-08-10 00:03:11,309 [ERROR] Engine:466 - C:\Users\dryem.EMRE\.stm32cubemx\thirdparties\pdsc\STMicroelectronics.FP-SNS-FLIGHT1.5.1.0.pdsc: PDSC version is not supported
2026-08-10 00:03:11,317 [INFO] LogOutputStream:77 - [STDOUT_REDIRECT] 1 : Invalid condition id : UX_CORESTACK_Condition cause : null
2026-08-10 00:03:11,318 [INFO] LogOutputStream:77 - [STDOUT_REDIRECT] 1 : Invalid condition id : UX_CORESTACK_Condition cause : null
2026-08-10 00:03:11,319 [INFO] LogOutputStream:77 - [STDOUT_REDIRECT] 1 : Invalid condition id : UX_CORESTACK_Condition cause : null
2026-08-10 00:03:11,320 [INFO] LogOutputStream:77 - [STDOUT_REDIRECT] 1 : Invalid condition id : UX_CORESTACK_Condition cause : null
2026-08-10 00:03:11,322 [INFO] LogOutputStream:77 - [STDOUT_REDIRECT] 1 : Invalid condition id : UX_CORESTACK_Condition cause : null
2026-08-10 00:03:11,324 [WARN] PackLoader:240 - Cannot read IP mode file for STMicroelectronics.X-CUBE-AZRTOS-WL.2.0.0
2026-08-10 00:03:11,330 [WARN] PackLoader:240 - Cannot read IP mode file for STMicroelectronics.X-CUBE-BLE2.3.3.0
2026-08-10 00:03:11,332 [ERROR] Engine:466 - C:\Users\dryem.EMRE\.stm32cubemx\thirdparties\pdsc\Avnet-IOTCONNECT.X-CUBE-iotc-st67-sdk.1.0.0.pdsc: PDSC version is not supported
2026-08-10 00:03:11,349 [WARN] PackLoader:240 - Cannot read IP mode file for Infineon.AIROC-Wi-Fi-Bluetooth-STM32.1.8.0
2026-08-10 00:03:11,358 [WARN] PackLoader:240 - Cannot read IP mode file for STMicroelectronics.X-CUBE-NFC9.1.0.0
2026-08-10 00:03:11,364 [WARN] PackLoader:240 - Cannot read IP mode file for STMicroelectronics.X-CUBE-BLE1.7.1.0
2026-08-10 00:03:11,367 [WARN] PackLoader:240 - Cannot read IP mode file for wolfSSL.I-CUBE-wolfMQTT.1.19.2
2026-08-10 00:03:11,373 [WARN] PackLoader:240 - Cannot read IP mode file for STMicroelectronics.X-CUBE-EEPRMA1.5.2.0
2026-08-10 00:03:11,376 [ERROR] Engine:466 - C:\Users\dryem.EMRE\.stm32cubemx\thirdparties\pdsc\STMicroelectronics.FP-SNS-STAIOTCFT.1.1.0.pdsc: PDSC version is not supported
2026-08-10 00:03:11,389 [WARN] PackLoader:240 - Cannot read IP mode file for STMicroelectronics.X-CUBE-AZRTOS-G0.1.1.0
2026-08-10 00:03:11,396 [WARN] PackLoader:240 - Cannot read IP mode file for STMicroelectronics.X-CUBE-NFC4.3.0.0
2026-08-10 00:03:11,404 [WARN] PackLoader:240 - Cannot read IP mode file for EmbeddedOffice.I-CUBE-FS-RTOS.1.0.1
2026-08-10 00:03:11,405 [ERROR] ConditionMgr:805 - Attr not supported : Dmpu
2026-08-10 00:03:11,405 [ERROR] ConditionMgr:805 - Attr not supported : Dmpu
2026-08-10 00:03:11,405 [ERROR] ConditionMgr:805 - Attr not supported : Dmpu
2026-08-10 00:03:11,405 [ERROR] ConditionMgr:805 - Attr not supported : Dmpu
2026-08-10 00:03:11,405 [ERROR] ConditionMgr:805 - Attr not supported : Dmpu
2026-08-10 00:03:11,405 [ERROR] ConditionMgr:805 - Attr not supported : Dmpu
2026-08-10 00:03:11,405 [ERROR] ConditionMgr:805 - Attr not supported : Dmpu
2026-08-10 00:03:11,406 [ERROR] ConditionMgr:805 - Attr not supported : Dmpu
2026-08-10 00:03:11,406 [ERROR] ConditionMgr:805 - Attr not supported : Dmpu
2026-08-10 00:03:11,406 [ERROR] ConditionMgr:805 - Attr not supported : Dmpu
2026-08-10 00:03:11,406 [ERROR] ConditionMgr:805 - Attr not supported : Dmpu
2026-08-10 00:03:11,406 [ERROR] ConditionMgr:805 - Attr not supported : Dmpu
2026-08-10 00:03:11,406 [ERROR] ConditionMgr:805 - Attr not supported : Dmpu
2026-08-10 00:03:11,406 [ERROR] ConditionMgr:805 - Attr not supported : Dmpu
2026-08-10 00:03:11,406 [ERROR] ConditionMgr:805 - Attr not supported : Dmpu
2026-08-10 00:03:11,406 [ERROR] ConditionMgr:805 - Attr not supported : Dmpu
2026-08-10 00:03:11,406 [ERROR] ConditionMgr:805 - Attr not supported : Dmpu
2026-08-10 00:03:11,406 [ERROR] ConditionMgr:805 - Attr not supported : Dmpu
2026-08-10 00:03:11,407 [ERROR] ConditionMgr:805 - Attr not supported : Dmpu
2026-08-10 00:03:11,407 [ERROR] ConditionMgr:805 - Attr not supported : Dmpu
2026-08-10 00:03:11,407 [ERROR] ConditionMgr:805 - Attr not supported : Dmpu
2026-08-10 00:03:11,407 [ERROR] ConditionMgr:805 - Attr not supported : Dmpu
2026-08-10 00:03:11,407 [ERROR] ConditionMgr:805 - Attr not supported : Dmpu
2026-08-10 00:03:11,407 [ERROR] ConditionMgr:805 - Attr not supported : Dmpu
2026-08-10 00:03:11,407 [ERROR] ConditionMgr:805 - Attr not supported : Dmpu
2026-08-10 00:03:11,407 [ERROR] ConditionMgr:805 - Attr not supported : Dmpu
2026-08-10 00:03:11,408 [ERROR] ConditionMgr:805 - Attr not supported : Dmpu
2026-08-10 00:03:11,408 [ERROR] ConditionMgr:805 - Attr not supported : Dmpu
2026-08-10 00:03:11,408 [ERROR] ConditionMgr:805 - Attr not supported : Dmpu
2026-08-10 00:03:11,408 [ERROR] ConditionMgr:805 - Attr not supported : Dmpu
2026-08-10 00:03:11,408 [ERROR] ConditionMgr:805 - Attr not supported : Dmpu
2026-08-10 00:03:11,408 [ERROR] ConditionMgr:805 - Attr not supported : Dmpu
2026-08-10 00:03:11,408 [ERROR] ConditionMgr:805 - Attr not supported : Dmpu
2026-08-10 00:03:11,408 [ERROR] ConditionMgr:805 - Attr not supported : Dmpu
2026-08-10 00:03:11,408 [ERROR] ConditionMgr:805 - Attr not supported : Dmpu
2026-08-10 00:03:11,408 [ERROR] ConditionMgr:805 - Attr not supported : Dmpu
2026-08-10 00:03:11,408 [ERROR] ConditionMgr:805 - Attr not supported : Dmpu
2026-08-10 00:03:11,408 [ERROR] ConditionMgr:805 - Attr not supported : Dmpu
2026-08-10 00:03:11,408 [ERROR] ConditionMgr:805 - Attr not supported : Dmpu
2026-08-10 00:03:11,408 [ERROR] ConditionMgr:805 - Attr not supported : Dmpu
2026-08-10 00:03:11,408 [ERROR] ConditionMgr:805 - Attr not supported : Dmpu
2026-08-10 00:03:11,409 [ERROR] ConditionMgr:805 - Attr not supported : Dmpu
2026-08-10 00:03:11,409 [ERROR] ConditionMgr:805 - Attr not supported : Dmpu
2026-08-10 00:03:11,409 [ERROR] ConditionMgr:805 - Attr not supported : Dmpu
2026-08-10 00:03:11,409 [ERROR] ConditionMgr:805 - Attr not supported : Dmpu
2026-08-10 00:03:11,409 [ERROR] ConditionMgr:805 - Attr not supported : Dmpu
2026-08-10 00:03:11,409 [ERROR] ConditionMgr:805 - Attr not supported : Dmpu
2026-08-10 00:03:11,409 [ERROR] ConditionMgr:805 - Attr not supported : Dmpu
2026-08-10 00:03:11,409 [ERROR] ConditionMgr:805 - Attr not supported : Dmpu
2026-08-10 00:03:11,409 [ERROR] ConditionMgr:805 - Attr not supported : Dmpu
2026-08-10 00:03:11,409 [ERROR] ConditionMgr:805 - Attr not supported : Dmpu
2026-08-10 00:03:11,409 [ERROR] ConditionMgr:805 - Attr not supported : Dmpu
2026-08-10 00:03:11,409 [ERROR] ConditionMgr:805 - Attr not supported : Dmpu
2026-08-10 00:03:11,409 [ERROR] ConditionMgr:805 - Attr not supported : Dmpu
2026-08-10 00:03:11,409 [ERROR] ConditionMgr:805 - Attr not supported : Dmpu
2026-08-10 00:03:11,409 [ERROR] ConditionMgr:805 - Attr not supported : Dmpu
2026-08-10 00:03:11,409 [ERROR] ConditionMgr:805 - Attr not supported : Dmpu
2026-08-10 00:03:11,410 [ERROR] ConditionMgr:805 - Attr not supported : Dmpu
2026-08-10 00:03:11,410 [ERROR] ConditionMgr:805 - Attr not supported : Dmpu
2026-08-10 00:03:11,410 [ERROR] ConditionMgr:805 - Attr not supported : Dmpu
2026-08-10 00:03:11,410 [ERROR] ConditionMgr:805 - Attr not supported : Dmpu
2026-08-10 00:03:11,410 [ERROR] ConditionMgr:805 - Attr not supported : Dmpu
2026-08-10 00:03:11,410 [ERROR] ConditionMgr:805 - Attr not supported : Dmpu
2026-08-10 00:03:11,410 [ERROR] ConditionMgr:805 - Attr not supported : Dmpu
2026-08-10 00:03:11,414 [WARN] PackLoader:240 - Cannot read IP mode file for wolfSSL.I-CUBE-wolfTPM.3.8.0
2026-08-10 00:03:11,416 [ERROR] Engine:466 - C:\Users\dryem.EMRE\.stm32cubemx\thirdparties\pdsc\STMicroelectronics.X-CUBE-TCPP.4.2.0.pdsc: PDSC version is not supported
2026-08-10 00:03:11,422 [WARN] PackLoader:240 - Cannot read IP mode file for RealThread.X-CUBE-RT-Thread_Nano.4.1.1
2026-08-10 00:03:11,427 [WARN] PackLoader:240 - Cannot read IP mode file for STMicroelectronics.FP-ATR-SIGFOX1.3.2.0
2026-08-10 00:03:11,434 [WARN] PackLoader:240 - Cannot read IP mode file for ITTIA_DB.I-CUBE-ITTIADB.8.9.0
2026-08-10 00:03:11,436 [ERROR] Engine:466 - C:\Users\dryem.EMRE\.stm32cubemx\thirdparties\pdsc\Cesanta.I-CUBE-Mongoose.7.21.7.pdsc: PDSC version is not supported
2026-08-10 00:03:11,448 [WARN] PackLoader:240 - Cannot read IP mode file for STMicroelectronics.X-CUBE-NFC6.3.2.0
2026-08-10 00:03:11,455 [WARN] PackLoader:240 - Cannot read IP mode file for STMicroelectronics.X-CUBE-AI.10.2.1
2026-08-10 00:03:11,494 [WARN] PackLoader:240 - Cannot read IP mode file for STMicroelectronics.X-CUBE-MEMS1.12.1.0
2026-08-10 00:03:11,579 [ERROR] LogOutputStream:75 - [STDERR_REDIRECT] [Fatal Error] :1:1: Premature end of file.
2026-08-10 00:03:11,580 [ERROR] LogOutputStream:75 - [STDERR_REDIRECT] 
2026-08-10 00:03:11,598 [WARN] PackLoader:240 - Cannot read IP mode file for SEGGER.I-CUBE-embOS.1.3.1
2026-08-10 00:03:11,631 [WARN] PackLoader:240 - Cannot read IP mode file for STMicroelectronics.X-CUBE-NFC13.1.0.0
2026-08-10 00:03:11,636 [WARN] PackLoader:240 - Cannot read IP mode file for STMicroelectronics.X-CUBE-PM33A1.1.0.0
2026-08-10 00:03:11,648 [WARN] PackLoader:240 - Cannot read IP mode file for STMicroelectronics.X-CUBE-AZRTOS-F4.1.1.0
2026-08-10 00:03:11,654 [WARN] PackLoader:240 - Cannot read IP mode file for STMicroelectronics.X-CUBE-ISPU.2.1.0
2026-08-10 00:03:11,659 [ERROR] Engine:466 - C:\Users\dryem.EMRE\.stm32cubemx\thirdparties\pdsc\STMicroelectronics.X-CUBE-IPS.3.2.0.pdsc: PDSC version is not supported
2026-08-10 00:03:11,661 [ERROR] Engine:466 - C:\Users\dryem.EMRE\.stm32cubemx\thirdparties\pdsc\STMicroelectronics.eDS-WB_DPC_TT-BIDIR.2.1.1.pdsc: PDSC version is not supported
2026-08-10 00:03:11,667 [WARN] PackLoader:240 - Cannot read IP mode file for STMicroelectronics.X-CUBE-NFC12.1.0.0
2026-08-10 00:03:11,681 [WARN] PackLoader:240 - Cannot read IP mode file for STMicroelectronics.X-CUBE-AZRTOS-L5.2.0.0
2026-08-10 00:03:11,689 [WARN] PackLoader:240 - Cannot read IP mode file for STMicroelectronics.X-CUBE-ALGOBUILD.1.5.0
2026-08-10 00:03:11,691 [ERROR] Engine:466 - C:\Users\dryem.EMRE\.stm32cubemx\thirdparties\pdsc\STMicroelectronics.eDS-WB_DPC_VIENNA.1.2.0.pdsc: PDSC version is not supported
2026-08-10 00:03:11,722 [WARN] PackLoader:240 - Cannot read IP mode file for STMicroelectronics.X-CUBE-MEMS1.13.0.0
2026-08-10 00:03:11,795 [ERROR] Engine:466 - C:\Users\dryem.EMRE\.stm32cubemx\thirdparties\pdsc\STMicroelectronics.eDS-WB_DPC_3PH2L-BIDIR.1.1.1.pdsc: PDSC version is not supported
2026-08-10 00:03:11,797 [ERROR] Engine:466 - C:\Users\dryem.EMRE\.stm32cubemx\thirdparties\pdsc\STMicroelectronics.X-CUBE-ST67W61.1.3.0.pdsc: PDSC version is not supported
2026-08-10 00:03:11,803 [WARN] PackLoader:240 - Cannot read IP mode file for STMicroelectronics.X-CUBE-TOUCHGFX.4.26.1
2026-08-10 00:03:11,808 [WARN] PackLoader:240 - Cannot read IP mode file for STMicroelectronics.X-CUBE-DPower.1.3.0
2026-08-10 00:03:11,825 [WARN] ConditionMgr:438 - getConditionDescription Invalid condition id : LAN8742 Phy interface Condition cause : null
2026-08-10 00:03:11,825 [WARN] PackLoader:240 - Cannot read IP mode file for STMicroelectronics.X-CUBE-AZRTOS-L4.2.0.0
2026-08-10 00:03:11,826 [WARN] ConditionMgr:1039 - genDependencies : Invalid condition id : LAN8742 Phy interface Condition cause : null
2026-08-10 00:03:11,827 [WARN] ConditionMgr:1039 - genDependencies : Invalid condition id : LAN8742 Phy interface Condition cause : null
2026-08-10 00:03:11,827 [WARN] ConditionMgr:1039 - genDependencies : Invalid condition id : LAN8742 Phy interface Condition cause : null
2026-08-10 00:03:11,833 [WARN] PackLoader:240 - Cannot read IP mode file for STMicroelectronics.X-CUBE-SFXS2LP1.4.0.0
2026-08-10 00:03:11,838 [WARN] PackLoader:240 - Cannot read IP mode file for STMicroelectronics.X-CUBE-WB05N.2.1.0
2026-08-10 00:03:11,849 [WARN] ConditionMgr:438 - getConditionDescription Invalid condition id : UX DEVICE CLASS RTOS Condition cause : null
2026-08-10 00:03:11,849 [WARN] ConditionMgr:438 - getConditionDescription Invalid condition id : UX DEVICE CLASS RTOS Condition cause : null
2026-08-10 00:03:11,851 [WARN] PackLoader:240 - Cannot read IP mode file for STMicroelectronics.X-CUBE-AZRTOS-WB.2.0.0
2026-08-10 00:03:11,852 [WARN] ConditionMgr:1039 - genDependencies : Invalid condition id : UX DEVICE CLASS RTOS Condition cause : null
2026-08-10 00:03:11,852 [WARN] ConditionMgr:1039 - genDependencies : Invalid condition id : UX DEVICE CLASS RTOS Condition cause : null
2026-08-10 00:03:11,852 [WARN] ConditionMgr:1039 - genDependencies : Invalid condition id : UX DEVICE CLASS RTOS Condition cause : null
2026-08-10 00:03:11,852 [WARN] ConditionMgr:1039 - genDependencies : Invalid condition id : UX DEVICE CLASS RTOS Condition cause : null
2026-08-10 00:03:11,852 [WARN] ConditionMgr:1039 - genDependencies : Invalid condition id : UX DEVICE CLASS RTOS Condition cause : null
2026-08-10 00:03:11,858 [WARN] ConditionMgr:438 - getConditionDescription Invalid condition id : Cortex-A Device cause : null
2026-08-10 00:03:11,885 [WARN] ConditionMgr:1039 - genDependencies : Invalid condition id : Cortex-A Device cause : null
2026-08-10 00:03:11,886 [WARN] ConditionMgr:1039 - genDependencies : Invalid condition id : Cortex-A Device cause : null
2026-08-10 00:03:11,886 [WARN] ConditionMgr:1039 - genDependencies : Invalid condition id : Cortex-A Device cause : null
2026-08-10 00:03:11,891 [WARN] PackLoader:240 - Cannot read IP mode file for STMicroelectronics.X-CUBE-STSE01.2.0.0
2026-08-10 00:03:11,901 [WARN] PackLoader:240 - Cannot read IP mode file for STMicroelectronics.X-CUBE-SUBG2.5.0.0
2026-08-10 00:03:11,916 [WARN] PackLoader:240 - Cannot read IP mode file for STMicroelectronics.X-CUBE-AZRTOS-G4.2.0.0
2026-08-10 00:03:11,921 [WARN] PackLoader:240 - Cannot read IP mode file for wolfSSL.I-CUBE-wolfSSH.1.4.20
2026-08-10 00:03:11,926 [WARN] PackLoader:240 - Cannot read IP mode file for STMicroelectronics.X-CUBE-NFC7.2.0.0
2026-08-10 00:03:11,929 [ERROR] Engine:466 - C:\Users\dryem.EMRE\.stm32cubemx\thirdparties\pdsc\STMicroelectronics.X-CUBE-BLEMGR.4.2.0.pdsc: PDSC version is not supported
2026-08-10 00:03:11,934 [WARN] PackLoader:240 - Cannot read IP mode file for STMicroelectronics.X-CUBE-ALS.1.0.2
2026-08-10 00:03:11,938 [ERROR] Engine:466 - C:\Users\dryem.EMRE\.stm32cubemx\thirdparties\pdsc\STMicroelectronics.X-CUBE-TOF1.3.4.3.pdsc: PDSC version is not supported
2026-08-10 00:03:11,939 [INFO] ThirdParty:978 - Integrity check success = true
2026-08-10 00:03:11,939 [INFO] IntegrityCheckThread:100 - exiting critical section [integrity check]
2026-08-10 00:03:11,940 [INFO] IntegrityCheckThread:103 - End integrity checks thread
2026-08-10 00:03:12,573 [ERROR] LogOutputStream:75 - [STDERR_REDIRECT] [Fatal Error] :1:1: Premature end of file.
2026-08-10 00:03:12,573 [ERROR] LogOutputStream:75 - [STDERR_REDIRECT] 
2026-08-10 00:03:13,574 [ERROR] LogOutputStream:75 - [STDERR_REDIRECT] [Fatal Error] :1:1: Premature end of file.
2026-08-10 00:03:13,575 [ERROR] LogOutputStream:75 - [STDERR_REDIRECT] 
2026-08-10 00:03:14,573 [ERROR] LogOutputStream:75 - [STDERR_REDIRECT] [Fatal Error] :1:1: Premature end of file.
2026-08-10 00:03:14,573 [ERROR] LogOutputStream:75 - [STDERR_REDIRECT] 
2026-08-10 00:03:15,579 [ERROR] LogOutputStream:75 - [STDERR_REDIRECT] [Fatal Error] :1:1: Premature end of file.
2026-08-10 00:03:15,579 [ERROR] LogOutputStream:75 - [STDERR_REDIRECT] 
2026-08-10 00:03:16,560 [ERROR] LogOutputStream:75 - [STDERR_REDIRECT] [Fatal Error] :1:1: Premature end of file.
2026-08-10 00:03:16,560 [ERROR] LogOutputStream:75 - [STDERR_REDIRECT] 
2026-08-10 00:03:17,565 [ERROR] LogOutputStream:75 - [STDERR_REDIRECT] [Fatal Error] :1:1: Premature end of file.
2026-08-10 00:03:17,565 [ERROR] LogOutputStream:75 - [STDERR_REDIRECT] 
2026-08-10 00:03:18,564 [ERROR] LogOutputStream:75 - [STDERR_REDIRECT] [Fatal Error] :1:1: Premature end of file.
2026-08-10 00:03:18,564 [ERROR] LogOutputStream:75 - [STDERR_REDIRECT] 
2026-08-10 00:03:19,568 [ERROR] LogOutputStream:75 - [STDERR_REDIRECT] [Fatal Error] :1:1: Premature end of file.
2026-08-10 00:03:19,568 [ERROR] LogOutputStream:75 - [STDERR_REDIRECT] 
2026-08-10 00:03:20,562 [ERROR] LogOutputStream:75 - [STDERR_REDIRECT] [Fatal Error] :1:1: Premature end of file.
2026-08-10 00:03:20,562 [ERROR] LogOutputStream:75 - [STDERR_REDIRECT] 
2026-08-10 00:03:21,570 [ERROR] LogOutputStream:75 - [STDERR_REDIRECT] [Fatal Error] :1:1: Premature end of file.
2026-08-10 00:03:21,571 [ERROR] LogOutputStream:75 - [STDERR_REDIRECT] 
2026-08-10 00:03:22,568 [ERROR] LogOutputStream:75 - [STDERR_REDIRECT] [Fatal Error] :1:1: Premature end of file.
2026-08-10 00:03:22,568 [ERROR] LogOutputStream:75 - [STDERR_REDIRECT] 
2026-08-10 00:03:23,570 [ERROR] LogOutputStream:75 - [STDERR_REDIRECT] [Fatal Error] :1:1: Premature end of file.
2026-08-10 00:03:23,570 [ERROR] LogOutputStream:75 - [STDERR_REDIRECT] 
2026-08-10 00:03:24,579 [ERROR] LogOutputStream:75 - [STDERR_REDIRECT] [Fatal Error] :1:1: Premature end of file.
2026-08-10 00:03:24,579 [ERROR] LogOutputStream:75 - [STDERR_REDIRECT] 
2026-08-10 00:03:25,560 [ERROR] LogOutputStream:75 - [STDERR_REDIRECT] [Fatal Error] :1:1: Premature end of file.
2026-08-10 00:03:25,560 [ERROR] LogOutputStream:75 - [STDERR_REDIRECT] 
2026-08-10 00:03:26,576 [ERROR] LogOutputStream:75 - [STDERR_REDIRECT] [Fatal Error] :1:1: Premature end of file.
2026-08-10 00:03:26,576 [ERROR] LogOutputStream:75 - [STDERR_REDIRECT] 
2026-08-10 00:03:27,577 [ERROR] LogOutputStream:75 - [STDERR_REDIRECT] [Fatal Error] :1:1: Premature end of file.
2026-08-10 00:03:27,577 [ERROR] LogOutputStream:75 - [STDERR_REDIRECT] 
2026-08-10 00:03:28,562 [ERROR] LogOutputStream:75 - [STDERR_REDIRECT] [Fatal Error] :1:1: Premature end of file.
2026-08-10 00:03:28,563 [ERROR] LogOutputStream:75 - [STDERR_REDIRECT] 
2026-08-10 00:03:29,563 [ERROR] LogOutputStream:75 - [STDERR_REDIRECT] [Fatal Error] :1:1: Premature end of file.
2026-08-10 00:03:29,563 [ERROR] LogOutputStream:75 - [STDERR_REDIRECT] 
2026-08-10 00:03:30,574 [ERROR] LogOutputStream:75 - [STDERR_REDIRECT] [Fatal Error] :1:1: Premature end of file.
2026-08-10 00:03:30,574 [ERROR] LogOutputStream:75 - [STDERR_REDIRECT] 
2026-08-10 00:03:31,564 [ERROR] LogOutputStream:75 - [STDERR_REDIRECT] [Fatal Error] :1:1: Premature end of file.
2026-08-10 00:03:31,565 [ERROR] LogOutputStream:75 - [STDERR_REDIRECT] 
2026-08-10 00:03:32,570 [ERROR] LogOutputStream:75 - [STDERR_REDIRECT] [Fatal Error] :1:1: Premature end of file.
2026-08-10 00:03:32,571 [ERROR] LogOutputStream:75 - [STDERR_REDIRECT] 
2026-08-10 00:03:33,565 [ERROR] LogOutputStream:75 - [STDERR_REDIRECT] [Fatal Error] :1:1: Premature end of file.
2026-08-10 00:03:33,565 [ERROR] LogOutputStream:75 - [STDERR_REDIRECT] 
2026-08-10 00:03:34,570 [ERROR] LogOutputStream:75 - [STDERR_REDIRECT] [Fatal Error] :1:1: Premature end of file.
2026-08-10 00:03:34,570 [ERROR] LogOutputStream:75 - [STDERR_REDIRECT] 
2026-08-10 00:03:35,561 [ERROR] LogOutputStream:75 - [STDERR_REDIRECT] [Fatal Error] :1:1: Premature end of file.
2026-08-10 00:03:35,561 [ERROR] LogOutputStream:75 - [STDERR_REDIRECT] 
2026-08-10 00:03:36,572 [ERROR] LogOutputStream:75 - [STDERR_REDIRECT] [Fatal Error] :1:1: Premature end of file.
2026-08-10 00:03:36,573 [ERROR] LogOutputStream:75 - [STDERR_REDIRECT] 
2026-08-10 00:03:37,569 [ERROR] LogOutputStream:75 - [STDERR_REDIRECT] [Fatal Error] :1:1: Premature end of file.
2026-08-10 00:03:37,570 [ERROR] LogOutputStream:75 - [STDERR_REDIRECT] 
2026-08-10 00:03:38,572 [ERROR] LogOutputStream:75 - [STDERR_REDIRECT] [Fatal Error] :1:1: Premature end of file.
2026-08-10 00:03:38,572 [ERROR] LogOutputStream:75 - [STDERR_REDIRECT] 
2026-08-10 00:03:39,577 [ERROR] LogOutputStream:75 - [STDERR_REDIRECT] [Fatal Error] :1:1: Premature end of file.
2026-08-10 00:03:39,578 [ERROR] LogOutputStream:75 - [STDERR_REDIRECT] 
2026-08-10 00:03:40,566 [ERROR] LogOutputStream:75 - [STDERR_REDIRECT] [Fatal Error] :1:1: Premature end of file.
2026-08-10 00:03:40,566 [ERROR] LogOutputStream:75 - [STDERR_REDIRECT] 
2026-08-10 00:03:41,570 [ERROR] LogOutputStream:75 - [STDERR_REDIRECT] [Fatal Error] :1:1: Premature end of file.
2026-08-10 00:03:41,570 [ERROR] LogOutputStream:75 - [STDERR_REDIRECT] 
2026-08-10 00:03:42,571 [ERROR] LogOutputStream:75 - [STDERR_REDIRECT] [Fatal Error] :1:1: Premature end of file.
2026-08-10 00:03:42,571 [ERROR] LogOutputStream:75 - [STDERR_REDIRECT] 
2026-08-10 00:03:43,565 [ERROR] LogOutputStream:75 - [STDERR_REDIRECT] [Fatal Error] :1:1: Premature end of file.
2026-08-10 00:03:43,565 [ERROR] LogOutputStream:75 - [STDERR_REDIRECT] 
2026-08-10 00:03:44,569 [ERROR] LogOutputStream:75 - [STDERR_REDIRECT] [Fatal Error] :1:1: Premature end of file.
2026-08-10 00:03:44,570 [ERROR] LogOutputStream:75 - [STDERR_REDIRECT] 
2026-08-10 00:03:45,571 [ERROR] LogOutputStream:75 - [STDERR_REDIRECT] [Fatal Error] :1:1: Premature end of file.
2026-08-10 00:03:45,571 [ERROR] LogOutputStream:75 - [STDERR_REDIRECT] 
2026-08-10 00:03:46,572 [ERROR] LogOutputStream:75 - [STDERR_REDIRECT] [Fatal Error] :1:1: Premature end of file.
2026-08-10 00:03:46,573 [ERROR] LogOutputStream:75 - [STDERR_REDIRECT] 
2026-08-10 00:03:47,574 [ERROR] LogOutputStream:75 - [STDERR_REDIRECT] [Fatal Error] :1:1: Premature end of file.
2026-08-10 00:03:47,574 [ERROR] LogOutputStream:75 - [STDERR_REDIRECT] 
2026-08-10 00:03:48,569 [ERROR] LogOutputStream:75 - [STDERR_REDIRECT] [Fatal Error] :1:1: Premature end of file.
2026-08-10 00:03:48,569 [ERROR] LogOutputStream:75 - [STDERR_REDIRECT] 
2026-08-10 00:03:49,580 [ERROR] LogOutputStream:75 - [STDERR_REDIRECT] [Fatal Error] :1:1: Premature end of file.
2026-08-10 00:03:49,580 [ERROR] LogOutputStream:75 - [STDERR_REDIRECT] 
2026-08-10 00:03:50,565 [ERROR] LogOutputStream:75 - [STDERR_REDIRECT] [Fatal Error] :1:1: Premature end of file.
2026-08-10 00:03:50,566 [ERROR] LogOutputStream:75 - [STDERR_REDIRECT] 
2026-08-10 00:03:51,574 [ERROR] LogOutputStream:75 - [STDERR_REDIRECT] [Fatal Error] :1:1: Premature end of file.
2026-08-10 00:03:51,574 [ERROR] LogOutputStream:75 - [STDERR_REDIRECT] 
2026-08-10 00:03:52,564 [ERROR] LogOutputStream:75 - [STDERR_REDIRECT] [Fatal Error] :1:1: Premature end of file.
2026-08-10 00:03:52,565 [ERROR] LogOutputStream:75 - [STDERR_REDIRECT] 
2026-08-10 00:03:53,568 [ERROR] LogOutputStream:75 - [STDERR_REDIRECT] [Fatal Error] :1:1: Premature end of file.
2026-08-10 00:03:53,568 [ERROR] LogOutputStream:75 - [STDERR_REDIRECT] 
2026-08-10 00:03:54,582 [ERROR] LogOutputStream:75 - [STDERR_REDIRECT] [Fatal Error] :1:1: Premature end of file.
2026-08-10 00:03:54,582 [ERROR] LogOutputStream:75 - [STDERR_REDIRECT] 
2026-08-10 00:03:55,578 [ERROR] LogOutputStream:75 - [STDERR_REDIRECT] [Fatal Error] :1:1: Premature end of file.
2026-08-10 00:03:55,578 [ERROR] LogOutputStream:75 - [STDERR_REDIRECT] 
2026-08-10 00:03:56,573 [ERROR] LogOutputStream:75 - [STDERR_REDIRECT] [Fatal Error] :1:1: Premature end of file.
2026-08-10 00:03:56,573 [ERROR] LogOutputStream:75 - [STDERR_REDIRECT] 
2026-08-10 00:03:57,580 [ERROR] LogOutputStream:75 - [STDERR_REDIRECT] [Fatal Error] :1:1: Premature end of file.
2026-08-10 00:03:57,580 [ERROR] LogOutputStream:75 - [STDERR_REDIRECT] 
2026-08-10 00:03:58,569 [ERROR] LogOutputStream:75 - [STDERR_REDIRECT] [Fatal Error] :1:1: Premature end of file.
2026-08-10 00:03:58,569 [ERROR] LogOutputStream:75 - [STDERR_REDIRECT] 
2026-08-10 00:03:59,564 [ERROR] LogOutputStream:75 - [STDERR_REDIRECT] [Fatal Error] :1:1: Premature end of file.
2026-08-10 00:03:59,564 [ERROR] LogOutputStream:75 - [STDERR_REDIRECT] 
2026-08-10 00:04:00,570 [ERROR] LogOutputStream:75 - [STDERR_REDIRECT] [Fatal Error] :1:1: Premature end of file.
2026-08-10 00:04:00,570 [ERROR] LogOutputStream:75 - [STDERR_REDIRECT] 
2026-08-10 00:04:01,582 [ERROR] LogOutputStream:75 - [STDERR_REDIRECT] [Fatal Error] :1:1: Premature end of file.
2026-08-10 00:04:01,582 [ERROR] LogOutputStream:75 - [STDERR_REDIRECT] 
2026-08-10 00:04:02,575 [ERROR] LogOutputStream:75 - [STDERR_REDIRECT] [Fatal Error] :1:1: Premature end of file.
2026-08-10 00:04:02,575 [ERROR] LogOutputStream:75 - [STDERR_REDIRECT] 
2026-08-10 00:04:03,575 [ERROR] LogOutputStream:75 - [STDERR_REDIRECT] [Fatal Error] :1:1: Premature end of file.
2026-08-10 00:04:03,576 [ERROR] LogOutputStream:75 - [STDERR_REDIRECT] 
2026-08-10 00:04:04,562 [ERROR] LogOutputStream:75 - [STDERR_REDIRECT] [Fatal Error] :1:1: Premature end of file.
2026-08-10 00:04:04,562 [ERROR] LogOutputStream:75 - [STDERR_REDIRECT] 
2026-08-10 00:04:05,563 [ERROR] LogOutputStream:75 - [STDERR_REDIRECT] [Fatal Error] :1:1: Premature end of file.
2026-08-10 00:04:05,563 [ERROR] LogOutputStream:75 - [STDERR_REDIRECT] 
2026-08-10 00:04:06,567 [ERROR] LogOutputStream:75 - [STDERR_REDIRECT] [Fatal Error] :1:1: Premature end of file.
2026-08-10 00:04:06,567 [ERROR] LogOutputStream:75 - [STDERR_REDIRECT] 
2026-08-10 00:04:07,563 [ERROR] LogOutputStream:75 - [STDERR_REDIRECT] [Fatal Error] :1:1: Premature end of file.
2026-08-10 00:04:07,563 [ERROR] LogOutputStream:75 - [STDERR_REDIRECT] 
2026-08-10 00:04:08,568 [ERROR] LogOutputStream:75 - [STDERR_REDIRECT] [Fatal Error] :1:1: Premature end of file.
2026-08-10 00:04:08,569 [ERROR] LogOutputStream:75 - [STDERR_REDIRECT] 
2026-08-10 00:04:09,569 [ERROR] LogOutputStream:75 - [STDERR_REDIRECT] [Fatal Error] :1:1: Premature end of file.
2026-08-10 00:04:09,569 [ERROR] LogOutputStream:75 - [STDERR_REDIRECT] 
2026-08-10 00:04:10,573 [ERROR] LogOutputStream:75 - [STDERR_REDIRECT] [Fatal Error] :1:1: Premature end of file.
2026-08-10 00:04:10,573 [ERROR] LogOutputStream:75 - [STDERR_REDIRECT] 
2026-08-10 00:04:11,572 [ERROR] LogOutputStream:75 - [STDERR_REDIRECT] [Fatal Error] :1:1: Premature end of file.
2026-08-10 00:04:11,572 [ERROR] LogOutputStream:75 - [STDERR_REDIRECT] 
2026-08-10 00:04:12,565 [ERROR] LogOutputStream:75 - [STDERR_REDIRECT] [Fatal Error] :1:1: Premature end of file.
2026-08-10 00:04:12,565 [ERROR] LogOutputStream:75 - [STDERR_REDIRECT] 
2026-08-10 00:04:13,566 [ERROR] LogOutputStream:75 - [STDERR_REDIRECT] [Fatal Error] :1:1: Premature end of file.
2026-08-10 00:04:13,566 [ERROR] LogOutputStream:75 - [STDERR_REDIRECT] 
2026-08-10 00:04:14,564 [ERROR] LogOutputStream:75 - [STDERR_REDIRECT] [Fatal Error] :1:1: Premature end of file.
2026-08-10 00:04:14,564 [ERROR] LogOutputStream:75 - [STDERR_REDIRECT] 
2026-08-10 00:04:15,573 [ERROR] LogOutputStream:75 - [STDERR_REDIRECT] [Fatal Error] :1:1: Premature end of file.
2026-08-10 00:04:15,573 [ERROR] LogOutputStream:75 - [STDERR_REDIRECT] 
2026-08-10 00:04:16,570 [ERROR] LogOutputStream:75 - [STDERR_REDIRECT] [Fatal Error] :1:1: Premature end of file.
2026-08-10 00:04:16,570 [ERROR] LogOutputStream:75 - [STDERR_REDIRECT] 
2026-08-10 00:04:17,568 [ERROR] LogOutputStream:75 - [STDERR_REDIRECT] [Fatal Error] :1:1: Premature end of file.
2026-08-10 00:04:17,568 [ERROR] LogOutputStream:75 - [STDERR_REDIRECT] 
2026-08-10 00:04:18,568 [ERROR] LogOutputStream:75 - [STDERR_REDIRECT] [Fatal Error] :1:1: Premature end of file.
2026-08-10 00:04:18,568 [ERROR] LogOutputStream:75 - [STDERR_REDIRECT] 
2026-08-10 00:04:19,560 [ERROR] LogOutputStream:75 - [STDERR_REDIRECT] [Fatal Error] :1:1: Premature end of file.
2026-08-10 00:04:19,560 [ERROR] LogOutputStream:75 - [STDERR_REDIRECT] 
2026-08-10 00:04:20,574 [ERROR] LogOutputStream:75 - [STDERR_REDIRECT] [Fatal Error] :1:1: Premature end of file.
2026-08-10 00:04:20,574 [ERROR] LogOutputStream:75 - [STDERR_REDIRECT] 
2026-08-10 00:04:21,572 [ERROR] LogOutputStream:75 - [STDERR_REDIRECT] [Fatal Error] :1:1: Premature end of file.
2026-08-10 00:04:21,572 [ERROR] LogOutputStream:75 - [STDERR_REDIRECT] 
2026-08-10 00:04:22,580 [ERROR] LogOutputStream:75 - [STDERR_REDIRECT] [Fatal Error] :1:1: Premature end of file.
2026-08-10 00:04:22,581 [ERROR] LogOutputStream:75 - [STDERR_REDIRECT] 
2026-08-10 00:04:23,575 [ERROR] LogOutputStream:75 - [STDERR_REDIRECT] [Fatal Error] :1:1: Premature end of file.
2026-08-10 00:04:23,575 [ERROR] LogOutputStream:75 - [STDERR_REDIRECT] 
2026-08-10 00:04:24,572 [ERROR] LogOutputStream:75 - [STDERR_REDIRECT] [Fatal Error] :1:1: Premature end of file.
2026-08-10 00:04:24,572 [ERROR] LogOutputStream:75 - [STDERR_REDIRECT] 
2026-08-10 00:04:25,564 [ERROR] LogOutputStream:75 - [STDERR_REDIRECT] [Fatal Error] :1:1: Premature end of file.
2026-08-10 00:04:25,564 [ERROR] LogOutputStream:75 - [STDERR_REDIRECT] 
2026-08-10 00:04:26,579 [ERROR] LogOutputStream:75 - [STDERR_REDIRECT] [Fatal Error] :1:1: Premature end of file.
2026-08-10 00:04:26,579 [ERROR] LogOutputStream:75 - [STDERR_REDIRECT] 
2026-08-10 00:04:27,561 [ERROR] LogOutputStream:75 - [STDERR_REDIRECT] [Fatal Error] :1:1: Premature end of file.
2026-08-10 00:04:27,561 [ERROR] LogOutputStream:75 - [STDERR_REDIRECT] 
2026-08-10 00:04:28,559 [ERROR] LogOutputStream:75 - [STDERR_REDIRECT] [Fatal Error] :1:1: Premature end of file.
2026-08-10 00:04:28,559 [ERROR] LogOutputStream:75 - [STDERR_REDIRECT] 
2026-08-10 00:04:29,575 [ERROR] LogOutputStream:75 - [STDERR_REDIRECT] [Fatal Error] :1:1: Premature end of file.
2026-08-10 00:04:29,575 [ERROR] LogOutputStream:75 - [STDERR_REDIRECT] 
2026-08-10 00:04:30,569 [ERROR] LogOutputStream:75 - [STDERR_REDIRECT] [Fatal Error] :1:1: Premature end of file.
2026-08-10 00:04:30,569 [ERROR] LogOutputStream:75 - [STDERR_REDIRECT] 
2026-08-10 00:04:31,564 [ERROR] LogOutputStream:75 - [STDERR_REDIRECT] [Fatal Error] :1:1: Premature end of file.
2026-08-10 00:04:31,564 [ERROR] LogOutputStream:75 - [STDERR_REDIRECT] 
2026-08-10 00:04:32,564 [ERROR] LogOutputStream:75 - [STDERR_REDIRECT] [Fatal Error] :1:1: Premature end of file.
2026-08-10 00:04:32,564 [ERROR] LogOutputStream:75 - [STDERR_REDIRECT] 
2026-08-10 00:04:33,574 [ERROR] LogOutputStream:75 - [STDERR_REDIRECT] [Fatal Error] :1:1: Premature end of file.
2026-08-10 00:04:33,574 [ERROR] LogOutputStream:75 - [STDERR_REDIRECT] 
2026-08-10 00:04:34,568 [ERROR] LogOutputStream:75 - [STDERR_REDIRECT] [Fatal Error] :1:1: Premature end of file.
2026-08-10 00:04:34,568 [ERROR] LogOutputStream:75 - [STDERR_REDIRECT] 
2026-08-10 00:04:35,569 [ERROR] LogOutputStream:75 - [STDERR_REDIRECT] [Fatal Error] :1:1: Premature end of file.
2026-08-10 00:04:35,569 [ERROR] LogOutputStream:75 - [STDERR_REDIRECT] 
2026-08-10 00:04:36,564 [ERROR] LogOutputStream:75 - [STDERR_REDIRECT] [Fatal Error] :1:1: Premature end of file.
2026-08-10 00:04:36,564 [ERROR] LogOutputStream:75 - [STDERR_REDIRECT] 
2026-08-10 00:04:37,566 [ERROR] LogOutputStream:75 - [STDERR_REDIRECT] [Fatal Error] :1:1: Premature end of file.
2026-08-10 00:04:37,567 [ERROR] LogOutputStream:75 - [STDERR_REDIRECT] 
2026-08-10 00:04:38,574 [ERROR] LogOutputStream:75 - [STDERR_REDIRECT] [Fatal Error] :1:1: Premature end of file.
2026-08-10 00:04:38,575 [ERROR] LogOutputStream:75 - [STDERR_REDIRECT] 
2026-08-10 00:04:39,567 [ERROR] LogOutputStream:75 - [STDERR_REDIRECT] [Fatal Error] :1:1: Premature end of file.
2026-08-10 00:04:39,567 [ERROR] LogOutputStream:75 - [STDERR_REDIRECT] 
2026-08-10 00:04:40,559 [ERROR] LogOutputStream:75 - [STDERR_REDIRECT] [Fatal Error] :1:1: Premature end of file.
2026-08-10 00:04:40,559 [ERROR] LogOutputStream:75 - [STDERR_REDIRECT] 
2026-08-10 00:04:41,574 [ERROR] LogOutputStream:75 - [STDERR_REDIRECT] [Fatal Error] :1:1: Premature end of file.
2026-08-10 00:04:41,574 [ERROR] LogOutputStream:75 - [STDERR_REDIRECT] 
2026-08-10 00:04:42,577 [ERROR] LogOutputStream:75 - [STDERR_REDIRECT] [Fatal Error] :1:1: Premature end of file.
2026-08-10 00:04:42,578 [ERROR] LogOutputStream:75 - [STDERR_REDIRECT] 
2026-08-10 00:04:43,578 [ERROR] LogOutputStream:75 - [STDERR_REDIRECT] [Fatal Error] :1:1: Premature end of file.
2026-08-10 00:04:43,578 [ERROR] LogOutputStream:75 - [STDERR_REDIRECT] 
2026-08-10 00:04:44,577 [ERROR] LogOutputStream:75 - [STDERR_REDIRECT] [Fatal Error] :1:1: Premature end of file.
2026-08-10 00:04:44,577 [ERROR] LogOutputStream:75 - [STDERR_REDIRECT] 
2026-08-10 00:04:45,572 [ERROR] LogOutputStream:75 - [STDERR_REDIRECT] [Fatal Error] :1:1: Premature end of file.
2026-08-10 00:04:45,572 [ERROR] LogOutputStream:75 - [STDERR_REDIRECT] 
2026-08-10 00:04:46,568 [ERROR] LogOutputStream:75 - [STDERR_REDIRECT] [Fatal Error] :1:1: Premature end of file.
2026-08-10 00:04:46,568 [ERROR] LogOutputStream:75 - [STDERR_REDIRECT] 
2026-08-10 00:04:47,577 [ERROR] LogOutputStream:75 - [STDERR_REDIRECT] [Fatal Error] :1:1: Premature end of file.
2026-08-10 00:04:47,577 [ERROR] LogOutputStream:75 - [STDERR_REDIRECT] 
2026-08-10 00:04:48,574 [ERROR] LogOutputStream:75 - [STDERR_REDIRECT] [Fatal Error] :1:1: Premature end of file.
2026-08-10 00:04:48,574 [ERROR] LogOutputStream:75 - [STDERR_REDIRECT] 
2026-08-10 00:04:49,563 [ERROR] LogOutputStream:75 - [STDERR_REDIRECT] [Fatal Error] :1:1: Premature end of file.
2026-08-10 00:04:49,563 [ERROR] LogOutputStream:75 - [STDERR_REDIRECT] 
2026-08-10 00:04:50,568 [ERROR] LogOutputStream:75 - [STDERR_REDIRECT] [Fatal Error] :1:1: Premature end of file.
2026-08-10 00:04:50,569 [ERROR] LogOutputStream:75 - [STDERR_REDIRECT] 
2026-08-10 00:04:51,584 [ERROR] LogOutputStream:75 - [STDERR_REDIRECT] [Fatal Error] :1:1: Premature end of file.
2026-08-10 00:04:51,584 [ERROR] LogOutputStream:75 - [STDERR_REDIRECT] 
2026-08-10 00:04:52,561 [ERROR] LogOutputStream:75 - [STDERR_REDIRECT] [Fatal Error] :1:1: Premature end of file.
2026-08-10 00:04:52,562 [ERROR] LogOutputStream:75 - [STDERR_REDIRECT] 
2026-08-10 00:04:53,575 [ERROR] LogOutputStream:75 - [STDERR_REDIRECT] [Fatal Error] :1:1: Premature end of file.
2026-08-10 00:04:53,576 [ERROR] LogOutputStream:75 - [STDERR_REDIRECT] 
2026-08-10 00:04:54,574 [ERROR] LogOutputStream:75 - [STDERR_REDIRECT] [Fatal Error] :1:1: Premature end of file.
2026-08-10 00:04:54,575 [ERROR] LogOutputStream:75 - [STDERR_REDIRECT] 
2026-08-10 00:04:55,572 [ERROR] LogOutputStream:75 - [STDERR_REDIRECT] [Fatal Error] :1:1: Premature end of file.
2026-08-10 00:04:55,572 [ERROR] LogOutputStream:75 - [STDERR_REDIRECT] 
2026-08-10 00:04:56,557 [ERROR] LogOutputStream:75 - [STDERR_REDIRECT] [Fatal Error] :1:1: Premature end of file.
2026-08-10 00:04:56,558 [ERROR] LogOutputStream:75 - [STDERR_REDIRECT] 
2026-08-10 00:04:57,572 [ERROR] LogOutputStream:75 - [STDERR_REDIRECT] [Fatal Error] :1:1: Premature end of file.
2026-08-10 00:04:57,572 [ERROR] LogOutputStream:75 - [STDERR_REDIRECT] 
2026-08-10 00:04:58,577 [ERROR] LogOutputStream:75 - [STDERR_REDIRECT] [Fatal Error] :1:1: Premature end of file.
2026-08-10 00:04:58,577 [ERROR] LogOutputStream:75 - [STDERR_REDIRECT] 
2026-08-10 00:04:59,566 [ERROR] LogOutputStream:75 - [STDERR_REDIRECT] [Fatal Error] :1:1: Premature end of file.
2026-08-10 00:04:59,566 [ERROR] LogOutputStream:75 - [STDERR_REDIRECT] 
2026-08-10 00:05:00,572 [ERROR] LogOutputStream:75 - [STDERR_REDIRECT] [Fatal Error] :1:1: Premature end of file.
2026-08-10 00:05:00,572 [ERROR] LogOutputStream:75 - [STDERR_REDIRECT] 
2026-08-10 00:05:01,567 [ERROR] LogOutputStream:75 - [STDERR_REDIRECT] [Fatal Error] :1:1: Premature end of file.
2026-08-10 00:05:01,568 [ERROR] LogOutputStream:75 - [STDERR_REDIRECT] 
2026-08-10 00:05:02,578 [ERROR] LogOutputStream:75 - [STDERR_REDIRECT] [Fatal Error] :1:1: Premature end of file.
2026-08-10 00:05:02,578 [ERROR] LogOutputStream:75 - [STDERR_REDIRECT] 
2026-08-10 00:05:03,575 [ERROR] LogOutputStream:75 - [STDERR_REDIRECT] [Fatal Error] :1:1: Premature end of file.
2026-08-10 00:05:03,575 [ERROR] LogOutputStream:75 - [STDERR_REDIRECT] 
2026-08-10 00:05:04,579 [ERROR] LogOutputStream:75 - [STDERR_REDIRECT] [Fatal Error] :1:1: Premature end of file.
2026-08-10 00:05:04,579 [ERROR] LogOutputStream:75 - [STDERR_REDIRECT] 
2026-08-10 00:05:05,577 [ERROR] LogOutputStream:75 - [STDERR_REDIRECT] [Fatal Error] :1:1: Premature end of file.
2026-08-10 00:05:05,577 [ERROR] LogOutputStream:75 - [STDERR_REDIRECT] 
2026-08-10 00:05:06,567 [ERROR] LogOutputStream:75 - [STDERR_REDIRECT] [Fatal Error] :1:1: Premature end of file.
2026-08-10 00:05:06,568 [ERROR] LogOutputStream:75 - [STDERR_REDIRECT] 
2026-08-10 00:05:07,575 [ERROR] LogOutputStream:75 - [STDERR_REDIRECT] [Fatal Error] :1:1: Premature end of file.
2026-08-10 00:05:07,575 [ERROR] LogOutputStream:75 - [STDERR_REDIRECT] 
2026-08-10 00:05:08,568 [ERROR] LogOutputStream:75 - [STDERR_REDIRECT] [Fatal Error] :1:1: Premature end of file.
2026-08-10 00:05:08,568 [ERROR] LogOutputStream:75 - [STDERR_REDIRECT] 
2026-08-10 00:05:09,573 [ERROR] LogOutputStream:75 - [STDERR_REDIRECT] [Fatal Error] :1:1: Premature end of file.
2026-08-10 00:05:09,573 [ERROR] LogOutputStream:75 - [STDERR_REDIRECT] 
2026-08-10 00:05:10,571 [ERROR] LogOutputStream:75 - [STDERR_REDIRECT] [Fatal Error] :1:1: Premature end of file.
2026-08-10 00:05:10,571 [ERROR] LogOutputStream:75 - [STDERR_REDIRECT] 
2026-08-10 00:05:11,563 [ERROR] LogOutputStream:75 - [STDERR_REDIRECT] [Fatal Error] :1:1: Premature end of file.
2026-08-10 00:05:11,563 [ERROR] LogOutputStream:75 - [STDERR_REDIRECT] 
2026-08-10 00:05:12,574 [ERROR] LogOutputStream:75 - [STDERR_REDIRECT] [Fatal Error] :1:1: Premature end of file.
2026-08-10 00:05:12,575 [ERROR] LogOutputStream:75 - [STDERR_REDIRECT] 
2026-08-10 00:05:13,579 [ERROR] LogOutputStream:75 - [STDERR_REDIRECT] [Fatal Error] :1:1: Premature end of file.
2026-08-10 00:05:13,579 [ERROR] LogOutputStream:75 - [STDERR_REDIRECT] 
2026-08-10 00:05:14,575 [ERROR] LogOutputStream:75 - [STDERR_REDIRECT] [Fatal Error] :1:1: Premature end of file.
2026-08-10 00:05:14,575 [ERROR] LogOutputStream:75 - [STDERR_REDIRECT] 
2026-08-10 00:05:15,568 [ERROR] LogOutputStream:75 - [STDERR_REDIRECT] [Fatal Error] :1:1: Premature end of file.
2026-08-10 00:05:15,569 [ERROR] LogOutputStream:75 - [STDERR_REDIRECT] 
2026-08-10 00:05:16,584 [ERROR] LogOutputStream:75 - [STDERR_REDIRECT] [Fatal Error] :1:1: Premature end of file.
2026-08-10 00:05:16,585 [ERROR] LogOutputStream:75 - [STDERR_REDIRECT] 
2026-08-10 00:05:17,574 [ERROR] LogOutputStream:75 - [STDERR_REDIRECT] [Fatal Error] :1:1: Premature end of file.
2026-08-10 00:05:17,574 [ERROR] LogOutputStream:75 - [STDERR_REDIRECT] 
2026-08-10 00:05:18,570 [ERROR] LogOutputStream:75 - [STDERR_REDIRECT] [Fatal Error] :1:1: Premature end of file.
2026-08-10 00:05:18,570 [ERROR] LogOutputStream:75 - [STDERR_REDIRECT] 
2026-08-10 00:05:19,575 [ERROR] LogOutputStream:75 - [STDERR_REDIRECT] [Fatal Error] :1:1: Premature end of file.
2026-08-10 00:05:19,575 [ERROR] LogOutputStream:75 - [STDERR_REDIRECT] 
2026-08-10 00:05:20,574 [ERROR] LogOutputStream:75 - [STDERR_REDIRECT] [Fatal Error] :1:1: Premature end of file.
2026-08-10 00:05:20,574 [ERROR] LogOutputStream:75 - [STDERR_REDIRECT] 
2026-08-10 00:05:21,578 [ERROR] LogOutputStream:75 - [STDERR_REDIRECT] [Fatal Error] :1:1: Premature end of file.
2026-08-10 00:05:21,578 [ERROR] LogOutputStream:75 - [STDERR_REDIRECT] 
2026-08-10 00:05:22,572 [ERROR] LogOutputStream:75 - [STDERR_REDIRECT] [Fatal Error] :1:1: Premature end of file.
2026-08-10 00:05:22,573 [ERROR] LogOutputStream:75 - [STDERR_REDIRECT] 
2026-08-10 00:05:23,565 [ERROR] LogOutputStream:75 - [STDERR_REDIRECT] [Fatal Error] :1:1: Premature end of file.
2026-08-10 00:05:23,566 [ERROR] LogOutputStream:75 - [STDERR_REDIRECT] 
2026-08-10 00:05:24,575 [ERROR] LogOutputStream:75 - [STDERR_REDIRECT] [Fatal Error] :1:1: Premature end of file.
2026-08-10 00:05:24,575 [ERROR] LogOutputStream:75 - [STDERR_REDIRECT] 
2026-08-10 00:05:25,572 [ERROR] LogOutputStream:75 - [STDERR_REDIRECT] [Fatal Error] :1:1: Premature end of file.
2026-08-10 00:05:25,572 [ERROR] LogOutputStream:75 - [STDERR_REDIRECT] 
2026-08-10 00:05:26,567 [ERROR] LogOutputStream:75 - [STDERR_REDIRECT] [Fatal Error] :1:1: Premature end of file.
2026-08-10 00:05:26,567 [ERROR] LogOutputStream:75 - [STDERR_REDIRECT] 
2026-08-10 00:05:27,579 [ERROR] LogOutputStream:75 - [STDERR_REDIRECT] [Fatal Error] :1:1: Premature end of file.
2026-08-10 00:05:27,579 [ERROR] LogOutputStream:75 - [STDERR_REDIRECT] 
2026-08-10 00:05:28,561 [ERROR] LogOutputStream:75 - [STDERR_REDIRECT] [Fatal Error] :1:1: Premature end of file.
2026-08-10 00:05:28,562 [ERROR] LogOutputStream:75 - [STDERR_REDIRECT] 
2026-08-10 00:05:29,573 [ERROR] LogOutputStream:75 - [STDERR_REDIRECT] [Fatal Error] :1:1: Premature end of file.
2026-08-10 00:05:29,573 [ERROR] LogOutputStream:75 - [STDERR_REDIRECT] 
2026-08-10 00:05:30,564 [ERROR] LogOutputStream:75 - [STDERR_REDIRECT] [Fatal Error] :1:1: Premature end of file.
2026-08-10 00:05:30,564 [ERROR] LogOutputStream:75 - [STDERR_REDIRECT] 
2026-08-10 00:05:31,560 [ERROR] LogOutputStream:75 - [STDERR_REDIRECT] [Fatal Error] :1:1: Premature end of file.
2026-08-10 00:05:31,560 [ERROR] LogOutputStream:75 - [STDERR_REDIRECT] 
2026-08-10 00:05:32,569 [ERROR] LogOutputStream:75 - [STDERR_REDIRECT] [Fatal Error] :1:1: Premature end of file.
2026-08-10 00:05:32,569 [ERROR] LogOutputStream:75 - [STDERR_REDIRECT] 
2026-08-10 00:05:33,569 [ERROR] LogOutputStream:75 - [STDERR_REDIRECT] [Fatal Error] :1:1: Premature end of file.
2026-08-10 00:05:33,570 [ERROR] LogOutputStream:75 - [STDERR_REDIRECT] 
2026-08-10 00:05:34,572 [ERROR] LogOutputStream:75 - [STDERR_REDIRECT] [Fatal Error] :1:1: Premature end of file.
2026-08-10 00:05:34,572 [ERROR] LogOutputStream:75 - [STDERR_REDIRECT] 
2026-08-10 00:05:35,570 [ERROR] LogOutputStream:75 - [STDERR_REDIRECT] [Fatal Error] :1:1: Premature end of file.
2026-08-10 00:05:35,570 [ERROR] LogOutputStream:75 - [STDERR_REDIRECT] 
2026-08-10 00:05:36,573 [ERROR] LogOutputStream:75 - [STDERR_REDIRECT] [Fatal Error] :1:1: Premature end of file.
2026-08-10 00:05:36,573 [ERROR] LogOutputStream:75 - [STDERR_REDIRECT] 
2026-08-10 00:05:37,563 [ERROR] LogOutputStream:75 - [STDERR_REDIRECT] [Fatal Error] :1:1: Premature end of file.
2026-08-10 00:05:37,563 [ERROR] LogOutputStream:75 - [STDERR_REDIRECT] 
2026-08-10 00:05:38,573 [ERROR] LogOutputStream:75 - [STDERR_REDIRECT] [Fatal Error] :1:1: Premature end of file.
2026-08-10 00:05:38,573 [ERROR] LogOutputStream:75 - [STDERR_REDIRECT] 
2026-08-10 00:05:39,565 [ERROR] LogOutputStream:75 - [STDERR_REDIRECT] [Fatal Error] :1:1: Premature end of file.
2026-08-10 00:05:39,565 [ERROR] LogOutputStream:75 - [STDERR_REDIRECT] 
2026-08-10 00:05:40,564 [ERROR] LogOutputStream:75 - [STDERR_REDIRECT] [Fatal Error] :1:1: Premature end of file.
2026-08-10 00:05:40,564 [ERROR] LogOutputStream:75 - [STDERR_REDIRECT] 
2026-08-10 00:05:41,576 [ERROR] LogOutputStream:75 - [STDERR_REDIRECT] [Fatal Error] :1:1: Premature end of file.
2026-08-10 00:05:41,577 [ERROR] LogOutputStream:75 - [STDERR_REDIRECT] 
2026-08-10 00:05:42,567 [ERROR] LogOutputStream:75 - [STDERR_REDIRECT] [Fatal Error] :1:1: Premature end of file.
2026-08-10 00:05:42,567 [ERROR] LogOutputStream:75 - [STDERR_REDIRECT] 
2026-08-10 00:05:43,563 [ERROR] LogOutputStream:75 - [STDERR_REDIRECT] [Fatal Error] :1:1: Premature end of file.
2026-08-10 00:05:43,563 [ERROR] LogOutputStream:75 - [STDERR_REDIRECT] 
2026-08-10 00:05:44,565 [ERROR] LogOutputStream:75 - [STDERR_REDIRECT] [Fatal Error] :1:1: Premature end of file.
2026-08-10 00:05:44,565 [ERROR] LogOutputStream:75 - [STDERR_REDIRECT] 
2026-08-10 00:05:45,573 [ERROR] LogOutputStream:75 - [STDERR_REDIRECT] [Fatal Error] :1:1: Premature end of file.
2026-08-10 00:05:45,574 [ERROR] LogOutputStream:75 - [STDERR_REDIRECT] 
2026-08-10 00:05:46,566 [ERROR] LogOutputStream:75 - [STDERR_REDIRECT] [Fatal Error] :1:1: Premature end of file.
2026-08-10 00:05:46,566 [ERROR] LogOutputStream:75 - [STDERR_REDIRECT] 
2026-08-10 00:05:47,574 [ERROR] LogOutputStream:75 - [STDERR_REDIRECT] [Fatal Error] :1:1: Premature end of file.
2026-08-10 00:05:47,574 [ERROR] LogOutputStream:75 - [STDERR_REDIRECT] 
2026-08-10 00:05:48,580 [ERROR] LogOutputStream:75 - [STDERR_REDIRECT] [Fatal Error] :1:1: Premature end of file.
2026-08-10 00:05:48,580 [ERROR] LogOutputStream:75 - [STDERR_REDIRECT] 
2026-08-10 00:05:49,577 [ERROR] LogOutputStream:75 - [STDERR_REDIRECT] [Fatal Error] :1:1: Premature end of file.
2026-08-10 00:05:49,577 [ERROR] LogOutputStream:75 - [STDERR_REDIRECT] 
2026-08-10 00:05:50,572 [ERROR] LogOutputStream:75 - [STDERR_REDIRECT] [Fatal Error] :1:1: Premature end of file.
2026-08-10 00:05:50,572 [ERROR] LogOutputStream:75 - [STDERR_REDIRECT] 
2026-08-10 00:05:51,565 [ERROR] LogOutputStream:75 - [STDERR_REDIRECT] [Fatal Error] :1:1: Premature end of file.
2026-08-10 00:05:51,565 [ERROR] LogOutputStream:75 - [STDERR_REDIRECT] 
2026-08-10 00:05:52,560 [ERROR] LogOutputStream:75 - [STDERR_REDIRECT] [Fatal Error] :1:1: Premature end of file.
2026-08-10 00:05:52,561 [ERROR] LogOutputStream:75 - [STDERR_REDIRECT] 
2026-08-10 00:05:53,562 [ERROR] LogOutputStream:75 - [STDERR_REDIRECT] [Fatal Error] :1:1: Premature end of file.
2026-08-10 00:05:53,562 [ERROR] LogOutputStream:75 - [STDERR_REDIRECT] 
2026-08-10 00:05:54,564 [ERROR] LogOutputStream:75 - [STDERR_REDIRECT] [Fatal Error] :1:1: Premature end of file.
2026-08-10 00:05:54,564 [ERROR] LogOutputStream:75 - [STDERR_REDIRECT] 
2026-08-10 00:05:55,561 [ERROR] LogOutputStream:75 - [STDERR_REDIRECT] [Fatal Error] :1:1: Premature end of file.
2026-08-10 00:05:55,561 [ERROR] LogOutputStream:75 - [STDERR_REDIRECT] 
2026-08-10 00:05:56,562 [ERROR] LogOutputStream:75 - [STDERR_REDIRECT] [Fatal Error] :1:1: Premature end of file.
2026-08-10 00:05:56,563 [ERROR] LogOutputStream:75 - [STDERR_REDIRECT] 
2026-08-10 00:05:57,570 [ERROR] LogOutputStream:75 - [STDERR_REDIRECT] [Fatal Error] :1:1: Premature end of file.
2026-08-10 00:05:57,570 [ERROR] LogOutputStream:75 - [STDERR_REDIRECT] 
2026-08-10 00:05:58,575 [ERROR] LogOutputStream:75 - [STDERR_REDIRECT] [Fatal Error] :1:1: Premature end of file.
2026-08-10 00:05:58,575 [ERROR] LogOutputStream:75 - [STDERR_REDIRECT] 
2026-08-10 00:05:59,570 [ERROR] LogOutputStream:75 - [STDERR_REDIRECT] [Fatal Error] :1:1: Premature end of file.
2026-08-10 00:05:59,571 [ERROR] LogOutputStream:75 - [STDERR_REDIRECT] 
2026-08-10 00:06:00,568 [ERROR] LogOutputStream:75 - [STDERR_REDIRECT] [Fatal Error] :1:1: Premature end of file.
2026-08-10 00:06:00,569 [ERROR] LogOutputStream:75 - [STDERR_REDIRECT] 
2026-08-10 00:06:01,569 [ERROR] LogOutputStream:75 - [STDERR_REDIRECT] [Fatal Error] :1:1: Premature end of file.
2026-08-10 00:06:01,570 [ERROR] LogOutputStream:75 - [STDERR_REDIRECT] 
2026-08-10 00:06:02,561 [ERROR] LogOutputStream:75 - [STDERR_REDIRECT] [Fatal Error] :1:1: Premature end of file.
2026-08-10 00:06:02,561 [ERROR] LogOutputStream:75 - [STDERR_REDIRECT] 
2026-08-10 00:06:03,580 [ERROR] LogOutputStream:75 - [STDERR_REDIRECT] [Fatal Error] :1:1: Premature end of file.
2026-08-10 00:06:03,580 [ERROR] LogOutputStream:75 - [STDERR_REDIRECT] 
2026-08-10 00:06:04,575 [ERROR] LogOutputStream:75 - [STDERR_REDIRECT] [Fatal Error] :1:1: Premature end of file.
2026-08-10 00:06:04,576 [ERROR] LogOutputStream:75 - [STDERR_REDIRECT] 
2026-08-10 00:06:05,566 [ERROR] LogOutputStream:75 - [STDERR_REDIRECT] [Fatal Error] :1:1: Premature end of file.
2026-08-10 00:06:05,566 [ERROR] LogOutputStream:75 - [STDERR_REDIRECT] 
2026-08-10 00:06:06,572 [ERROR] LogOutputStream:75 - [STDERR_REDIRECT] [Fatal Error] :1:1: Premature end of file.
2026-08-10 00:06:06,572 [ERROR] LogOutputStream:75 - [STDERR_REDIRECT] 
2026-08-10 00:06:07,569 [ERROR] LogOutputStream:75 - [STDERR_REDIRECT] [Fatal Error] :1:1: Premature end of file.
2026-08-10 00:06:07,570 [ERROR] LogOutputStream:75 - [STDERR_REDIRECT] 
2026-08-10 00:06:08,569 [ERROR] LogOutputStream:75 - [STDERR_REDIRECT] [Fatal Error] :1:1: Premature end of file.
2026-08-10 00:06:08,569 [ERROR] LogOutputStream:75 - [STDERR_REDIRECT] 
2026-08-10 00:06:09,566 [ERROR] LogOutputStream:75 - [STDERR_REDIRECT] [Fatal Error] :1:1: Premature end of file.
2026-08-10 00:06:09,566 [ERROR] LogOutputStream:75 - [STDERR_REDIRECT] 
2026-08-10 00:06:10,573 [ERROR] LogOutputStream:75 - [STDERR_REDIRECT] [Fatal Error] :1:1: Premature end of file.
2026-08-10 00:06:10,573 [ERROR] LogOutputStream:75 - [STDERR_REDIRECT] 
2026-08-10 00:06:11,562 [ERROR] LogOutputStream:75 - [STDERR_REDIRECT] [Fatal Error] :1:1: Premature end of file.
2026-08-10 00:06:11,562 [ERROR] LogOutputStream:75 - [STDERR_REDIRECT] 
2026-08-10 00:06:12,561 [ERROR] LogOutputStream:75 - [STDERR_REDIRECT] [Fatal Error] :1:1: Premature end of file.
2026-08-10 00:06:12,561 [ERROR] LogOutputStream:75 - [STDERR_REDIRECT] 
2026-08-10 00:06:13,575 [ERROR] LogOutputStream:75 - [STDERR_REDIRECT] [Fatal Error] :1:1: Premature end of file.
2026-08-10 00:06:13,576 [ERROR] LogOutputStream:75 - [STDERR_REDIRECT] 
2026-08-10 00:06:14,573 [ERROR] LogOutputStream:75 - [STDERR_REDIRECT] [Fatal Error] :1:1: Premature end of file.
2026-08-10 00:06:14,573 [ERROR] LogOutputStream:75 - [STDERR_REDIRECT] 
2026-08-10 00:06:15,573 [ERROR] LogOutputStream:75 - [STDERR_REDIRECT] [Fatal Error] :1:1: Premature end of file.
2026-08-10 00:06:15,573 [ERROR] LogOutputStream:75 - [STDERR_REDIRECT] 
2026-08-10 00:06:16,570 [ERROR] LogOutputStream:75 - [STDERR_REDIRECT] [Fatal Error] :1:1: Premature end of file.
2026-08-10 00:06:16,570 [ERROR] LogOutputStream:75 - [STDERR_REDIRECT] 
2026-08-10 00:06:17,570 [ERROR] LogOutputStream:75 - [STDERR_REDIRECT] [Fatal Error] :1:1: Premature end of file.
2026-08-10 00:06:17,570 [ERROR] LogOutputStream:75 - [STDERR_REDIRECT] 
2026-08-10 00:06:18,572 [ERROR] LogOutputStream:75 - [STDERR_REDIRECT] [Fatal Error] :1:1: Premature end of file.
2026-08-10 00:06:18,573 [ERROR] LogOutputStream:75 - [STDERR_REDIRECT] 
2026-08-10 00:06:19,570 [ERROR] LogOutputStream:75 - [STDERR_REDIRECT] [Fatal Error] :1:1: Premature end of file.
2026-08-10 00:06:19,572 [ERROR] LogOutputStream:75 - [STDERR_REDIRECT] 
2026-08-10 00:06:20,560 [ERROR] LogOutputStream:75 - [STDERR_REDIRECT] [Fatal Error] :1:1: Premature end of file.
2026-08-10 00:06:20,561 [ERROR] LogOutputStream:75 - [STDERR_REDIRECT] 
2026-08-10 00:06:21,566 [ERROR] LogOutputStream:75 - [STDERR_REDIRECT] [Fatal Error] :1:1: Premature end of file.
2026-08-10 00:06:21,566 [ERROR] LogOutputStream:75 - [STDERR_REDIRECT] 
2026-08-10 00:06:22,562 [ERROR] LogOutputStream:75 - [STDERR_REDIRECT] [Fatal Error] :1:1: Premature end of file.
2026-08-10 00:06:22,563 [ERROR] LogOutputStream:75 - [STDERR_REDIRECT] 
2026-08-10 00:06:23,568 [ERROR] LogOutputStream:75 - [STDERR_REDIRECT] [Fatal Error] :1:1: Premature end of file.
2026-08-10 00:06:23,569 [ERROR] LogOutputStream:75 - [STDERR_REDIRECT] 
2026-08-10 00:06:24,562 [ERROR] LogOutputStream:75 - [STDERR_REDIRECT] [Fatal Error] :1:1: Premature end of file.
2026-08-10 00:06:24,562 [ERROR] LogOutputStream:75 - [STDERR_REDIRECT] 
2026-08-10 00:06:25,568 [ERROR] LogOutputStream:75 - [STDERR_REDIRECT] [Fatal Error] :1:1: Premature end of file.
2026-08-10 00:06:25,568 [ERROR] LogOutputStream:75 - [STDERR_REDIRECT] 
2026-08-10 00:06:26,568 [ERROR] LogOutputStream:75 - [STDERR_REDIRECT] [Fatal Error] :1:1: Premature end of file.
2026-08-10 00:06:26,568 [ERROR] LogOutputStream:75 - [STDERR_REDIRECT] 
2026-08-10 00:06:27,571 [ERROR] LogOutputStream:75 - [STDERR_REDIRECT] [Fatal Error] :1:1: Premature end of file.
2026-08-10 00:06:27,571 [ERROR] LogOutputStream:75 - [STDERR_REDIRECT] 
2026-08-10 00:06:28,566 [ERROR] LogOutputStream:75 - [STDERR_REDIRECT] [Fatal Error] :1:1: Premature end of file.
2026-08-10 00:06:28,566 [ERROR] LogOutputStream:75 - [STDERR_REDIRECT] 
2026-08-10 00:06:29,561 [ERROR] LogOutputStream:75 - [STDERR_REDIRECT] [Fatal Error] :1:1: Premature end of file.
2026-08-10 00:06:29,561 [ERROR] LogOutputStream:75 - [STDERR_REDIRECT] 
2026-08-10 00:06:30,568 [ERROR] LogOutputStream:75 - [STDERR_REDIRECT] [Fatal Error] :1:1: Premature end of file.
2026-08-10 00:06:30,568 [ERROR] LogOutputStream:75 - [STDERR_REDIRECT] 
2026-08-10 00:06:31,575 [ERROR] LogOutputStream:75 - [STDERR_REDIRECT] [Fatal Error] :1:1: Premature end of file.
2026-08-10 00:06:31,575 [ERROR] LogOutputStream:75 - [STDERR_REDIRECT] 
2026-08-10 00:06:32,564 [ERROR] LogOutputStream:75 - [STDERR_REDIRECT] [Fatal Error] :1:1: Premature end of file.
2026-08-10 00:06:32,564 [ERROR] LogOutputStream:75 - [STDERR_REDIRECT] 
2026-08-10 00:06:33,580 [ERROR] LogOutputStream:75 - [STDERR_REDIRECT] [Fatal Error] :1:1: Premature end of file.
2026-08-10 00:06:33,580 [ERROR] LogOutputStream:75 - [STDERR_REDIRECT] 
2026-08-10 00:06:34,559 [ERROR] LogOutputStream:75 - [STDERR_REDIRECT] [Fatal Error] :1:1: Premature end of file.
2026-08-10 00:06:34,559 [ERROR] LogOutputStream:75 - [STDERR_REDIRECT] 
2026-08-10 00:06:35,566 [ERROR] LogOutputStream:75 - [STDERR_REDIRECT] [Fatal Error] :1:1: Premature end of file.
2026-08-10 00:06:35,566 [ERROR] LogOutputStream:75 - [STDERR_REDIRECT] 
2026-08-10 00:06:36,570 [ERROR] LogOutputStream:75 - [STDERR_REDIRECT] [Fatal Error] :1:1: Premature end of file.
2026-08-10 00:06:36,570 [ERROR] LogOutputStream:75 - [STDERR_REDIRECT] 
2026-08-10 00:06:37,564 [ERROR] LogOutputStream:75 - [STDERR_REDIRECT] [Fatal Error] :1:1: Premature end of file.
2026-08-10 00:06:37,564 [ERROR] LogOutputStream:75 - [STDERR_REDIRECT] 
2026-08-10 00:06:38,564 [ERROR] LogOutputStream:75 - [STDERR_REDIRECT] [Fatal Error] :1:1: Premature end of file.
2026-08-10 00:06:38,564 [ERROR] LogOutputStream:75 - [STDERR_REDIRECT] 
2026-08-10 00:06:39,563 [ERROR] LogOutputStream:75 - [STDERR_REDIRECT] [Fatal Error] :1:1: Premature end of file.
2026-08-10 00:06:39,563 [ERROR] LogOutputStream:75 - [STDERR_REDIRECT] 
2026-08-10 00:06:40,561 [ERROR] LogOutputStream:75 - [STDERR_REDIRECT] [Fatal Error] :1:1: Premature end of file.
2026-08-10 00:06:40,561 [ERROR] LogOutputStream:75 - [STDERR_REDIRECT] 
2026-08-10 00:06:41,572 [ERROR] LogOutputStream:75 - [STDERR_REDIRECT] [Fatal Error] :1:1: Premature end of file.
2026-08-10 00:06:41,572 [ERROR] LogOutputStream:75 - [STDERR_REDIRECT] 
2026-08-10 00:06:42,569 [ERROR] LogOutputStream:75 - [STDERR_REDIRECT] [Fatal Error] :1:1: Premature end of file.
2026-08-10 00:06:42,570 [ERROR] LogOutputStream:75 - [STDERR_REDIRECT] 
2026-08-10 00:06:43,579 [ERROR] LogOutputStream:75 - [STDERR_REDIRECT] [Fatal Error] :1:1: Premature end of file.
2026-08-10 00:06:43,580 [ERROR] LogOutputStream:75 - [STDERR_REDIRECT] 
2026-08-10 00:06:44,575 [ERROR] LogOutputStream:75 - [STDERR_REDIRECT] [Fatal Error] :1:1: Premature end of file.
2026-08-10 00:06:44,575 [ERROR] LogOutputStream:75 - [STDERR_REDIRECT] 
2026-08-10 00:06:45,579 [ERROR] LogOutputStream:75 - [STDERR_REDIRECT] [Fatal Error] :1:1: Premature end of file.
2026-08-10 00:06:45,580 [ERROR] LogOutputStream:75 - [STDERR_REDIRECT] 
2026-08-10 00:06:46,570 [ERROR] LogOutputStream:75 - [STDERR_REDIRECT] [Fatal Error] :1:1: Premature end of file.
2026-08-10 00:06:46,570 [ERROR] LogOutputStream:75 - [STDERR_REDIRECT] 
2026-08-10 00:06:47,560 [ERROR] LogOutputStream:75 - [STDERR_REDIRECT] [Fatal Error] :1:1: Premature end of file.
2026-08-10 00:06:47,560 [ERROR] LogOutputStream:75 - [STDERR_REDIRECT] 
2026-08-10 00:06:48,560 [ERROR] LogOutputStream:75 - [STDERR_REDIRECT] [Fatal Error] :1:1: Premature end of file.
2026-08-10 00:06:48,560 [ERROR] LogOutputStream:75 - [STDERR_REDIRECT] 
2026-08-10 00:06:49,568 [ERROR] LogOutputStream:75 - [STDERR_REDIRECT] [Fatal Error] :1:1: Premature end of file.
2026-08-10 00:06:49,568 [ERROR] LogOutputStream:75 - [STDERR_REDIRECT] 
2026-08-10 00:06:50,565 [ERROR] LogOutputStream:75 - [STDERR_REDIRECT] [Fatal Error] :1:1: Premature end of file.
2026-08-10 00:06:50,565 [ERROR] LogOutputStream:75 - [STDERR_REDIRECT] 
2026-08-10 00:06:51,572 [ERROR] LogOutputStream:75 - [STDERR_REDIRECT] [Fatal Error] :1:1: Premature end of file.
2026-08-10 00:06:51,572 [ERROR] LogOutputStream:75 - [STDERR_REDIRECT] 
2026-08-10 00:06:52,561 [ERROR] LogOutputStream:75 - [STDERR_REDIRECT] [Fatal Error] :1:1: Premature end of file.
2026-08-10 00:06:52,562 [ERROR] LogOutputStream:75 - [STDERR_REDIRECT] 
2026-08-10 00:06:53,562 [ERROR] LogOutputStream:75 - [STDERR_REDIRECT] [Fatal Error] :1:1: Premature end of file.
2026-08-10 00:06:53,562 [ERROR] LogOutputStream:75 - [STDERR_REDIRECT] 
2026-08-10 00:06:54,561 [ERROR] LogOutputStream:75 - [STDERR_REDIRECT] [Fatal Error] :1:1: Premature end of file.
2026-08-10 00:06:54,561 [ERROR] LogOutputStream:75 - [STDERR_REDIRECT] 
2026-08-10 00:06:55,559 [ERROR] LogOutputStream:75 - [STDERR_REDIRECT] [Fatal Error] :1:1: Premature end of file.
2026-08-10 00:06:55,559 [ERROR] LogOutputStream:75 - [STDERR_REDIRECT] 
2026-08-10 00:06:56,558 [ERROR] LogOutputStream:75 - [STDERR_REDIRECT] [Fatal Error] :1:1: Premature end of file.
2026-08-10 00:06:56,558 [ERROR] LogOutputStream:75 - [STDERR_REDIRECT] 
2026-08-10 00:06:57,559 [ERROR] LogOutputStream:75 - [STDERR_REDIRECT] [Fatal Error] :1:1: Premature end of file.
2026-08-10 00:06:57,559 [ERROR] LogOutputStream:75 - [STDERR_REDIRECT] 
2026-08-10 00:06:58,560 [ERROR] LogOutputStream:75 - [STDERR_REDIRECT] [Fatal Error] :1:1: Premature end of file.
2026-08-10 00:06:58,560 [ERROR] LogOutputStream:75 - [STDERR_REDIRECT] 
2026-08-10 00:06:59,562 [ERROR] LogOutputStream:75 - [STDERR_REDIRECT] [Fatal Error] :1:1: Premature end of file.
2026-08-10 00:06:59,562 [ERROR] LogOutputStream:75 - [STDERR_REDIRECT] 
2026-08-10 00:07:00,561 [ERROR] LogOutputStream:75 - [STDERR_REDIRECT] [Fatal Error] :1:1: Premature end of file.
2026-08-10 00:07:00,561 [ERROR] LogOutputStream:75 - [STDERR_REDIRECT] 
2026-08-10 00:07:01,564 [ERROR] LogOutputStream:75 - [STDERR_REDIRECT] [Fatal Error] :1:1: Premature end of file.
2026-08-10 00:07:01,565 [ERROR] LogOutputStream:75 - [STDERR_REDIRECT] 
2026-08-10 00:07:02,561 [ERROR] LogOutputStream:75 - [STDERR_REDIRECT] [Fatal Error] :1:1: Premature end of file.
2026-08-10 00:07:02,561 [ERROR] LogOutputStream:75 - [STDERR_REDIRECT] 
2026-08-10 00:07:03,560 [ERROR] LogOutputStream:75 - [STDERR_REDIRECT] [Fatal Error] :1:1: Premature end of file.
2026-08-10 00:07:03,560 [ERROR] LogOutputStream:75 - [STDERR_REDIRECT] 
2026-08-10 00:07:04,560 [ERROR] LogOutputStream:75 - [STDERR_REDIRECT] [Fatal Error] :1:1: Premature end of file.
2026-08-10 00:07:04,561 [ERROR] LogOutputStream:75 - [STDERR_REDIRECT] 
2026-08-10 00:07:05,559 [ERROR] LogOutputStream:75 - [STDERR_REDIRECT] [Fatal Error] :1:1: Premature end of file.
2026-08-10 00:07:05,559 [ERROR] LogOutputStream:75 - [STDERR_REDIRECT] 
2026-08-10 00:07:06,560 [ERROR] LogOutputStream:75 - [STDERR_REDIRECT] [Fatal Error] :1:1: Premature end of file.
2026-08-10 00:07:06,560 [ERROR] LogOutputStream:75 - [STDERR_REDIRECT] 
2026-08-10 00:07:07,560 [ERROR] LogOutputStream:75 - [STDERR_REDIRECT] [Fatal Error] :1:1: Premature end of file.
2026-08-10 00:07:07,561 [ERROR] LogOutputStream:75 - [STDERR_REDIRECT] 
2026-08-10 00:07:08,560 [ERROR] LogOutputStream:75 - [STDERR_REDIRECT] [Fatal Error] :1:1: Premature end of file.
2026-08-10 00:07:08,560 [ERROR] LogOutputStream:75 - [STDERR_REDIRECT] 
2026-08-10 00:07:09,562 [ERROR] LogOutputStream:75 - [STDERR_REDIRECT] [Fatal Error] :1:1: Premature end of file.
2026-08-10 00:07:09,562 [ERROR] LogOutputStream:75 - [STDERR_REDIRECT] 
2026-08-10 00:07:10,559 [ERROR] LogOutputStream:75 - [STDERR_REDIRECT] [Fatal Error] :1:1: Premature end of file.
2026-08-10 00:07:10,559 [ERROR] LogOutputStream:75 - [STDERR_REDIRECT] 
2026-08-10 00:07:11,559 [ERROR] LogOutputStream:75 - [STDERR_REDIRECT] [Fatal Error] :1:1: Premature end of file.
2026-08-10 00:07:11,559 [ERROR] LogOutputStream:75 - [STDERR_REDIRECT] 
2026-08-10 00:07:12,563 [ERROR] LogOutputStream:75 - [STDERR_REDIRECT] [Fatal Error] :1:1: Premature end of file.
2026-08-10 00:07:12,563 [ERROR] LogOutputStream:75 - [STDERR_REDIRECT] 
2026-08-10 00:07:13,557 [ERROR] LogOutputStream:75 - [STDERR_REDIRECT] [Fatal Error] :1:1: Premature end of file.
2026-08-10 00:07:13,558 [ERROR] LogOutputStream:75 - [STDERR_REDIRECT] 
2026-08-10 00:07:14,561 [ERROR] LogOutputStream:75 - [STDERR_REDIRECT] [Fatal Error] :1:1: Premature end of file.
2026-08-10 00:07:14,561 [ERROR] LogOutputStream:75 - [STDERR_REDIRECT] 
2026-08-10 00:07:15,562 [ERROR] LogOutputStream:75 - [STDERR_REDIRECT] [Fatal Error] :1:1: Premature end of file.
2026-08-10 00:07:15,562 [ERROR] LogOutputStream:75 - [STDERR_REDIRECT] 
2026-08-10 00:07:16,560 [ERROR] LogOutputStream:75 - [STDERR_REDIRECT] [Fatal Error] :1:1: Premature end of file.
2026-08-10 00:07:16,560 [ERROR] LogOutputStream:75 - [STDERR_REDIRECT] 
2026-08-10 00:07:17,563 [ERROR] LogOutputStream:75 - [STDERR_REDIRECT] [Fatal Error] :1:1: Premature end of file.
2026-08-10 00:07:17,563 [ERROR] LogOutputStream:75 - [STDERR_REDIRECT] 
2026-08-10 00:07:18,559 [ERROR] LogOutputStream:75 - [STDERR_REDIRECT] [Fatal Error] :1:1: Premature end of file.
2026-08-10 00:07:18,559 [ERROR] LogOutputStream:75 - [STDERR_REDIRECT] 
2026-08-10 00:07:19,563 [ERROR] LogOutputStream:75 - [STDERR_REDIRECT] [Fatal Error] :1:1: Premature end of file.
2026-08-10 00:07:19,563 [ERROR] LogOutputStream:75 - [STDERR_REDIRECT] 
2026-08-10 00:07:20,559 [ERROR] LogOutputStream:75 - [STDERR_REDIRECT] [Fatal Error] :1:1: Premature end of file.
2026-08-10 00:07:20,559 [ERROR] LogOutputStream:75 - [STDERR_REDIRECT] 
2026-08-10 00:07:21,563 [ERROR] LogOutputStream:75 - [STDERR_REDIRECT] [Fatal Error] :1:1: Premature end of file.
2026-08-10 00:07:21,563 [ERROR] LogOutputStream:75 - [STDERR_REDIRECT] 
2026-08-10 00:07:22,561 [ERROR] LogOutputStream:75 - [STDERR_REDIRECT] [Fatal Error] :1:1: Premature end of file.
2026-08-10 00:07:22,561 [ERROR] LogOutputStream:75 - [STDERR_REDIRECT] 
2026-08-10 00:07:23,563 [ERROR] LogOutputStream:75 - [STDERR_REDIRECT] [Fatal Error] :1:1: Premature end of file.
2026-08-10 00:07:23,563 [ERROR] LogOutputStream:75 - [STDERR_REDIRECT] 
2026-08-10 00:07:24,563 [ERROR] LogOutputStream:75 - [STDERR_REDIRECT] [Fatal Error] :1:1: Premature end of file.
2026-08-10 00:07:24,563 [ERROR] LogOutputStream:75 - [STDERR_REDIRECT] 
2026-08-10 00:07:25,562 [ERROR] LogOutputStream:75 - [STDERR_REDIRECT] [Fatal Error] :1:1: Premature end of file.
2026-08-10 00:07:25,562 [ERROR] LogOutputStream:75 - [STDERR_REDIRECT] 
2026-08-10 00:07:26,562 [ERROR] LogOutputStream:75 - [STDERR_REDIRECT] [Fatal Error] :1:1: Premature end of file.
2026-08-10 00:07:26,562 [ERROR] LogOutputStream:75 - [STDERR_REDIRECT] 
2026-08-10 00:07:27,559 [ERROR] LogOutputStream:75 - [STDERR_REDIRECT] [Fatal Error] :1:1: Premature end of file.
2026-08-10 00:07:27,559 [ERROR] LogOutputStream:75 - [STDERR_REDIRECT] 
2026-08-10 00:07:28,571 [ERROR] LogOutputStream:75 - [STDERR_REDIRECT] [Fatal Error] :1:1: Premature end of file.
2026-08-10 00:07:28,571 [ERROR] LogOutputStream:75 - [STDERR_REDIRECT] 
2026-08-10 00:07:29,560 [ERROR] LogOutputStream:75 - [STDERR_REDIRECT] [Fatal Error] :1:1: Premature end of file.
2026-08-10 00:07:29,560 [ERROR] LogOutputStream:75 - [STDERR_REDIRECT] 
2026-08-10 00:07:30,560 [ERROR] LogOutputStream:75 - [STDERR_REDIRECT] [Fatal Error] :1:1: Premature end of file.
2026-08-10 00:07:30,561 [ERROR] LogOutputStream:75 - [STDERR_REDIRECT] 
2026-08-10 00:07:31,562 [ERROR] LogOutputStream:75 - [STDERR_REDIRECT] [Fatal Error] :1:1: Premature end of file.
2026-08-10 00:07:31,562 [ERROR] LogOutputStream:75 - [STDERR_REDIRECT] 
2026-08-10 00:07:32,561 [ERROR] LogOutputStream:75 - [STDERR_REDIRECT] [Fatal Error] :1:1: Premature end of file.
2026-08-10 00:07:32,561 [ERROR] LogOutputStream:75 - [STDERR_REDIRECT] 
2026-08-10 00:07:33,559 [ERROR] LogOutputStream:75 - [STDERR_REDIRECT] [Fatal Error] :1:1: Premature end of file.
2026-08-10 00:07:33,559 [ERROR] LogOutputStream:75 - [STDERR_REDIRECT] 
2026-08-10 00:07:34,560 [ERROR] LogOutputStream:75 - [STDERR_REDIRECT] [Fatal Error] :1:1: Premature end of file.
2026-08-10 00:07:34,560 [ERROR] LogOutputStream:75 - [STDERR_REDIRECT] 
2026-08-10 00:07:35,560 [ERROR] LogOutputStream:75 - [STDERR_REDIRECT] [Fatal Error] :1:1: Premature end of file.
2026-08-10 00:07:35,560 [ERROR] LogOutputStream:75 - [STDERR_REDIRECT] 
2026-08-10 00:07:36,561 [ERROR] LogOutputStream:75 - [STDERR_REDIRECT] [Fatal Error] :1:1: Premature end of file.
2026-08-10 00:07:36,561 [ERROR] LogOutputStream:75 - [STDERR_REDIRECT] 
2026-08-10 00:07:37,563 [ERROR] LogOutputStream:75 - [STDERR_REDIRECT] [Fatal Error] :1:1: Premature end of file.
2026-08-10 00:07:37,563 [ERROR] LogOutputStream:75 - [STDERR_REDIRECT] 
2026-08-10 00:07:38,563 [ERROR] LogOutputStream:75 - [STDERR_REDIRECT] [Fatal Error] :1:1: Premature end of file.
2026-08-10 00:07:38,563 [ERROR] LogOutputStream:75 - [STDERR_REDIRECT] 
2026-08-10 00:07:39,561 [ERROR] LogOutputStream:75 - [STDERR_REDIRECT] [Fatal Error] :1:1: Premature end of file.
2026-08-10 00:07:39,561 [ERROR] LogOutputStream:75 - [STDERR_REDIRECT] 
2026-08-10 00:07:40,560 [ERROR] LogOutputStream:75 - [STDERR_REDIRECT] [Fatal Error] :1:1: Premature end of file.
2026-08-10 00:07:40,560 [ERROR] LogOutputStream:75 - [STDERR_REDIRECT] 
2026-08-10 00:07:41,559 [ERROR] LogOutputStream:75 - [STDERR_REDIRECT] [Fatal Error] :1:1: Premature end of file.
2026-08-10 00:07:41,559 [ERROR] LogOutputStream:75 - [STDERR_REDIRECT] 
2026-08-10 00:07:42,558 [ERROR] LogOutputStream:75 - [STDERR_REDIRECT] [Fatal Error] :1:1: Premature end of file.
2026-08-10 00:07:42,558 [ERROR] LogOutputStream:75 - [STDERR_REDIRECT] 
2026-08-10 00:07:43,560 [ERROR] LogOutputStream:75 - [STDERR_REDIRECT] [Fatal Error] :1:1: Premature end of file.
2026-08-10 00:07:43,560 [ERROR] LogOutputStream:75 - [STDERR_REDIRECT] 
2026-08-10 00:07:44,560 [ERROR] LogOutputStream:75 - [STDERR_REDIRECT] [Fatal Error] :1:1: Premature end of file.
2026-08-10 00:07:44,560 [ERROR] LogOutputStream:75 - [STDERR_REDIRECT] 
2026-08-10 00:07:45,566 [ERROR] LogOutputStream:75 - [STDERR_REDIRECT] [Fatal Error] :1:1: Premature end of file.
2026-08-10 00:07:45,566 [ERROR] LogOutputStream:75 - [STDERR_REDIRECT] 
2026-08-10 00:07:46,549 [ERROR] LogOutputStream:75 - [STDERR_REDIRECT] [Fatal Error] :1:1: Premature end of file.
2026-08-10 00:07:46,549 [ERROR] LogOutputStream:75 - [STDERR_REDIRECT] 
2026-08-10 00:07:47,568 [ERROR] LogOutputStream:75 - [STDERR_REDIRECT] [Fatal Error] :1:1: Premature end of file.
2026-08-10 00:07:47,568 [ERROR] LogOutputStream:75 - [STDERR_REDIRECT] 
2026-08-10 00:07:48,552 [ERROR] LogOutputStream:75 - [STDERR_REDIRECT] [Fatal Error] :1:1: Premature end of file.
2026-08-10 00:07:48,552 [ERROR] LogOutputStream:75 - [STDERR_REDIRECT] 
2026-08-10 00:07:49,561 [ERROR] LogOutputStream:75 - [STDERR_REDIRECT] [Fatal Error] :1:1: Premature end of file.
2026-08-10 00:07:49,561 [ERROR] LogOutputStream:75 - [STDERR_REDIRECT] 
2026-08-10 00:07:50,568 [ERROR] LogOutputStream:75 - [STDERR_REDIRECT] [Fatal Error] :1:1: Premature end of file.
2026-08-10 00:07:50,568 [ERROR] LogOutputStream:75 - [STDERR_REDIRECT] 
2026-08-10 00:07:51,556 [ERROR] LogOutputStream:75 - [STDERR_REDIRECT] [Fatal Error] :1:1: Premature end of file.
2026-08-10 00:07:51,556 [ERROR] LogOutputStream:75 - [STDERR_REDIRECT] 
2026-08-10 00:07:52,552 [ERROR] LogOutputStream:75 - [STDERR_REDIRECT] [Fatal Error] :1:1: Premature end of file.
2026-08-10 00:07:52,552 [ERROR] LogOutputStream:75 - [STDERR_REDIRECT] 
2026-08-10 00:07:53,559 [ERROR] LogOutputStream:75 - [STDERR_REDIRECT] [Fatal Error] :1:1: Premature end of file.
2026-08-10 00:07:53,559 [ERROR] LogOutputStream:75 - [STDERR_REDIRECT] 
2026-08-10 00:07:54,549 [ERROR] LogOutputStream:75 - [STDERR_REDIRECT] [Fatal Error] :1:1: Premature end of file.
2026-08-10 00:07:54,549 [ERROR] LogOutputStream:75 - [STDERR_REDIRECT] 
2026-08-10 00:07:55,563 [ERROR] LogOutputStream:75 - [STDERR_REDIRECT] [Fatal Error] :1:1: Premature end of file.
2026-08-10 00:07:55,563 [ERROR] LogOutputStream:75 - [STDERR_REDIRECT] 
2026-08-10 00:07:56,568 [ERROR] LogOutputStream:75 - [STDERR_REDIRECT] [Fatal Error] :1:1: Premature end of file.
2026-08-10 00:07:56,568 [ERROR] LogOutputStream:75 - [STDERR_REDIRECT] 
2026-08-10 00:07:57,554 [ERROR] LogOutputStream:75 - [STDERR_REDIRECT] [Fatal Error] :1:1: Premature end of file.
2026-08-10 00:07:57,554 [ERROR] LogOutputStream:75 - [STDERR_REDIRECT] 
2026-08-10 00:07:58,559 [ERROR] LogOutputStream:75 - [STDERR_REDIRECT] [Fatal Error] :1:1: Premature end of file.
2026-08-10 00:07:58,559 [ERROR] LogOutputStream:75 - [STDERR_REDIRECT] 
2026-08-10 00:07:59,568 [ERROR] LogOutputStream:75 - [STDERR_REDIRECT] [Fatal Error] :1:1: Premature end of file.
2026-08-10 00:07:59,568 [ERROR] LogOutputStream:75 - [STDERR_REDIRECT] 
2026-08-10 00:08:00,552 [ERROR] LogOutputStream:75 - [STDERR_REDIRECT] [Fatal Error] :1:1: Premature end of file.
2026-08-10 00:08:00,552 [ERROR] LogOutputStream:75 - [STDERR_REDIRECT] 
2026-08-10 00:08:01,562 [ERROR] LogOutputStream:75 - [STDERR_REDIRECT] [Fatal Error] :1:1: Premature end of file.
2026-08-10 00:08:01,562 [ERROR] LogOutputStream:75 - [STDERR_REDIRECT] 
2026-08-10 00:08:02,568 [ERROR] LogOutputStream:75 - [STDERR_REDIRECT] [Fatal Error] :1:1: Premature end of file.
2026-08-10 00:08:02,568 [ERROR] LogOutputStream:75 - [STDERR_REDIRECT] 
2026-08-10 00:08:03,563 [ERROR] LogOutputStream:75 - [STDERR_REDIRECT] [Fatal Error] :1:1: Premature end of file.
2026-08-10 00:08:03,563 [ERROR] LogOutputStream:75 - [STDERR_REDIRECT] 
2026-08-10 00:08:04,572 [ERROR] LogOutputStream:75 - [STDERR_REDIRECT] [Fatal Error] :1:1: Premature end of file.
2026-08-10 00:08:04,572 [ERROR] LogOutputStream:75 - [STDERR_REDIRECT] 
2026-08-10 00:08:05,551 [ERROR] LogOutputStream:75 - [STDERR_REDIRECT] [Fatal Error] :1:1: Premature end of file.
2026-08-10 00:08:05,551 [ERROR] LogOutputStream:75 - [STDERR_REDIRECT] 
2026-08-10 00:08:06,563 [ERROR] LogOutputStream:75 - [STDERR_REDIRECT] [Fatal Error] :1:1: Premature end of file.
2026-08-10 00:08:06,563 [ERROR] LogOutputStream:75 - [STDERR_REDIRECT] 
2026-08-10 00:08:07,554 [ERROR] LogOutputStream:75 - [STDERR_REDIRECT] [Fatal Error] :1:1: Premature end of file.
2026-08-10 00:08:07,554 [ERROR] LogOutputStream:75 - [STDERR_REDIRECT] 
2026-08-10 00:08:08,568 [ERROR] LogOutputStream:75 - [STDERR_REDIRECT] [Fatal Error] :1:1: Premature end of file.
2026-08-10 00:08:08,568 [ERROR] LogOutputStream:75 - [STDERR_REDIRECT] 
2026-08-10 00:08:09,560 [ERROR] LogOutputStream:75 - [STDERR_REDIRECT] [Fatal Error] :1:1: Premature end of file.
2026-08-10 00:08:09,560 [ERROR] LogOutputStream:75 - [STDERR_REDIRECT] 
2026-08-10 00:08:10,561 [ERROR] LogOutputStream:75 - [STDERR_REDIRECT] [Fatal Error] :1:1: Premature end of file.
2026-08-10 00:08:10,561 [ERROR] LogOutputStream:75 - [STDERR_REDIRECT] 
2026-08-10 00:08:11,572 [ERROR] LogOutputStream:75 - [STDERR_REDIRECT] [Fatal Error] :1:1: Premature end of file.
2026-08-10 00:08:11,572 [ERROR] LogOutputStream:75 - [STDERR_REDIRECT] 
2026-08-10 00:08:12,552 [ERROR] LogOutputStream:75 - [STDERR_REDIRECT] [Fatal Error] :1:1: Premature end of file.
2026-08-10 00:08:12,552 [ERROR] LogOutputStream:75 - [STDERR_REDIRECT] 
2026-08-10 00:08:13,560 [ERROR] LogOutputStream:75 - [STDERR_REDIRECT] [Fatal Error] :1:1: Premature end of file.
2026-08-10 00:08:13,560 [ERROR] LogOutputStream:75 - [STDERR_REDIRECT] 
2026-08-10 00:08:14,568 [ERROR] LogOutputStream:75 - [STDERR_REDIRECT] [Fatal Error] :1:1: Premature end of file.
2026-08-10 00:08:14,568 [ERROR] LogOutputStream:75 - [STDERR_REDIRECT] 
2026-08-10 00:08:15,559 [ERROR] LogOutputStream:75 - [STDERR_REDIRECT] [Fatal Error] :1:1: Premature end of file.
2026-08-10 00:08:15,559 [ERROR] LogOutputStream:75 - [STDERR_REDIRECT] 
2026-08-10 00:08:16,561 [ERROR] LogOutputStream:75 - [STDERR_REDIRECT] [Fatal Error] :1:1: Premature end of file.
2026-08-10 00:08:16,561 [ERROR] LogOutputStream:75 - [STDERR_REDIRECT] 
2026-08-10 00:08:17,568 [ERROR] LogOutputStream:75 - [STDERR_REDIRECT] [Fatal Error] :1:1: Premature end of file.
2026-08-10 00:08:17,568 [ERROR] LogOutputStream:75 - [STDERR_REDIRECT] 
2026-08-10 00:08:18,559 [ERROR] LogOutputStream:75 - [STDERR_REDIRECT] [Fatal Error] :1:1: Premature end of file.
2026-08-10 00:08:18,559 [ERROR] LogOutputStream:75 - [STDERR_REDIRECT] 
2026-08-10 00:08:19,559 [ERROR] LogOutputStream:75 - [STDERR_REDIRECT] [Fatal Error] :1:1: Premature end of file.
2026-08-10 00:08:19,559 [ERROR] LogOutputStream:75 - [STDERR_REDIRECT] 
2026-08-10 00:08:20,563 [ERROR] LogOutputStream:75 - [STDERR_REDIRECT] [Fatal Error] :1:1: Premature end of file.
2026-08-10 00:08:20,563 [ERROR] LogOutputStream:75 - [STDERR_REDIRECT] 
2026-08-10 00:08:21,550 [ERROR] LogOutputStream:75 - [STDERR_REDIRECT] [Fatal Error] :1:1: Premature end of file.
2026-08-10 00:08:21,550 [ERROR] LogOutputStream:75 - [STDERR_REDIRECT] 
2026-08-10 00:08:22,550 [ERROR] LogOutputStream:75 - [STDERR_REDIRECT] [Fatal Error] :1:1: Premature end of file.
2026-08-10 00:08:22,550 [ERROR] LogOutputStream:75 - [STDERR_REDIRECT] 
2026-08-10 00:08:23,568 [ERROR] LogOutputStream:75 - [STDERR_REDIRECT] [Fatal Error] :1:1: Premature end of file.
2026-08-10 00:08:23,573 [ERROR] LogOutputStream:75 - [STDERR_REDIRECT] 
2026-08-10 00:08:24,561 [ERROR] LogOutputStream:75 - [STDERR_REDIRECT] [Fatal Error] :1:1: Premature end of file.
2026-08-10 00:08:24,561 [ERROR] LogOutputStream:75 - [STDERR_REDIRECT] 
2026-08-10 00:08:25,549 [ERROR] LogOutputStream:75 - [STDERR_REDIRECT] [Fatal Error] :1:1: Premature end of file.
2026-08-10 00:08:25,549 [ERROR] LogOutputStream:75 - [STDERR_REDIRECT] 
2026-08-10 00:08:26,568 [ERROR] LogOutputStream:75 - [STDERR_REDIRECT] [Fatal Error] :1:1: Premature end of file.
2026-08-10 00:08:26,568 [ERROR] LogOutputStream:75 - [STDERR_REDIRECT] 
2026-08-10 00:08:27,555 [ERROR] LogOutputStream:75 - [STDERR_REDIRECT] [Fatal Error] :1:1: Premature end of file.
2026-08-10 00:08:27,555 [ERROR] LogOutputStream:75 - [STDERR_REDIRECT] 
2026-08-10 00:08:28,560 [ERROR] LogOutputStream:75 - [STDERR_REDIRECT] [Fatal Error] :1:1: Premature end of file.
2026-08-10 00:08:28,560 [ERROR] LogOutputStream:75 - [STDERR_REDIRECT] 
2026-08-10 00:08:29,568 [ERROR] LogOutputStream:75 - [STDERR_REDIRECT] [Fatal Error] :1:1: Premature end of file.
2026-08-10 00:08:29,568 [ERROR] LogOutputStream:75 - [STDERR_REDIRECT] 
2026-08-10 00:08:30,558 [ERROR] LogOutputStream:75 - [STDERR_REDIRECT] [Fatal Error] :1:1: Premature end of file.
2026-08-10 00:08:30,558 [ERROR] LogOutputStream:75 - [STDERR_REDIRECT] 
2026-08-10 00:08:31,561 [ERROR] LogOutputStream:75 - [STDERR_REDIRECT] [Fatal Error] :1:1: Premature end of file.
2026-08-10 00:08:31,561 [ERROR] LogOutputStream:75 - [STDERR_REDIRECT] 
2026-08-10 00:08:32,568 [ERROR] LogOutputStream:75 - [STDERR_REDIRECT] [Fatal Error] :1:1: Premature end of file.
2026-08-10 00:08:32,568 [ERROR] LogOutputStream:75 - [STDERR_REDIRECT] 
2026-08-10 00:08:33,553 [ERROR] LogOutputStream:75 - [STDERR_REDIRECT] [Fatal Error] :1:1: Premature end of file.
2026-08-10 00:08:33,553 [ERROR] LogOutputStream:75 - [STDERR_REDIRECT] 
2026-08-10 00:08:34,565 [ERROR] LogOutputStream:75 - [STDERR_REDIRECT] [Fatal Error] :1:1: Premature end of file.
2026-08-10 00:08:34,565 [ERROR] LogOutputStream:75 - [STDERR_REDIRECT] 
2026-08-10 00:08:35,568 [ERROR] LogOutputStream:75 - [STDERR_REDIRECT] [Fatal Error] :1:1: Premature end of file.
2026-08-10 00:08:35,568 [ERROR] LogOutputStream:75 - [STDERR_REDIRECT] 
2026-08-10 00:08:36,555 [ERROR] LogOutputStream:75 - [STDERR_REDIRECT] [Fatal Error] :1:1: Premature end of file.
2026-08-10 00:08:36,555 [ERROR] LogOutputStream:75 - [STDERR_REDIRECT] 
2026-08-10 00:08:37,561 [ERROR] LogOutputStream:75 - [STDERR_REDIRECT] [Fatal Error] :1:1: Premature end of file.
2026-08-10 00:08:37,561 [ERROR] LogOutputStream:75 - [STDERR_REDIRECT] 
2026-08-10 00:08:38,568 [ERROR] LogOutputStream:75 - [STDERR_REDIRECT] [Fatal Error] :1:1: Premature end of file.
2026-08-10 00:08:38,568 [ERROR] LogOutputStream:75 - [STDERR_REDIRECT] 
2026-08-10 00:08:39,554 [ERROR] LogOutputStream:75 - [STDERR_REDIRECT] [Fatal Error] :1:1: Premature end of file.
2026-08-10 00:08:39,554 [ERROR] LogOutputStream:75 - [STDERR_REDIRECT] 
2026-08-10 00:08:40,561 [ERROR] LogOutputStream:75 - [STDERR_REDIRECT] [Fatal Error] :1:1: Premature end of file.
2026-08-10 00:08:40,561 [ERROR] LogOutputStream:75 - [STDERR_REDIRECT] 
2026-08-10 00:08:41,568 [ERROR] LogOutputStream:75 - [STDERR_REDIRECT] [Fatal Error] :1:1: Premature end of file.
2026-08-10 00:08:41,568 [ERROR] LogOutputStream:75 - [STDERR_REDIRECT] 
2026-08-10 00:08:42,553 [ERROR] LogOutputStream:75 - [STDERR_REDIRECT] [Fatal Error] :1:1: Premature end of file.
2026-08-10 00:08:42,553 [ERROR] LogOutputStream:75 - [STDERR_REDIRECT] 
2026-08-10 00:08:43,562 [ERROR] LogOutputStream:75 - [STDERR_REDIRECT] [Fatal Error] :1:1: Premature end of file.
2026-08-10 00:08:43,562 [ERROR] LogOutputStream:75 - [STDERR_REDIRECT] 
2026-08-10 00:08:44,568 [ERROR] LogOutputStream:75 - [STDERR_REDIRECT] [Fatal Error] :1:1: Premature end of file.
2026-08-10 00:08:44,568 [ERROR] LogOutputStream:75 - [STDERR_REDIRECT] 
2026-08-10 00:08:45,553 [ERROR] LogOutputStream:75 - [STDERR_REDIRECT] [Fatal Error] :1:1: Premature end of file.
2026-08-10 00:08:45,553 [ERROR] LogOutputStream:75 - [STDERR_REDIRECT] 
2026-08-10 00:08:46,561 [ERROR] LogOutputStream:75 - [STDERR_REDIRECT] [Fatal Error] :1:1: Premature end of file.
2026-08-10 00:08:46,561 [ERROR] LogOutputStream:75 - [STDERR_REDIRECT] 
2026-08-10 00:08:47,568 [ERROR] LogOutputStream:75 - [STDERR_REDIRECT] [Fatal Error] :1:1: Premature end of file.
2026-08-10 00:08:47,568 [ERROR] LogOutputStream:75 - [STDERR_REDIRECT] 
2026-08-10 00:08:48,554 [ERROR] LogOutputStream:75 - [STDERR_REDIRECT] [Fatal Error] :1:1: Premature end of file.
2026-08-10 00:08:48,554 [ERROR] LogOutputStream:75 - [STDERR_REDIRECT] 
2026-08-10 00:08:49,561 [ERROR] LogOutputStream:75 - [STDERR_REDIRECT] [Fatal Error] :1:1: Premature end of file.
2026-08-10 00:08:49,561 [ERROR] LogOutputStream:75 - [STDERR_REDIRECT] 
2026-08-10 00:08:50,568 [ERROR] LogOutputStream:75 - [STDERR_REDIRECT] [Fatal Error] :1:1: Premature end of file.
2026-08-10 00:08:50,568 [ERROR] LogOutputStream:75 - [STDERR_REDIRECT] 
2026-08-10 00:08:51,552 [ERROR] LogOutputStream:75 - [STDERR_REDIRECT] [Fatal Error] :1:1: Premature end of file.
2026-08-10 00:08:51,552 [ERROR] LogOutputStream:75 - [STDERR_REDIRECT] 
2026-08-10 00:08:52,564 [ERROR] LogOutputStream:75 - [STDERR_REDIRECT] [Fatal Error] :1:1: Premature end of file.
2026-08-10 00:08:52,564 [ERROR] LogOutputStream:75 - [STDERR_REDIRECT] 
2026-08-10 00:08:53,568 [ERROR] LogOutputStream:75 - [STDERR_REDIRECT] [Fatal Error] :1:1: Premature end of file.
2026-08-10 00:08:53,568 [ERROR] LogOutputStream:75 - [STDERR_REDIRECT] 
2026-08-10 00:08:54,552 [ERROR] LogOutputStream:75 - [STDERR_REDIRECT] [Fatal Error] :1:1: Premature end of file.
2026-08-10 00:08:54,552 [ERROR] LogOutputStream:75 - [STDERR_REDIRECT] 
2026-08-10 00:08:55,561 [ERROR] LogOutputStream:75 - [STDERR_REDIRECT] [Fatal Error] :1:1: Premature end of file.
2026-08-10 00:08:55,561 [ERROR] LogOutputStream:75 - [STDERR_REDIRECT] 
2026-08-10 00:08:56,568 [ERROR] LogOutputStream:75 - [STDERR_REDIRECT] [Fatal Error] :1:1: Premature end of file.
2026-08-10 00:08:56,568 [ERROR] LogOutputStream:75 - [STDERR_REDIRECT] 
2026-08-10 00:08:57,556 [ERROR] LogOutputStream:75 - [STDERR_REDIRECT] [Fatal Error] :1:1: Premature end of file.
2026-08-10 00:08:57,556 [ERROR] LogOutputStream:75 - [STDERR_REDIRECT] 
2026-08-10 00:08:58,563 [ERROR] LogOutputStream:75 - [STDERR_REDIRECT] [Fatal Error] :1:1: Premature end of file.
2026-08-10 00:08:58,563 [ERROR] LogOutputStream:75 - [STDERR_REDIRECT] 
2026-08-10 00:08:59,551 [ERROR] LogOutputStream:75 - [STDERR_REDIRECT] [Fatal Error] :1:1: Premature end of file.
2026-08-10 00:08:59,551 [ERROR] LogOutputStream:75 - [STDERR_REDIRECT] 
2026-08-10 00:09:00,561 [ERROR] LogOutputStream:75 - [STDERR_REDIRECT] [Fatal Error] :1:1: Premature end of file.
2026-08-10 00:09:00,561 [ERROR] LogOutputStream:75 - [STDERR_REDIRECT] 
2026-08-10 00:09:01,565 [ERROR] LogOutputStream:75 - [STDERR_REDIRECT] [Fatal Error] :1:1: Premature end of file.
2026-08-10 00:09:01,565 [ERROR] LogOutputStream:75 - [STDERR_REDIRECT] 
2026-08-10 00:09:02,568 [ERROR] LogOutputStream:75 - [STDERR_REDIRECT] [Fatal Error] :1:1: Premature end of file.
2026-08-10 00:09:02,568 [ERROR] LogOutputStream:75 - [STDERR_REDIRECT] 
2026-08-10 00:09:03,555 [ERROR] LogOutputStream:75 - [STDERR_REDIRECT] [Fatal Error] :1:1: Premature end of file.
2026-08-10 00:09:03,555 [ERROR] LogOutputStream:75 - [STDERR_REDIRECT] 
2026-08-10 00:09:04,561 [ERROR] LogOutputStream:75 - [STDERR_REDIRECT] [Fatal Error] :1:1: Premature end of file.
2026-08-10 00:09:04,561 [ERROR] LogOutputStream:75 - [STDERR_REDIRECT] 
2026-08-10 00:09:05,568 [ERROR] LogOutputStream:75 - [STDERR_REDIRECT] [Fatal Error] :1:1: Premature end of file.
2026-08-10 00:09:05,568 [ERROR] LogOutputStream:75 - [STDERR_REDIRECT] 
2026-08-10 00:09:06,558 [ERROR] LogOutputStream:75 - [STDERR_REDIRECT] [Fatal Error] :1:1: Premature end of file.
2026-08-10 00:09:06,558 [ERROR] LogOutputStream:75 - [STDERR_REDIRECT] 
2026-08-10 00:09:07,564 [ERROR] LogOutputStream:75 - [STDERR_REDIRECT] [Fatal Error] :1:1: Premature end of file.
2026-08-10 00:09:07,564 [ERROR] LogOutputStream:75 - [STDERR_REDIRECT] 
2026-08-10 00:09:08,568 [ERROR] LogOutputStream:75 - [STDERR_REDIRECT] [Fatal Error] :1:1: Premature end of file.
2026-08-10 00:09:08,568 [ERROR] LogOutputStream:75 - [STDERR_REDIRECT] 
2026-08-10 00:09:09,554 [ERROR] LogOutputStream:75 - [STDERR_REDIRECT] [Fatal Error] :1:1: Premature end of file.
2026-08-10 00:09:09,554 [ERROR] LogOutputStream:75 - [STDERR_REDIRECT] 
2026-08-10 00:09:10,562 [ERROR] LogOutputStream:75 - [STDERR_REDIRECT] [Fatal Error] :1:1: Premature end of file.
2026-08-10 00:09:10,562 [ERROR] LogOutputStream:75 - [STDERR_REDIRECT] 
2026-08-10 00:09:11,568 [ERROR] LogOutputStream:75 - [STDERR_REDIRECT] [Fatal Error] :1:1: Premature end of file.
2026-08-10 00:09:11,568 [ERROR] LogOutputStream:75 - [STDERR_REDIRECT] 
2026-08-10 00:09:12,557 [ERROR] LogOutputStream:75 - [STDERR_REDIRECT] [Fatal Error] :1:1: Premature end of file.
2026-08-10 00:09:12,557 [ERROR] LogOutputStream:75 - [STDERR_REDIRECT] 
2026-08-10 00:09:13,561 [ERROR] LogOutputStream:75 - [STDERR_REDIRECT] [Fatal Error] :1:1: Premature end of file.
2026-08-10 00:09:13,561 [ERROR] LogOutputStream:75 - [STDERR_REDIRECT] 
2026-08-10 00:09:14,568 [ERROR] LogOutputStream:75 - [STDERR_REDIRECT] [Fatal Error] :1:1: Premature end of file.
2026-08-10 00:09:14,568 [ERROR] LogOutputStream:75 - [STDERR_REDIRECT] 
2026-08-10 00:09:15,554 [ERROR] LogOutputStream:75 - [STDERR_REDIRECT] [Fatal Error] :1:1: Premature end of file.
2026-08-10 00:09:15,554 [ERROR] LogOutputStream:75 - [STDERR_REDIRECT] 
2026-08-10 00:09:16,563 [ERROR] LogOutputStream:75 - [STDERR_REDIRECT] [Fatal Error] :1:1: Premature end of file.
2026-08-10 00:09:16,563 [ERROR] LogOutputStream:75 - [STDERR_REDIRECT] 
2026-08-10 00:09:17,561 [ERROR] LogOutputStream:75 - [STDERR_REDIRECT] [Fatal Error] :1:1: Premature end of file.
2026-08-10 00:09:17,561 [ERROR] LogOutputStream:75 - [STDERR_REDIRECT] 
2026-08-10 00:09:18,553 [ERROR] LogOutputStream:75 - [STDERR_REDIRECT] [Fatal Error] :1:1: Premature end of file.
2026-08-10 00:09:18,553 [ERROR] LogOutputStream:75 - [STDERR_REDIRECT] 
2026-08-10 00:09:19,550 [ERROR] LogOutputStream:75 - [STDERR_REDIRECT] [Fatal Error] :1:1: Premature end of file.
2026-08-10 00:09:19,550 [ERROR] LogOutputStream:75 - [STDERR_REDIRECT] 
2026-08-10 00:09:20,568 [ERROR] LogOutputStream:75 - [STDERR_REDIRECT] [Fatal Error] :1:1: Premature end of file.
2026-08-10 00:09:20,568 [ERROR] LogOutputStream:75 - [STDERR_REDIRECT] 
2026-08-10 00:09:21,565 [ERROR] LogOutputStream:75 - [STDERR_REDIRECT] [Fatal Error] :1:1: Premature end of file.
2026-08-10 00:09:21,565 [ERROR] LogOutputStream:75 - [STDERR_REDIRECT] 
2026-08-10 00:09:22,552 [ERROR] LogOutputStream:75 - [STDERR_REDIRECT] [Fatal Error] :1:1: Premature end of file.
2026-08-10 00:09:22,552 [ERROR] LogOutputStream:75 - [STDERR_REDIRECT] 
2026-08-10 00:09:23,570 [ERROR] LogOutputStream:75 - [STDERR_REDIRECT] [Fatal Error] :1:1: Premature end of file.
2026-08-10 00:09:23,570 [ERROR] LogOutputStream:75 - [STDERR_REDIRECT] 
2026-08-10 00:09:24,552 [ERROR] LogOutputStream:75 - [STDERR_REDIRECT] [Fatal Error] :1:1: Premature end of file.
2026-08-10 00:09:24,552 [ERROR] LogOutputStream:75 - [STDERR_REDIRECT] 
2026-08-10 00:09:25,575 [ERROR] LogOutputStream:75 - [STDERR_REDIRECT] [Fatal Error] :1:1: Premature end of file.
2026-08-10 00:09:25,575 [ERROR] LogOutputStream:75 - [STDERR_REDIRECT] 
2026-08-10 00:09:26,556 [ERROR] LogOutputStream:75 - [STDERR_REDIRECT] [Fatal Error] :1:1: Premature end of file.
2026-08-10 00:09:26,556 [ERROR] LogOutputStream:75 - [STDERR_REDIRECT] 
2026-08-10 00:09:27,559 [ERROR] LogOutputStream:75 - [STDERR_REDIRECT] [Fatal Error] :1:1: Premature end of file.
2026-08-10 00:09:27,559 [ERROR] LogOutputStream:75 - [STDERR_REDIRECT] 
2026-08-10 00:09:28,562 [ERROR] LogOutputStream:75 - [STDERR_REDIRECT] [Fatal Error] :1:1: Premature end of file.
2026-08-10 00:09:28,562 [ERROR] LogOutputStream:75 - [STDERR_REDIRECT] 
2026-08-10 00:09:29,568 [ERROR] LogOutputStream:75 - [STDERR_REDIRECT] [Fatal Error] :1:1: Premature end of file.
2026-08-10 00:09:29,568 [ERROR] LogOutputStream:75 - [STDERR_REDIRECT] 
2026-08-10 00:09:30,553 [ERROR] LogOutputStream:75 - [STDERR_REDIRECT] [Fatal Error] :1:1: Premature end of file.
2026-08-10 00:09:30,553 [ERROR] LogOutputStream:75 - [STDERR_REDIRECT] 
2026-08-10 00:09:31,569 [ERROR] LogOutputStream:75 - [STDERR_REDIRECT] [Fatal Error] :1:1: Premature end of file.
2026-08-10 00:09:31,569 [ERROR] LogOutputStream:75 - [STDERR_REDIRECT] 
2026-08-10 00:09:32,568 [ERROR] LogOutputStream:75 - [STDERR_REDIRECT] [Fatal Error] :1:1: Premature end of file.
2026-08-10 00:09:32,568 [ERROR] LogOutputStream:75 - [STDERR_REDIRECT] 
2026-08-10 00:09:33,566 [ERROR] LogOutputStream:75 - [STDERR_REDIRECT] [Fatal Error] :1:1: Premature end of file.
2026-08-10 00:09:33,566 [ERROR] LogOutputStream:75 - [STDERR_REDIRECT] 
2026-08-10 00:09:34,555 [ERROR] LogOutputStream:75 - [STDERR_REDIRECT] [Fatal Error] :1:1: Premature end of file.
2026-08-10 00:09:34,555 [ERROR] LogOutputStream:75 - [STDERR_REDIRECT] 
2026-08-10 00:09:35,568 [ERROR] LogOutputStream:75 - [STDERR_REDIRECT] [Fatal Error] :1:1: Premature end of file.
2026-08-10 00:09:35,568 [ERROR] LogOutputStream:75 - [STDERR_REDIRECT] 
2026-08-10 00:09:36,552 [ERROR] LogOutputStream:75 - [STDERR_REDIRECT] [Fatal Error] :1:1: Premature end of file.
2026-08-10 00:09:36,552 [ERROR] LogOutputStream:75 - [STDERR_REDIRECT] 
2026-08-10 00:09:37,567 [ERROR] LogOutputStream:75 - [STDERR_REDIRECT] [Fatal Error] :1:1: Premature end of file.
2026-08-10 00:09:37,567 [ERROR] LogOutputStream:75 - [STDERR_REDIRECT] 
2026-08-10 00:09:38,558 [ERROR] LogOutputStream:75 - [STDERR_REDIRECT] [Fatal Error] :1:1: Premature end of file.
2026-08-10 00:09:38,558 [ERROR] LogOutputStream:75 - [STDERR_REDIRECT] 
2026-08-10 00:09:39,550 [ERROR] LogOutputStream:75 - [STDERR_REDIRECT] [Fatal Error] :1:1: Premature end of file.
2026-08-10 00:09:39,550 [ERROR] LogOutputStream:75 - [STDERR_REDIRECT] 
2026-08-10 00:09:40,562 [ERROR] LogOutputStream:75 - [STDERR_REDIRECT] [Fatal Error] :1:1: Premature end of file.
2026-08-10 00:09:40,562 [ERROR] LogOutputStream:75 - [STDERR_REDIRECT] 
2026-08-10 00:09:41,568 [ERROR] LogOutputStream:75 - [STDERR_REDIRECT] [Fatal Error] :1:1: Premature end of file.
2026-08-10 00:09:41,568 [ERROR] LogOutputStream:75 - [STDERR_REDIRECT] 
2026-08-10 00:09:42,554 [ERROR] LogOutputStream:75 - [STDERR_REDIRECT] [Fatal Error] :1:1: Premature end of file.
2026-08-10 00:09:42,554 [ERROR] LogOutputStream:75 - [STDERR_REDIRECT] 
2026-08-10 00:09:43,562 [ERROR] LogOutputStream:75 - [STDERR_REDIRECT] [Fatal Error] :1:1: Premature end of file.
2026-08-10 00:09:43,562 [ERROR] LogOutputStream:75 - [STDERR_REDIRECT] 
2026-08-10 00:09:44,568 [ERROR] LogOutputStream:75 - [STDERR_REDIRECT] [Fatal Error] :1:1: Premature end of file.
2026-08-10 00:09:44,568 [ERROR] LogOutputStream:75 - [STDERR_REDIRECT] 
2026-08-10 00:09:45,563 [ERROR] LogOutputStream:75 - [STDERR_REDIRECT] [Fatal Error] :1:1: Premature end of file.
2026-08-10 00:09:45,563 [ERROR] LogOutputStream:75 - [STDERR_REDIRECT] 
2026-08-10 00:09:46,567 [ERROR] LogOutputStream:75 - [STDERR_REDIRECT] [Fatal Error] :1:1: Premature end of file.
2026-08-10 00:09:46,567 [ERROR] LogOutputStream:75 - [STDERR_REDIRECT] 
2026-08-10 00:09:47,555 [ERROR] LogOutputStream:75 - [STDERR_REDIRECT] [Fatal Error] :1:1: Premature end of file.
2026-08-10 00:09:47,555 [ERROR] LogOutputStream:75 - [STDERR_REDIRECT] 
2026-08-10 00:09:48,561 [ERROR] LogOutputStream:75 - [STDERR_REDIRECT] [Fatal Error] :1:1: Premature end of file.
2026-08-10 00:09:48,561 [ERROR] LogOutputStream:75 - [STDERR_REDIRECT] 
2026-08-10 00:09:49,559 [ERROR] LogOutputStream:75 - [STDERR_REDIRECT] [Fatal Error] :1:1: Premature end of file.
2026-08-10 00:09:49,559 [ERROR] LogOutputStream:75 - [STDERR_REDIRECT] 
2026-08-10 00:09:50,568 [ERROR] LogOutputStream:75 - [STDERR_REDIRECT] [Fatal Error] :1:1: Premature end of file.
2026-08-10 00:09:50,568 [ERROR] LogOutputStream:75 - [STDERR_REDIRECT] 
2026-08-10 00:09:51,553 [ERROR] LogOutputStream:75 - [STDERR_REDIRECT] [Fatal Error] :1:1: Premature end of file.
2026-08-10 00:09:51,553 [ERROR] LogOutputStream:75 - [STDERR_REDIRECT] 
2026-08-10 00:09:52,556 [ERROR] LogOutputStream:75 - [STDERR_REDIRECT] [Fatal Error] :1:1: Premature end of file.
2026-08-10 00:09:52,556 [ERROR] LogOutputStream:75 - [STDERR_REDIRECT] 
2026-08-10 00:09:53,568 [ERROR] LogOutputStream:75 - [STDERR_REDIRECT] [Fatal Error] :1:1: Premature end of file.
2026-08-10 00:09:53,568 [ERROR] LogOutputStream:75 - [STDERR_REDIRECT] 
2026-08-10 00:09:54,552 [ERROR] LogOutputStream:75 - [STDERR_REDIRECT] [Fatal Error] :1:1: Premature end of file.
2026-08-10 00:09:54,552 [ERROR] LogOutputStream:75 - [STDERR_REDIRECT] 
2026-08-10 00:09:55,563 [ERROR] LogOutputStream:75 - [STDERR_REDIRECT] [Fatal Error] :1:1: Premature end of file.
2026-08-10 00:09:55,563 [ERROR] LogOutputStream:75 - [STDERR_REDIRECT] 
2026-08-10 00:09:56,550 [ERROR] LogOutputStream:75 - [STDERR_REDIRECT] [Fatal Error] :1:1: Premature end of file.
2026-08-10 00:09:56,550 [ERROR] LogOutputStream:75 - [STDERR_REDIRECT] 
2026-08-10 00:09:57,575 [ERROR] LogOutputStream:75 - [STDERR_REDIRECT] [Fatal Error] :1:1: Premature end of file.
2026-08-10 00:09:57,575 [ERROR] LogOutputStream:75 - [STDERR_REDIRECT] 
2026-08-10 00:09:58,550 [ERROR] LogOutputStream:75 - [STDERR_REDIRECT] [Fatal Error] :1:1: Premature end of file.
2026-08-10 00:09:58,550 [ERROR] LogOutputStream:75 - [STDERR_REDIRECT] 
2026-08-10 00:09:59,568 [ERROR] LogOutputStream:75 - [STDERR_REDIRECT] [Fatal Error] :1:1: Premature end of file.
2026-08-10 00:09:59,568 [ERROR] LogOutputStream:75 - [STDERR_REDIRECT] 
2026-08-10 00:10:00,556 [ERROR] LogOutputStream:75 - [STDERR_REDIRECT] [Fatal Error] :1:1: Premature end of file.
2026-08-10 00:10:00,556 [ERROR] LogOutputStream:75 - [STDERR_REDIRECT] 
2026-08-10 00:10:01,562 [ERROR] LogOutputStream:75 - [STDERR_REDIRECT] [Fatal Error] :1:1: Premature end of file.
2026-08-10 00:10:01,562 [ERROR] LogOutputStream:75 - [STDERR_REDIRECT] 
2026-08-10 00:10:02,568 [ERROR] LogOutputStream:75 - [STDERR_REDIRECT] [Fatal Error] :1:1: Premature end of file.
2026-08-10 00:10:02,568 [ERROR] LogOutputStream:75 - [STDERR_REDIRECT] 
2026-08-10 00:10:03,553 [ERROR] LogOutputStream:75 - [STDERR_REDIRECT] [Fatal Error] :1:1: Premature end of file.
2026-08-10 00:10:03,553 [ERROR] LogOutputStream:75 - [STDERR_REDIRECT] 
2026-08-10 00:10:04,552 [ERROR] LogOutputStream:75 - [STDERR_REDIRECT] [Fatal Error] :1:1: Premature end of file.
2026-08-10 00:10:04,552 [ERROR] LogOutputStream:75 - [STDERR_REDIRECT] 
2026-08-10 00:10:05,549 [ERROR] LogOutputStream:75 - [STDERR_REDIRECT] [Fatal Error] :1:1: Premature end of file.
2026-08-10 00:10:05,549 [ERROR] LogOutputStream:75 - [STDERR_REDIRECT] 
2026-08-10 00:10:06,564 [ERROR] LogOutputStream:75 - [STDERR_REDIRECT] [Fatal Error] :1:1: Premature end of file.
2026-08-10 00:10:06,564 [ERROR] LogOutputStream:75 - [STDERR_REDIRECT] 
2026-08-10 00:10:07,562 [ERROR] LogOutputStream:75 - [STDERR_REDIRECT] [Fatal Error] :1:1: Premature end of file.
2026-08-10 00:10:07,562 [ERROR] LogOutputStream:75 - [STDERR_REDIRECT] 
2026-08-10 00:10:08,568 [ERROR] LogOutputStream:75 - [STDERR_REDIRECT] [Fatal Error] :1:1: Premature end of file.
2026-08-10 00:10:08,568 [ERROR] LogOutputStream:75 - [STDERR_REDIRECT] 
2026-08-10 00:10:09,556 [ERROR] LogOutputStream:75 - [STDERR_REDIRECT] [Fatal Error] :1:1: Premature end of file.
2026-08-10 00:10:09,556 [ERROR] LogOutputStream:75 - [STDERR_REDIRECT] 
2026-08-10 00:10:10,560 [ERROR] LogOutputStream:75 - [STDERR_REDIRECT] [Fatal Error] :1:1: Premature end of file.
2026-08-10 00:10:10,560 [ERROR] LogOutputStream:75 - [STDERR_REDIRECT] 
2026-08-10 00:10:11,568 [ERROR] LogOutputStream:75 - [STDERR_REDIRECT] [Fatal Error] :1:1: Premature end of file.
2026-08-10 00:10:11,568 [ERROR] LogOutputStream:75 - [STDERR_REDIRECT] 
2026-08-10 00:10:12,555 [ERROR] LogOutputStream:75 - [STDERR_REDIRECT] [Fatal Error] :1:1: Premature end of file.
2026-08-10 00:10:12,555 [ERROR] LogOutputStream:75 - [STDERR_REDIRECT] 
2026-08-10 00:10:13,565 [ERROR] LogOutputStream:75 - [STDERR_REDIRECT] [Fatal Error] :1:1: Premature end of file.
2026-08-10 00:10:13,565 [ERROR] LogOutputStream:75 - [STDERR_REDIRECT] 
2026-08-10 00:10:14,568 [ERROR] LogOutputStream:75 - [STDERR_REDIRECT] [Fatal Error] :1:1: Premature end of file.
2026-08-10 00:10:14,568 [ERROR] LogOutputStream:75 - [STDERR_REDIRECT] 
2026-08-10 00:10:15,557 [ERROR] LogOutputStream:75 - [STDERR_REDIRECT] [Fatal Error] :1:1: Premature end of file.
2026-08-10 00:10:15,557 [ERROR] LogOutputStream:75 - [STDERR_REDIRECT] 
2026-08-10 00:10:16,561 [ERROR] LogOutputStream:75 - [STDERR_REDIRECT] [Fatal Error] :1:1: Premature end of file.
2026-08-10 00:10:16,561 [ERROR] LogOutputStream:75 - [STDERR_REDIRECT] 
2026-08-10 00:10:17,568 [ERROR] LogOutputStream:75 - [STDERR_REDIRECT] [Fatal Error] :1:1: Premature end of file.
2026-08-10 00:10:17,568 [ERROR] LogOutputStream:75 - [STDERR_REDIRECT] 
2026-08-10 00:10:18,556 [ERROR] LogOutputStream:75 - [STDERR_REDIRECT] [Fatal Error] :1:1: Premature end of file.
2026-08-10 00:10:18,556 [ERROR] LogOutputStream:75 - [STDERR_REDIRECT] 
2026-08-10 00:10:19,560 [ERROR] LogOutputStream:75 - [STDERR_REDIRECT] [Fatal Error] :1:1: Premature end of file.
2026-08-10 00:10:19,560 [ERROR] LogOutputStream:75 - [STDERR_REDIRECT] 
2026-08-10 00:10:20,558 [ERROR] LogOutputStream:75 - [STDERR_REDIRECT] [Fatal Error] :1:1: Premature end of file.
2026-08-10 00:10:20,558 [ERROR] LogOutputStream:75 - [STDERR_REDIRECT] 
2026-08-10 00:10:21,559 [ERROR] LogOutputStream:75 - [STDERR_REDIRECT] [Fatal Error] :1:1: Premature end of file.
2026-08-10 00:10:21,559 [ERROR] LogOutputStream:75 - [STDERR_REDIRECT] 
2026-08-10 00:10:22,571 [ERROR] LogOutputStream:75 - [STDERR_REDIRECT] [Fatal Error] :1:1: Premature end of file.
2026-08-10 00:10:22,571 [ERROR] LogOutputStream:75 - [STDERR_REDIRECT] 
2026-08-10 00:10:23,552 [ERROR] LogOutputStream:75 - [STDERR_REDIRECT] [Fatal Error] :1:1: Premature end of file.
2026-08-10 00:10:23,552 [ERROR] LogOutputStream:75 - [STDERR_REDIRECT] 
2026-08-10 00:10:24,561 [ERROR] LogOutputStream:75 - [STDERR_REDIRECT] [Fatal Error] :1:1: Premature end of file.
2026-08-10 00:10:24,561 [ERROR] LogOutputStream:75 - [STDERR_REDIRECT] 
2026-08-10 00:10:25,559 [ERROR] LogOutputStream:75 - [STDERR_REDIRECT] [Fatal Error] :1:1: Premature end of file.
2026-08-10 00:10:25,559 [ERROR] LogOutputStream:75 - [STDERR_REDIRECT] 
2026-08-10 00:10:26,568 [ERROR] LogOutputStream:75 - [STDERR_REDIRECT] [Fatal Error] :1:1: Premature end of file.
2026-08-10 00:10:26,568 [ERROR] LogOutputStream:75 - [STDERR_REDIRECT] 
2026-08-10 00:10:27,564 [ERROR] LogOutputStream:75 - [STDERR_REDIRECT] [Fatal Error] :1:1: Premature end of file.
2026-08-10 00:10:27,564 [ERROR] LogOutputStream:75 - [STDERR_REDIRECT] 
2026-08-10 00:10:28,569 [ERROR] LogOutputStream:75 - [STDERR_REDIRECT] [Fatal Error] :1:1: Premature end of file.
2026-08-10 00:10:28,570 [ERROR] LogOutputStream:75 - [STDERR_REDIRECT] 
2026-08-10 00:10:29,549 [ERROR] LogOutputStream:75 - [STDERR_REDIRECT] [Fatal Error] :1:1: Premature end of file.
2026-08-10 00:10:29,549 [ERROR] LogOutputStream:75 - [STDERR_REDIRECT] 
2026-08-10 00:10:30,563 [ERROR] LogOutputStream:75 - [STDERR_REDIRECT] [Fatal Error] :1:1: Premature end of file.
2026-08-10 00:10:30,563 [ERROR] LogOutputStream:75 - [STDERR_REDIRECT] 
2026-08-10 00:10:31,557 [ERROR] LogOutputStream:75 - [STDERR_REDIRECT] [Fatal Error] :1:1: Premature end of file.
2026-08-10 00:10:31,557 [ERROR] LogOutputStream:75 - [STDERR_REDIRECT] 
2026-08-10 00:10:32,568 [ERROR] LogOutputStream:75 - [STDERR_REDIRECT] [Fatal Error] :1:1: Premature end of file.
2026-08-10 00:10:32,568 [ERROR] LogOutputStream:75 - [STDERR_REDIRECT] 
2026-08-10 00:10:33,556 [ERROR] LogOutputStream:75 - [STDERR_REDIRECT] [Fatal Error] :1:1: Premature end of file.
2026-08-10 00:10:33,556 [ERROR] LogOutputStream:75 - [STDERR_REDIRECT] 
2026-08-10 00:10:34,559 [ERROR] LogOutputStream:75 - [STDERR_REDIRECT] [Fatal Error] :1:1: Premature end of file.
2026-08-10 00:10:34,559 [ERROR] LogOutputStream:75 - [STDERR_REDIRECT] 
2026-08-10 00:10:35,572 [ERROR] LogOutputStream:75 - [STDERR_REDIRECT] [Fatal Error] :1:1: Premature end of file.
2026-08-10 00:10:35,572 [ERROR] LogOutputStream:75 - [STDERR_REDIRECT] 
2026-08-10 00:10:36,550 [ERROR] LogOutputStream:75 - [STDERR_REDIRECT] [Fatal Error] :1:1: Premature end of file.
2026-08-10 00:10:36,550 [ERROR] LogOutputStream:75 - [STDERR_REDIRECT] 
2026-08-10 00:10:37,562 [ERROR] LogOutputStream:75 - [STDERR_REDIRECT] [Fatal Error] :1:1: Premature end of file.
2026-08-10 00:10:37,562 [ERROR] LogOutputStream:75 - [STDERR_REDIRECT] 
2026-08-10 00:10:38,568 [ERROR] LogOutputStream:75 - [STDERR_REDIRECT] [Fatal Error] :1:1: Premature end of file.
2026-08-10 00:10:38,568 [ERROR] LogOutputStream:75 - [STDERR_REDIRECT] 
2026-08-10 00:10:39,554 [ERROR] LogOutputStream:75 - [STDERR_REDIRECT] [Fatal Error] :1:1: Premature end of file.
2026-08-10 00:10:39,554 [ERROR] LogOutputStream:75 - [STDERR_REDIRECT] 
2026-08-10 00:10:40,560 [ERROR] LogOutputStream:75 - [STDERR_REDIRECT] [Fatal Error] :1:1: Premature end of file.
2026-08-10 00:10:40,560 [ERROR] LogOutputStream:75 - [STDERR_REDIRECT] 
2026-08-10 00:10:41,568 [ERROR] LogOutputStream:75 - [STDERR_REDIRECT] [Fatal Error] :1:1: Premature end of file.
2026-08-10 00:10:41,568 [ERROR] LogOutputStream:75 - [STDERR_REDIRECT] 
2026-08-10 00:10:42,553 [ERROR] LogOutputStream:75 - [STDERR_REDIRECT] [Fatal Error] :1:1: Premature end of file.
2026-08-10 00:10:42,553 [ERROR] LogOutputStream:75 - [STDERR_REDIRECT] 
2026-08-10 00:10:43,562 [ERROR] LogOutputStream:75 - [STDERR_REDIRECT] [Fatal Error] :1:1: Premature end of file.
2026-08-10 00:10:43,562 [ERROR] LogOutputStream:75 - [STDERR_REDIRECT] 
2026-08-10 00:10:44,568 [ERROR] LogOutputStream:75 - [STDERR_REDIRECT] [Fatal Error] :1:1: Premature end of file.
2026-08-10 00:10:44,568 [ERROR] LogOutputStream:75 - [STDERR_REDIRECT] 
2026-08-10 00:10:45,555 [ERROR] LogOutputStream:75 - [STDERR_REDIRECT] [Fatal Error] :1:1: Premature end of file.
2026-08-10 00:10:45,555 [ERROR] LogOutputStream:75 - [STDERR_REDIRECT] 
2026-08-10 00:10:46,561 [ERROR] LogOutputStream:75 - [STDERR_REDIRECT] [Fatal Error] :1:1: Premature end of file.
2026-08-10 00:10:46,561 [ERROR] LogOutputStream:75 - [STDERR_REDIRECT] 
2026-08-10 00:10:47,568 [ERROR] LogOutputStream:75 - [STDERR_REDIRECT] [Fatal Error] :1:1: Premature end of file.
2026-08-10 00:10:47,568 [ERROR] LogOutputStream:75 - [STDERR_REDIRECT] 
2026-08-10 00:10:48,555 [ERROR] LogOutputStream:75 - [STDERR_REDIRECT] [Fatal Error] :1:1: Premature end of file.
2026-08-10 00:10:48,555 [ERROR] LogOutputStream:75 - [STDERR_REDIRECT] 
2026-08-10 00:10:49,571 [ERROR] LogOutputStream:75 - [STDERR_REDIRECT] [Fatal Error] :1:1: Premature end of file.
2026-08-10 00:10:49,571 [ERROR] LogOutputStream:75 - [STDERR_REDIRECT] 
2026-08-10 00:10:50,555 [ERROR] LogOutputStream:75 - [STDERR_REDIRECT] [Fatal Error] :1:1: Premature end of file.
2026-08-10 00:10:50,555 [ERROR] LogOutputStream:75 - [STDERR_REDIRECT] 
2026-08-10 00:10:51,558 [ERROR] LogOutputStream:75 - [STDERR_REDIRECT] [Fatal Error] :1:1: Premature end of file.
2026-08-10 00:10:51,558 [ERROR] LogOutputStream:75 - [STDERR_REDIRECT] 
2026-08-10 00:10:52,560 [ERROR] LogOutputStream:75 - [STDERR_REDIRECT] [Fatal Error] :1:1: Premature end of file.
2026-08-10 00:10:52,560 [ERROR] LogOutputStream:75 - [STDERR_REDIRECT] 
2026-08-10 00:10:53,559 [ERROR] LogOutputStream:75 - [STDERR_REDIRECT] [Fatal Error] :1:1: Premature end of file.
2026-08-10 00:10:53,559 [ERROR] LogOutputStream:75 - [STDERR_REDIRECT] 
2026-08-10 00:10:54,559 [ERROR] LogOutputStream:75 - [STDERR_REDIRECT] [Fatal Error] :1:1: Premature end of file.
2026-08-10 00:10:54,559 [ERROR] LogOutputStream:75 - [STDERR_REDIRECT] 
2026-08-10 00:10:55,560 [ERROR] LogOutputStream:75 - [STDERR_REDIRECT] [Fatal Error] :1:1: Premature end of file.
2026-08-10 00:10:55,560 [ERROR] LogOutputStream:75 - [STDERR_REDIRECT] 
2026-08-10 00:10:56,568 [ERROR] LogOutputStream:75 - [STDERR_REDIRECT] [Fatal Error] :1:1: Premature end of file.
2026-08-10 00:10:56,568 [ERROR] LogOutputStream:75 - [STDERR_REDIRECT] 
2026-08-10 00:10:57,553 [ERROR] LogOutputStream:75 - [STDERR_REDIRECT] [Fatal Error] :1:1: Premature end of file.
2026-08-10 00:10:57,553 [ERROR] LogOutputStream:75 - [STDERR_REDIRECT] 
2026-08-10 00:10:58,564 [ERROR] LogOutputStream:75 - [STDERR_REDIRECT] [Fatal Error] :1:1: Premature end of file.
2026-08-10 00:10:58,564 [ERROR] LogOutputStream:75 - [STDERR_REDIRECT] 
2026-08-10 00:10:59,569 [ERROR] LogOutputStream:75 - [STDERR_REDIRECT] [Fatal Error] :1:1: Premature end of file.
2026-08-10 00:10:59,569 [ERROR] LogOutputStream:75 - [STDERR_REDIRECT] 
2026-08-10 00:11:00,549 [ERROR] LogOutputStream:75 - [STDERR_REDIRECT] [Fatal Error] :1:1: Premature end of file.
2026-08-10 00:11:00,549 [ERROR] LogOutputStream:75 - [STDERR_REDIRECT] 
2026-08-10 00:11:01,559 [ERROR] LogOutputStream:75 - [STDERR_REDIRECT] [Fatal Error] :1:1: Premature end of file.
2026-08-10 00:11:01,559 [ERROR] LogOutputStream:75 - [STDERR_REDIRECT] 
2026-08-10 00:11:02,559 [ERROR] LogOutputStream:75 - [STDERR_REDIRECT] [Fatal Error] :1:1: Premature end of file.
2026-08-10 00:11:02,559 [ERROR] LogOutputStream:75 - [STDERR_REDIRECT] 
2026-08-10 00:11:03,562 [ERROR] LogOutputStream:75 - [STDERR_REDIRECT] [Fatal Error] :1:1: Premature end of file.
2026-08-10 00:11:03,562 [ERROR] LogOutputStream:75 - [STDERR_REDIRECT] 
2026-08-10 00:11:04,560 [ERROR] LogOutputStream:75 - [STDERR_REDIRECT] [Fatal Error] :1:1: Premature end of file.
2026-08-10 00:11:04,560 [ERROR] LogOutputStream:75 - [STDERR_REDIRECT] 
2026-08-10 00:11:05,568 [ERROR] LogOutputStream:75 - [STDERR_REDIRECT] [Fatal Error] :1:1: Premature end of file.
2026-08-10 00:11:05,568 [ERROR] LogOutputStream:75 - [STDERR_REDIRECT] 
2026-08-10 00:11:06,550 [ERROR] LogOutputStream:75 - [STDERR_REDIRECT] [Fatal Error] :1:1: Premature end of file.
2026-08-10 00:11:06,550 [ERROR] LogOutputStream:75 - [STDERR_REDIRECT] 
2026-08-10 00:11:07,570 [ERROR] LogOutputStream:75 - [STDERR_REDIRECT] [Fatal Error] :1:1: Premature end of file.
2026-08-10 00:11:07,570 [ERROR] LogOutputStream:75 - [STDERR_REDIRECT] 
2026-08-10 00:11:08,568 [ERROR] LogOutputStream:75 - [STDERR_REDIRECT] [Fatal Error] :1:1: Premature end of file.
2026-08-10 00:11:08,568 [ERROR] LogOutputStream:75 - [STDERR_REDIRECT] 
2026-08-10 00:11:09,553 [ERROR] LogOutputStream:75 - [STDERR_REDIRECT] [Fatal Error] :1:1: Premature end of file.
2026-08-10 00:11:09,553 [ERROR] LogOutputStream:75 - [STDERR_REDIRECT] 
2026-08-10 00:11:10,560 [ERROR] LogOutputStream:75 - [STDERR_REDIRECT] [Fatal Error] :1:1: Premature end of file.
2026-08-10 00:11:10,560 [ERROR] LogOutputStream:75 - [STDERR_REDIRECT] 
2026-08-10 00:11:11,568 [ERROR] LogOutputStream:75 - [STDERR_REDIRECT] [Fatal Error] :1:1: Premature end of file.
2026-08-10 00:11:11,568 [ERROR] LogOutputStream:75 - [STDERR_REDIRECT] 
2026-08-10 00:11:12,553 [ERROR] LogOutputStream:75 - [STDERR_REDIRECT] [Fatal Error] :1:1: Premature end of file.
2026-08-10 00:11:12,553 [ERROR] LogOutputStream:75 - [STDERR_REDIRECT] 
2026-08-10 00:11:13,563 [ERROR] LogOutputStream:75 - [STDERR_REDIRECT] [Fatal Error] :1:1: Premature end of file.
2026-08-10 00:11:13,563 [ERROR] LogOutputStream:75 - [STDERR_REDIRECT] 
2026-08-10 00:11:14,552 [ERROR] LogOutputStream:75 - [STDERR_REDIRECT] [Fatal Error] :1:1: Premature end of file.
2026-08-10 00:11:14,552 [ERROR] LogOutputStream:75 - [STDERR_REDIRECT] 
2026-08-10 00:11:15,558 [ERROR] LogOutputStream:75 - [STDERR_REDIRECT] [Fatal Error] :1:1: Premature end of file.
2026-08-10 00:11:15,558 [ERROR] LogOutputStream:75 - [STDERR_REDIRECT] 
2026-08-10 00:11:16,559 [ERROR] LogOutputStream:75 - [STDERR_REDIRECT] [Fatal Error] :1:1: Premature end of file.
2026-08-10 00:11:16,559 [ERROR] LogOutputStream:75 - [STDERR_REDIRECT] 
2026-08-10 00:11:17,568 [ERROR] LogOutputStream:75 - [STDERR_REDIRECT] [Fatal Error] :1:1: Premature end of file.
2026-08-10 00:11:17,568 [ERROR] LogOutputStream:75 - [STDERR_REDIRECT] 
2026-08-10 00:11:18,554 [ERROR] LogOutputStream:75 - [STDERR_REDIRECT] [Fatal Error] :1:1: Premature end of file.
2026-08-10 00:11:18,554 [ERROR] LogOutputStream:75 - [STDERR_REDIRECT] 
2026-08-10 00:11:19,557 [ERROR] LogOutputStream:75 - [STDERR_REDIRECT] [Fatal Error] :1:1: Premature end of file.
2026-08-10 00:11:19,557 [ERROR] LogOutputStream:75 - [STDERR_REDIRECT] 
2026-08-10 00:11:20,581 [ERROR] LogOutputStream:75 - [STDERR_REDIRECT] [Fatal Error] :1:1: Premature end of file.
2026-08-10 00:11:20,581 [ERROR] LogOutputStream:75 - [STDERR_REDIRECT] 
2026-08-10 00:11:21,557 [ERROR] LogOutputStream:75 - [STDERR_REDIRECT] [Fatal Error] :1:1: Premature end of file.
2026-08-10 00:11:21,557 [ERROR] LogOutputStream:75 - [STDERR_REDIRECT] 
2026-08-10 00:11:22,568 [ERROR] LogOutputStream:75 - [STDERR_REDIRECT] [Fatal Error] :1:1: Premature end of file.
2026-08-10 00:11:22,568 [ERROR] LogOutputStream:75 - [STDERR_REDIRECT] 
2026-08-10 00:11:23,563 [ERROR] LogOutputStream:75 - [STDERR_REDIRECT] [Fatal Error] :1:1: Premature end of file.
2026-08-10 00:11:23,563 [ERROR] LogOutputStream:75 - [STDERR_REDIRECT] 
2026-08-10 00:11:24,550 [ERROR] LogOutputStream:75 - [STDERR_REDIRECT] [Fatal Error] :1:1: Premature end of file.
2026-08-10 00:11:24,550 [ERROR] LogOutputStream:75 - [STDERR_REDIRECT] 
2026-08-10 00:11:25,561 [ERROR] LogOutputStream:75 - [STDERR_REDIRECT] [Fatal Error] :1:1: Premature end of file.
2026-08-10 00:11:25,561 [ERROR] LogOutputStream:75 - [STDERR_REDIRECT] 
2026-08-10 00:11:26,572 [ERROR] LogOutputStream:75 - [STDERR_REDIRECT] [Fatal Error] :1:1: Premature end of file.
2026-08-10 00:11:26,572 [ERROR] LogOutputStream:75 - [STDERR_REDIRECT] 
2026-08-10 00:11:27,551 [ERROR] LogOutputStream:75 - [STDERR_REDIRECT] [Fatal Error] :1:1: Premature end of file.
2026-08-10 00:11:27,551 [ERROR] LogOutputStream:75 - [STDERR_REDIRECT] 
2026-08-10 00:11:28,562 [ERROR] LogOutputStream:75 - [STDERR_REDIRECT] [Fatal Error] :1:1: Premature end of file.
2026-08-10 00:11:28,562 [ERROR] LogOutputStream:75 - [STDERR_REDIRECT] 
2026-08-10 00:11:29,560 [ERROR] LogOutputStream:75 - [STDERR_REDIRECT] [Fatal Error] :1:1: Premature end of file.
2026-08-10 00:11:29,560 [ERROR] LogOutputStream:75 - [STDERR_REDIRECT] 
2026-08-10 00:11:30,553 [ERROR] LogOutputStream:75 - [STDERR_REDIRECT] [Fatal Error] :1:1: Premature end of file.
2026-08-10 00:11:30,553 [ERROR] LogOutputStream:75 - [STDERR_REDIRECT] 
2026-08-10 00:11:31,568 [ERROR] LogOutputStream:75 - [STDERR_REDIRECT] [Fatal Error] :1:1: Premature end of file.
2026-08-10 00:11:31,568 [ERROR] LogOutputStream:75 - [STDERR_REDIRECT] 
2026-08-10 00:11:32,564 [ERROR] LogOutputStream:75 - [STDERR_REDIRECT] [Fatal Error] :1:1: Premature end of file.
2026-08-10 00:11:32,564 [ERROR] LogOutputStream:75 - [STDERR_REDIRECT] 
2026-08-10 00:11:33,570 [ERROR] LogOutputStream:75 - [STDERR_REDIRECT] [Fatal Error] :1:1: Premature end of file.
2026-08-10 00:11:33,570 [ERROR] LogOutputStream:75 - [STDERR_REDIRECT] 
2026-08-10 00:11:34,566 [ERROR] LogOutputStream:75 - [STDERR_REDIRECT] [Fatal Error] :1:1: Premature end of file.
2026-08-10 00:11:34,566 [ERROR] LogOutputStream:75 - [STDERR_REDIRECT] 
2026-08-10 00:11:35,566 [ERROR] LogOutputStream:75 - [STDERR_REDIRECT] [Fatal Error] :1:1: Premature end of file.
2026-08-10 00:11:35,566 [ERROR] LogOutputStream:75 - [STDERR_REDIRECT] 
2026-08-10 00:11:36,565 [ERROR] LogOutputStream:75 - [STDERR_REDIRECT] [Fatal Error] :1:1: Premature end of file.
2026-08-10 00:11:36,565 [ERROR] LogOutputStream:75 - [STDERR_REDIRECT] 
2026-08-10 00:11:37,565 [ERROR] LogOutputStream:75 - [STDERR_REDIRECT] [Fatal Error] :1:1: Premature end of file.
2026-08-10 00:11:37,565 [ERROR] LogOutputStream:75 - [STDERR_REDIRECT] 
2026-08-10 00:11:38,559 [ERROR] LogOutputStream:75 - [STDERR_REDIRECT] [Fatal Error] :1:1: Premature end of file.
2026-08-10 00:11:38,559 [ERROR] LogOutputStream:75 - [STDERR_REDIRECT] 
2026-08-10 00:11:39,567 [ERROR] LogOutputStream:75 - [STDERR_REDIRECT] [Fatal Error] :1:1: Premature end of file.
2026-08-10 00:11:39,567 [ERROR] LogOutputStream:75 - [STDERR_REDIRECT] 
2026-08-10 00:11:40,566 [ERROR] LogOutputStream:75 - [STDERR_REDIRECT] [Fatal Error] :1:1: Premature end of file.
2026-08-10 00:11:40,566 [ERROR] LogOutputStream:75 - [STDERR_REDIRECT] 
2026-08-10 00:11:41,559 [ERROR] LogOutputStream:75 - [STDERR_REDIRECT] [Fatal Error] :1:1: Premature end of file.
2026-08-10 00:11:41,559 [ERROR] LogOutputStream:75 - [STDERR_REDIRECT] 
2026-08-10 00:11:42,561 [ERROR] LogOutputStream:75 - [STDERR_REDIRECT] [Fatal Error] :1:1: Premature end of file.
2026-08-10 00:11:42,561 [ERROR] LogOutputStream:75 - [STDERR_REDIRECT] 
2026-08-10 00:11:43,561 [ERROR] LogOutputStream:75 - [STDERR_REDIRECT] [Fatal Error] :1:1: Premature end of file.
2026-08-10 00:11:43,561 [ERROR] LogOutputStream:75 - [STDERR_REDIRECT] 
2026-08-10 00:11:44,561 [ERROR] LogOutputStream:75 - [STDERR_REDIRECT] [Fatal Error] :1:1: Premature end of file.
2026-08-10 00:11:44,561 [ERROR] LogOutputStream:75 - [STDERR_REDIRECT] 
2026-08-10 00:11:45,560 [ERROR] LogOutputStream:75 - [STDERR_REDIRECT] [Fatal Error] :1:1: Premature end of file.
2026-08-10 00:11:45,560 [ERROR] LogOutputStream:75 - [STDERR_REDIRECT] 
2026-08-10 00:11:46,561 [ERROR] LogOutputStream:75 - [STDERR_REDIRECT] [Fatal Error] :1:1: Premature end of file.
2026-08-10 00:11:46,561 [ERROR] LogOutputStream:75 - [STDERR_REDIRECT] 
2026-08-10 00:11:47,557 [ERROR] LogOutputStream:75 - [STDERR_REDIRECT] [Fatal Error] :1:1: Premature end of file.
2026-08-10 00:11:47,557 [ERROR] LogOutputStream:75 - [STDERR_REDIRECT] 
2026-08-10 00:11:48,559 [ERROR] LogOutputStream:75 - [STDERR_REDIRECT] [Fatal Error] :1:1: Premature end of file.
2026-08-10 00:11:48,559 [ERROR] LogOutputStream:75 - [STDERR_REDIRECT] 
2026-08-10 00:11:49,559 [ERROR] LogOutputStream:75 - [STDERR_REDIRECT] [Fatal Error] :1:1: Premature end of file.
2026-08-10 00:11:49,559 [ERROR] LogOutputStream:75 - [STDERR_REDIRECT] 
2026-08-10 00:11:50,559 [ERROR] LogOutputStream:75 - [STDERR_REDIRECT] [Fatal Error] :1:1: Premature end of file.
2026-08-10 00:11:50,559 [ERROR] LogOutputStream:75 - [STDERR_REDIRECT] 
2026-08-10 00:11:51,562 [ERROR] LogOutputStream:75 - [STDERR_REDIRECT] [Fatal Error] :1:1: Premature end of file.
2026-08-10 00:11:51,562 [ERROR] LogOutputStream:75 - [STDERR_REDIRECT] 
2026-08-10 00:11:52,559 [ERROR] LogOutputStream:75 - [STDERR_REDIRECT] [Fatal Error] :1:1: Premature end of file.
2026-08-10 00:11:52,559 [ERROR] LogOutputStream:75 - [STDERR_REDIRECT] 
2026-08-10 00:11:53,561 [ERROR] LogOutputStream:75 - [STDERR_REDIRECT] [Fatal Error] :1:1: Premature end of file.
2026-08-10 00:11:53,561 [ERROR] LogOutputStream:75 - [STDERR_REDIRECT] 
2026-08-10 00:11:54,560 [ERROR] LogOutputStream:75 - [STDERR_REDIRECT] [Fatal Error] :1:1: Premature end of file.
2026-08-10 00:11:54,560 [ERROR] LogOutputStream:75 - [STDERR_REDIRECT] 
2026-08-10 00:11:55,559 [ERROR] LogOutputStream:75 - [STDERR_REDIRECT] [Fatal Error] :1:1: Premature end of file.
2026-08-10 00:11:55,559 [ERROR] LogOutputStream:75 - [STDERR_REDIRECT] 
2026-08-10 00:11:56,569 [ERROR] LogOutputStream:75 - [STDERR_REDIRECT] [Fatal Error] :1:1: Premature end of file.
2026-08-10 00:11:56,569 [ERROR] LogOutputStream:75 - [STDERR_REDIRECT] 
2026-08-10 00:11:57,559 [ERROR] LogOutputStream:75 - [STDERR_REDIRECT] [Fatal Error] :1:1: Premature end of file.
2026-08-10 00:11:57,559 [ERROR] LogOutputStream:75 - [STDERR_REDIRECT] 
2026-08-10 00:11:58,559 [ERROR] LogOutputStream:75 - [STDERR_REDIRECT] [Fatal Error] :1:1: Premature end of file.
2026-08-10 00:11:58,559 [ERROR] LogOutputStream:75 - [STDERR_REDIRECT] 
2026-08-10 00:11:59,559 [ERROR] LogOutputStream:75 - [STDERR_REDIRECT] [Fatal Error] :1:1: Premature end of file.
2026-08-10 00:11:59,559 [ERROR] LogOutputStream:75 - [STDERR_REDIRECT] 
2026-08-10 00:12:00,562 [ERROR] LogOutputStream:75 - [STDERR_REDIRECT] [Fatal Error] :1:1: Premature end of file.
2026-08-10 00:12:00,562 [ERROR] LogOutputStream:75 - [STDERR_REDIRECT] 
2026-08-10 00:12:01,559 [ERROR] LogOutputStream:75 - [STDERR_REDIRECT] [Fatal Error] :1:1: Premature end of file.
2026-08-10 00:12:01,559 [ERROR] LogOutputStream:75 - [STDERR_REDIRECT] 
2026-08-10 00:12:02,560 [ERROR] LogOutputStream:75 - [STDERR_REDIRECT] [Fatal Error] :1:1: Premature end of file.
2026-08-10 00:12:02,560 [ERROR] LogOutputStream:75 - [STDERR_REDIRECT] 
2026-08-10 00:12:03,559 [ERROR] LogOutputStream:75 - [STDERR_REDIRECT] [Fatal Error] :1:1: Premature end of file.
2026-08-10 00:12:03,559 [ERROR] LogOutputStream:75 - [STDERR_REDIRECT] 
2026-08-10 00:12:04,562 [ERROR] LogOutputStream:75 - [STDERR_REDIRECT] [Fatal Error] :1:1: Premature end of file.
2026-08-10 00:12:04,562 [ERROR] LogOutputStream:75 - [STDERR_REDIRECT] 
2026-08-10 00:12:05,562 [ERROR] LogOutputStream:75 - [STDERR_REDIRECT] [Fatal Error] :1:1: Premature end of file.
2026-08-10 00:12:05,562 [ERROR] LogOutputStream:75 - [STDERR_REDIRECT] 
2026-08-10 00:12:06,561 [ERROR] LogOutputStream:75 - [STDERR_REDIRECT] [Fatal Error] :1:1: Premature end of file.
2026-08-10 00:12:06,561 [ERROR] LogOutputStream:75 - [STDERR_REDIRECT] 
2026-08-10 00:12:07,564 [ERROR] LogOutputStream:75 - [STDERR_REDIRECT] [Fatal Error] :1:1: Premature end of file.
2026-08-10 00:12:07,564 [ERROR] LogOutputStream:75 - [STDERR_REDIRECT] 
2026-08-10 00:12:08,563 [ERROR] LogOutputStream:75 - [STDERR_REDIRECT] [Fatal Error] :1:1: Premature end of file.
2026-08-10 00:12:08,563 [ERROR] LogOutputStream:75 - [STDERR_REDIRECT] 
2026-08-10 00:12:09,564 [ERROR] LogOutputStream:75 - [STDERR_REDIRECT] [Fatal Error] :1:1: Premature end of file.
2026-08-10 00:12:09,564 [ERROR] LogOutputStream:75 - [STDERR_REDIRECT] 
2026-08-10 00:12:10,561 [ERROR] LogOutputStream:75 - [STDERR_REDIRECT] [Fatal Error] :1:1: Premature end of file.
2026-08-10 00:12:10,561 [ERROR] LogOutputStream:75 - [STDERR_REDIRECT] 
2026-08-10 00:12:11,566 [ERROR] LogOutputStream:75 - [STDERR_REDIRECT] [Fatal Error] :1:1: Premature end of file.
2026-08-10 00:12:11,566 [ERROR] LogOutputStream:75 - [STDERR_REDIRECT] 
2026-08-10 00:12:12,560 [ERROR] LogOutputStream:75 - [STDERR_REDIRECT] [Fatal Error] :1:1: Premature end of file.
2026-08-10 00:12:12,560 [ERROR] LogOutputStream:75 - [STDERR_REDIRECT] 
2026-08-10 00:12:13,560 [ERROR] LogOutputStream:75 - [STDERR_REDIRECT] [Fatal Error] :1:1: Premature end of file.
2026-08-10 00:12:13,560 [ERROR] LogOutputStream:75 - [STDERR_REDIRECT] 
2026-08-10 00:12:14,561 [ERROR] LogOutputStream:75 - [STDERR_REDIRECT] [Fatal Error] :1:1: Premature end of file.
2026-08-10 00:12:14,561 [ERROR] LogOutputStream:75 - [STDERR_REDIRECT] 
2026-08-10 00:12:15,560 [ERROR] LogOutputStream:75 - [STDERR_REDIRECT] [Fatal Error] :1:1: Premature end of file.
2026-08-10 00:12:15,560 [ERROR] LogOutputStream:75 - [STDERR_REDIRECT] 
2026-08-10 00:12:16,563 [ERROR] LogOutputStream:75 - [STDERR_REDIRECT] [Fatal Error] :1:1: Premature end of file.
2026-08-10 00:12:16,563 [ERROR] LogOutputStream:75 - [STDERR_REDIRECT] 
2026-08-10 00:12:17,561 [ERROR] LogOutputStream:75 - [STDERR_REDIRECT] [Fatal Error] :1:1: Premature end of file.
2026-08-10 00:12:17,561 [ERROR] LogOutputStream:75 - [STDERR_REDIRECT] 
2026-08-10 00:12:18,560 [ERROR] LogOutputStream:75 - [STDERR_REDIRECT] [Fatal Error] :1:1: Premature end of file.
2026-08-10 00:12:18,560 [ERROR] LogOutputStream:75 - [STDERR_REDIRECT] 
2026-08-10 00:12:19,561 [ERROR] LogOutputStream:75 - [STDERR_REDIRECT] [Fatal Error] :1:1: Premature end of file.
2026-08-10 00:12:19,561 [ERROR] LogOutputStream:75 - [STDERR_REDIRECT] 
2026-08-10 00:12:20,561 [ERROR] LogOutputStream:75 - [STDERR_REDIRECT] [Fatal Error] :1:1: Premature end of file.
2026-08-10 00:12:20,562 [ERROR] LogOutputStream:75 - [STDERR_REDIRECT] 
2026-08-10 00:12:21,562 [ERROR] LogOutputStream:75 - [STDERR_REDIRECT] [Fatal Error] :1:1: Premature end of file.
2026-08-10 00:12:21,562 [ERROR] LogOutputStream:75 - [STDERR_REDIRECT] 
2026-08-10 00:12:22,559 [ERROR] LogOutputStream:75 - [STDERR_REDIRECT] [Fatal Error] :1:1: Premature end of file.
2026-08-10 00:12:22,559 [ERROR] LogOutputStream:75 - [STDERR_REDIRECT] 
2026-08-10 00:12:23,563 [ERROR] LogOutputStream:75 - [STDERR_REDIRECT] [Fatal Error] :1:1: Premature end of file.
2026-08-10 00:12:23,563 [ERROR] LogOutputStream:75 - [STDERR_REDIRECT] 
2026-08-10 00:12:24,558 [ERROR] LogOutputStream:75 - [STDERR_REDIRECT] [Fatal Error] :1:1: Premature end of file.
2026-08-10 00:12:24,558 [ERROR] LogOutputStream:75 - [STDERR_REDIRECT] 
2026-08-10 00:12:25,561 [ERROR] LogOutputStream:75 - [STDERR_REDIRECT] [Fatal Error] :1:1: Premature end of file.
2026-08-10 00:12:25,561 [ERROR] LogOutputStream:75 - [STDERR_REDIRECT] 
2026-08-10 00:12:26,560 [ERROR] LogOutputStream:75 - [STDERR_REDIRECT] [Fatal Error] :1:1: Premature end of file.
2026-08-10 00:12:26,560 [ERROR] LogOutputStream:75 - [STDERR_REDIRECT] 
2026-08-10 00:12:27,560 [ERROR] LogOutputStream:75 - [STDERR_REDIRECT] [Fatal Error] :1:1: Premature end of file.
2026-08-10 00:12:27,560 [ERROR] LogOutputStream:75 - [STDERR_REDIRECT] 
2026-08-10 00:12:28,562 [ERROR] LogOutputStream:75 - [STDERR_REDIRECT] [Fatal Error] :1:1: Premature end of file.
2026-08-10 00:12:28,562 [ERROR] LogOutputStream:75 - [STDERR_REDIRECT] 
2026-08-10 00:12:29,565 [ERROR] LogOutputStream:75 - [STDERR_REDIRECT] [Fatal Error] :1:1: Premature end of file.
2026-08-10 00:12:29,565 [ERROR] LogOutputStream:75 - [STDERR_REDIRECT] 
2026-08-10 00:12:30,563 [ERROR] LogOutputStream:75 - [STDERR_REDIRECT] [Fatal Error] :1:1: Premature end of file.
2026-08-10 00:12:30,563 [ERROR] LogOutputStream:75 - [STDERR_REDIRECT] 
2026-08-10 00:12:31,560 [ERROR] LogOutputStream:75 - [STDERR_REDIRECT] [Fatal Error] :1:1: Premature end of file.
2026-08-10 00:12:31,560 [ERROR] LogOutputStream:75 - [STDERR_REDIRECT] 
2026-08-10 00:12:32,560 [ERROR] LogOutputStream:75 - [STDERR_REDIRECT] [Fatal Error] :1:1: Premature end of file.
2026-08-10 00:12:32,560 [ERROR] LogOutputStream:75 - [STDERR_REDIRECT] 
2026-08-10 00:12:33,560 [ERROR] LogOutputStream:75 - [STDERR_REDIRECT] [Fatal Error] :1:1: Premature end of file.
2026-08-10 00:12:33,560 [ERROR] LogOutputStream:75 - [STDERR_REDIRECT] 
2026-08-10 00:12:34,561 [ERROR] LogOutputStream:75 - [STDERR_REDIRECT] [Fatal Error] :1:1: Premature end of file.
2026-08-10 00:12:34,561 [ERROR] LogOutputStream:75 - [STDERR_REDIRECT] 
2026-08-10 00:12:35,564 [ERROR] LogOutputStream:75 - [STDERR_REDIRECT] [Fatal Error] :1:1: Premature end of file.
2026-08-10 00:12:35,564 [ERROR] LogOutputStream:75 - [STDERR_REDIRECT] 
2026-08-10 00:12:36,559 [ERROR] LogOutputStream:75 - [STDERR_REDIRECT] [Fatal Error] :1:1: Premature end of file.
2026-08-10 00:12:36,559 [ERROR] LogOutputStream:75 - [STDERR_REDIRECT] 
2026-08-10 00:12:37,561 [ERROR] LogOutputStream:75 - [STDERR_REDIRECT] [Fatal Error] :1:1: Premature end of file.
2026-08-10 00:12:37,561 [ERROR] LogOutputStream:75 - [STDERR_REDIRECT] 
2026-08-10 00:12:38,561 [ERROR] LogOutputStream:75 - [STDERR_REDIRECT] [Fatal Error] :1:1: Premature end of file.
2026-08-10 00:12:38,562 [ERROR] LogOutputStream:75 - [STDERR_REDIRECT] 
2026-08-10 00:12:39,562 [ERROR] LogOutputStream:75 - [STDERR_REDIRECT] [Fatal Error] :1:1: Premature end of file.
2026-08-10 00:12:39,562 [ERROR] LogOutputStream:75 - [STDERR_REDIRECT] 
2026-08-10 00:12:40,563 [ERROR] LogOutputStream:75 - [STDERR_REDIRECT] [Fatal Error] :1:1: Premature end of file.
2026-08-10 00:12:40,563 [ERROR] LogOutputStream:75 - [STDERR_REDIRECT] 
2026-08-10 00:12:41,562 [ERROR] LogOutputStream:75 - [STDERR_REDIRECT] [Fatal Error] :1:1: Premature end of file.
2026-08-10 00:12:41,562 [ERROR] LogOutputStream:75 - [STDERR_REDIRECT] 
2026-08-10 00:12:42,560 [ERROR] LogOutputStream:75 - [STDERR_REDIRECT] [Fatal Error] :1:1: Premature end of file.
2026-08-10 00:12:42,560 [ERROR] LogOutputStream:75 - [STDERR_REDIRECT] 
2026-08-10 00:12:43,562 [ERROR] LogOutputStream:75 - [STDERR_REDIRECT] [Fatal Error] :1:1: Premature end of file.
2026-08-10 00:12:43,562 [ERROR] LogOutputStream:75 - [STDERR_REDIRECT] 
2026-08-10 00:12:44,561 [ERROR] LogOutputStream:75 - [STDERR_REDIRECT] [Fatal Error] :1:1: Premature end of file.
2026-08-10 00:12:44,561 [ERROR] LogOutputStream:75 - [STDERR_REDIRECT] 
2026-08-10 00:12:45,561 [ERROR] LogOutputStream:75 - [STDERR_REDIRECT] [Fatal Error] :1:1: Premature end of file.
2026-08-10 00:12:45,561 [ERROR] LogOutputStream:75 - [STDERR_REDIRECT] 
2026-08-10 00:12:46,550 [ERROR] LogOutputStream:75 - [STDERR_REDIRECT] [Fatal Error] :1:1: Premature end of file.
2026-08-10 00:12:46,550 [ERROR] LogOutputStream:75 - [STDERR_REDIRECT] 
2026-08-10 00:12:47,568 [ERROR] LogOutputStream:75 - [STDERR_REDIRECT] [Fatal Error] :1:1: Premature end of file.
2026-08-10 00:12:47,568 [ERROR] LogOutputStream:75 - [STDERR_REDIRECT] 
2026-08-10 00:12:48,554 [ERROR] LogOutputStream:75 - [STDERR_REDIRECT] [Fatal Error] :1:1: Premature end of file.
2026-08-10 00:12:48,554 [ERROR] LogOutputStream:75 - [STDERR_REDIRECT] 
2026-08-10 00:12:49,561 [ERROR] LogOutputStream:75 - [STDERR_REDIRECT] [Fatal Error] :1:1: Premature end of file.
2026-08-10 00:12:49,561 [ERROR] LogOutputStream:75 - [STDERR_REDIRECT] 
2026-08-10 00:12:50,568 [ERROR] LogOutputStream:75 - [STDERR_REDIRECT] [Fatal Error] :1:1: Premature end of file.
2026-08-10 00:12:50,568 [ERROR] LogOutputStream:75 - [STDERR_REDIRECT] 
2026-08-10 00:12:51,557 [ERROR] LogOutputStream:75 - [STDERR_REDIRECT] [Fatal Error] :1:1: Premature end of file.
2026-08-10 00:12:51,557 [ERROR] LogOutputStream:75 - [STDERR_REDIRECT] 
2026-08-10 00:12:52,561 [ERROR] LogOutputStream:75 - [STDERR_REDIRECT] [Fatal Error] :1:1: Premature end of file.
2026-08-10 00:12:52,561 [ERROR] LogOutputStream:75 - [STDERR_REDIRECT] 
2026-08-10 00:12:53,568 [ERROR] LogOutputStream:75 - [STDERR_REDIRECT] [Fatal Error] :1:1: Premature end of file.
2026-08-10 00:12:53,568 [ERROR] LogOutputStream:75 - [STDERR_REDIRECT] 
2026-08-10 00:12:54,556 [ERROR] LogOutputStream:75 - [STDERR_REDIRECT] [Fatal Error] :1:1: Premature end of file.
2026-08-10 00:12:54,556 [ERROR] LogOutputStream:75 - [STDERR_REDIRECT] 
2026-08-10 00:12:55,561 [ERROR] LogOutputStream:75 - [STDERR_REDIRECT] [Fatal Error] :1:1: Premature end of file.
2026-08-10 00:12:55,561 [ERROR] LogOutputStream:75 - [STDERR_REDIRECT] 
2026-08-10 00:12:56,568 [ERROR] LogOutputStream:75 - [STDERR_REDIRECT] [Fatal Error] :1:1: Premature end of file.
2026-08-10 00:12:56,568 [ERROR] LogOutputStream:75 - [STDERR_REDIRECT] 
2026-08-10 00:12:57,549 [ERROR] LogOutputStream:75 - [STDERR_REDIRECT] [Fatal Error] :1:1: Premature end of file.
2026-08-10 00:12:57,549 [ERROR] LogOutputStream:75 - [STDERR_REDIRECT] 
2026-08-10 00:12:58,564 [ERROR] LogOutputStream:75 - [STDERR_REDIRECT] [Fatal Error] :1:1: Premature end of file.
2026-08-10 00:12:58,564 [ERROR] LogOutputStream:75 - [STDERR_REDIRECT] 
2026-08-10 00:12:59,568 [ERROR] LogOutputStream:75 - [STDERR_REDIRECT] [Fatal Error] :1:1: Premature end of file.
2026-08-10 00:12:59,568 [ERROR] LogOutputStream:75 - [STDERR_REDIRECT] 
2026-08-10 00:13:00,555 [ERROR] LogOutputStream:75 - [STDERR_REDIRECT] [Fatal Error] :1:1: Premature end of file.
2026-08-10 00:13:00,555 [ERROR] LogOutputStream:75 - [STDERR_REDIRECT] 
2026-08-10 00:13:01,561 [ERROR] LogOutputStream:75 - [STDERR_REDIRECT] [Fatal Error] :1:1: Premature end of file.
2026-08-10 00:13:01,561 [ERROR] LogOutputStream:75 - [STDERR_REDIRECT] 
2026-08-10 00:13:02,568 [ERROR] LogOutputStream:75 - [STDERR_REDIRECT] [Fatal Error] :1:1: Premature end of file.
2026-08-10 00:13:02,568 [ERROR] LogOutputStream:75 - [STDERR_REDIRECT] 
2026-08-10 00:13:03,554 [ERROR] LogOutputStream:75 - [STDERR_REDIRECT] [Fatal Error] :1:1: Premature end of file.
2026-08-10 00:13:03,554 [ERROR] LogOutputStream:75 - [STDERR_REDIRECT] 
2026-08-10 00:13:04,561 [ERROR] LogOutputStream:75 - [STDERR_REDIRECT] [Fatal Error] :1:1: Premature end of file.
2026-08-10 00:13:04,561 [ERROR] LogOutputStream:75 - [STDERR_REDIRECT] 
2026-08-10 00:13:05,568 [ERROR] LogOutputStream:75 - [STDERR_REDIRECT] [Fatal Error] :1:1: Premature end of file.
2026-08-10 00:13:05,568 [ERROR] LogOutputStream:75 - [STDERR_REDIRECT] 
2026-08-10 00:13:06,554 [ERROR] LogOutputStream:75 - [STDERR_REDIRECT] [Fatal Error] :1:1: Premature end of file.
2026-08-10 00:13:06,554 [ERROR] LogOutputStream:75 - [STDERR_REDIRECT] 
2026-08-10 00:13:07,561 [ERROR] LogOutputStream:75 - [STDERR_REDIRECT] [Fatal Error] :1:1: Premature end of file.
2026-08-10 00:13:07,561 [ERROR] LogOutputStream:75 - [STDERR_REDIRECT] 
2026-08-10 00:13:08,568 [ERROR] LogOutputStream:75 - [STDERR_REDIRECT] [Fatal Error] :1:1: Premature end of file.
2026-08-10 00:13:08,568 [ERROR] LogOutputStream:75 - [STDERR_REDIRECT] 
2026-08-10 00:13:09,558 [ERROR] LogOutputStream:75 - [STDERR_REDIRECT] [Fatal Error] :1:1: Premature end of file.
2026-08-10 00:13:09,558 [ERROR] LogOutputStream:75 - [STDERR_REDIRECT] 
2026-08-10 00:13:10,569 [ERROR] LogOutputStream:75 - [STDERR_REDIRECT] [Fatal Error] :1:1: Premature end of file.
2026-08-10 00:13:10,569 [ERROR] LogOutputStream:75 - [STDERR_REDIRECT] 
2026-08-10 00:13:11,554 [ERROR] LogOutputStream:75 - [STDERR_REDIRECT] [Fatal Error] :1:1: Premature end of file.
2026-08-10 00:13:11,554 [ERROR] LogOutputStream:75 - [STDERR_REDIRECT] 
2026-08-10 00:13:12,560 [ERROR] LogOutputStream:75 - [STDERR_REDIRECT] [Fatal Error] :1:1: Premature end of file.
2026-08-10 00:13:12,560 [ERROR] LogOutputStream:75 - [STDERR_REDIRECT] 
2026-08-10 00:13:13,562 [ERROR] LogOutputStream:75 - [STDERR_REDIRECT] [Fatal Error] :1:1: Premature end of file.
2026-08-10 00:13:13,562 [ERROR] LogOutputStream:75 - [STDERR_REDIRECT] 
2026-08-10 00:13:14,568 [ERROR] LogOutputStream:75 - [STDERR_REDIRECT] [Fatal Error] :1:1: Premature end of file.
2026-08-10 00:13:14,568 [ERROR] LogOutputStream:75 - [STDERR_REDIRECT] 
2026-08-10 00:13:15,555 [ERROR] LogOutputStream:75 - [STDERR_REDIRECT] [Fatal Error] :1:1: Premature end of file.
2026-08-10 00:13:15,555 [ERROR] LogOutputStream:75 - [STDERR_REDIRECT] 
2026-08-10 00:13:16,559 [ERROR] LogOutputStream:75 - [STDERR_REDIRECT] [Fatal Error] :1:1: Premature end of file.
2026-08-10 00:13:16,559 [ERROR] LogOutputStream:75 - [STDERR_REDIRECT] 
2026-08-10 00:13:17,551 [ERROR] LogOutputStream:75 - [STDERR_REDIRECT] [Fatal Error] :1:1: Premature end of file.
2026-08-10 00:13:17,551 [ERROR] LogOutputStream:75 - [STDERR_REDIRECT] 
2026-08-10 00:13:18,562 [ERROR] LogOutputStream:75 - [STDERR_REDIRECT] [Fatal Error] :1:1: Premature end of file.
2026-08-10 00:13:18,562 [ERROR] LogOutputStream:75 - [STDERR_REDIRECT] 
2026-08-10 00:13:19,564 [ERROR] LogOutputStream:75 - [STDERR_REDIRECT] [Fatal Error] :1:1: Premature end of file.
2026-08-10 00:13:19,564 [ERROR] LogOutputStream:75 - [STDERR_REDIRECT] 
2026-08-10 00:13:20,568 [ERROR] LogOutputStream:75 - [STDERR_REDIRECT] [Fatal Error] :1:1: Premature end of file.
2026-08-10 00:13:20,568 [ERROR] LogOutputStream:75 - [STDERR_REDIRECT] 
2026-08-10 00:13:21,561 [ERROR] LogOutputStream:75 - [STDERR_REDIRECT] [Fatal Error] :1:1: Premature end of file.
2026-08-10 00:13:21,561 [ERROR] LogOutputStream:75 - [STDERR_REDIRECT] 
2026-08-10 00:13:22,553 [ERROR] LogOutputStream:75 - [STDERR_REDIRECT] [Fatal Error] :1:1: Premature end of file.
2026-08-10 00:13:22,553 [ERROR] LogOutputStream:75 - [STDERR_REDIRECT] 
2026-08-10 00:13:23,568 [ERROR] LogOutputStream:75 - [STDERR_REDIRECT] [Fatal Error] :1:1: Premature end of file.
2026-08-10 00:13:23,568 [ERROR] LogOutputStream:75 - [STDERR_REDIRECT] 
2026-08-10 00:13:24,556 [ERROR] LogOutputStream:75 - [STDERR_REDIRECT] [Fatal Error] :1:1: Premature end of file.
2026-08-10 00:13:24,556 [ERROR] LogOutputStream:75 - [STDERR_REDIRECT] 
2026-08-10 00:13:25,559 [ERROR] LogOutputStream:75 - [STDERR_REDIRECT] [Fatal Error] :1:1: Premature end of file.
2026-08-10 00:13:25,559 [ERROR] LogOutputStream:75 - [STDERR_REDIRECT] 
2026-08-10 00:13:26,568 [ERROR] LogOutputStream:75 - [STDERR_REDIRECT] [Fatal Error] :1:1: Premature end of file.
2026-08-10 00:13:26,568 [ERROR] LogOutputStream:75 - [STDERR_REDIRECT] 
2026-08-10 00:13:27,555 [ERROR] LogOutputStream:75 - [STDERR_REDIRECT] [Fatal Error] :1:1: Premature end of file.
2026-08-10 00:13:27,555 [ERROR] LogOutputStream:75 - [STDERR_REDIRECT] 
2026-08-10 00:13:28,561 [ERROR] LogOutputStream:75 - [STDERR_REDIRECT] [Fatal Error] :1:1: Premature end of file.
2026-08-10 00:13:28,561 [ERROR] LogOutputStream:75 - [STDERR_REDIRECT] 
2026-08-10 00:13:29,569 [ERROR] LogOutputStream:75 - [STDERR_REDIRECT] [Fatal Error] :1:1: Premature end of file.
2026-08-10 00:13:29,569 [ERROR] LogOutputStream:75 - [STDERR_REDIRECT] 
2026-08-10 00:13:30,552 [ERROR] LogOutputStream:75 - [STDERR_REDIRECT] [Fatal Error] :1:1: Premature end of file.
2026-08-10 00:13:30,552 [ERROR] LogOutputStream:75 - [STDERR_REDIRECT] 
2026-08-10 00:13:31,562 [ERROR] LogOutputStream:75 - [STDERR_REDIRECT] [Fatal Error] :1:1: Premature end of file.
2026-08-10 00:13:31,562 [ERROR] LogOutputStream:75 - [STDERR_REDIRECT] 
2026-08-10 00:13:32,570 [ERROR] LogOutputStream:75 - [STDERR_REDIRECT] [Fatal Error] :1:1: Premature end of file.
2026-08-10 00:13:32,570 [ERROR] LogOutputStream:75 - [STDERR_REDIRECT] 
2026-08-10 00:13:33,555 [ERROR] LogOutputStream:75 - [STDERR_REDIRECT] [Fatal Error] :1:1: Premature end of file.
2026-08-10 00:13:33,555 [ERROR] LogOutputStream:75 - [STDERR_REDIRECT] 
2026-08-10 00:13:34,557 [ERROR] LogOutputStream:75 - [STDERR_REDIRECT] [Fatal Error] :1:1: Premature end of file.
2026-08-10 00:13:34,557 [ERROR] LogOutputStream:75 - [STDERR_REDIRECT] 
2026-08-10 00:13:35,568 [ERROR] LogOutputStream:75 - [STDERR_REDIRECT] [Fatal Error] :1:1: Premature end of file.
2026-08-10 00:13:35,568 [ERROR] LogOutputStream:75 - [STDERR_REDIRECT] 
2026-08-10 00:13:36,556 [ERROR] LogOutputStream:75 - [STDERR_REDIRECT] [Fatal Error] :1:1: Premature end of file.
2026-08-10 00:13:36,556 [ERROR] LogOutputStream:75 - [STDERR_REDIRECT] 
2026-08-10 00:13:37,562 [ERROR] LogOutputStream:75 - [STDERR_REDIRECT] [Fatal Error] :1:1: Premature end of file.
2026-08-10 00:13:37,562 [ERROR] LogOutputStream:75 - [STDERR_REDIRECT] 
2026-08-10 00:13:38,568 [ERROR] LogOutputStream:75 - [STDERR_REDIRECT] [Fatal Error] :1:1: Premature end of file.
2026-08-10 00:13:38,568 [ERROR] LogOutputStream:75 - [STDERR_REDIRECT] 
2026-08-10 00:13:39,553 [ERROR] LogOutputStream:75 - [STDERR_REDIRECT] [Fatal Error] :1:1: Premature end of file.
2026-08-10 00:13:39,553 [ERROR] LogOutputStream:75 - [STDERR_REDIRECT] 
2026-08-10 00:13:40,559 [ERROR] LogOutputStream:75 - [STDERR_REDIRECT] [Fatal Error] :1:1: Premature end of file.
2026-08-10 00:13:40,559 [ERROR] LogOutputStream:75 - [STDERR_REDIRECT] 
2026-08-10 00:13:41,568 [ERROR] LogOutputStream:75 - [STDERR_REDIRECT] [Fatal Error] :1:1: Premature end of file.
2026-08-10 00:13:41,568 [ERROR] LogOutputStream:75 - [STDERR_REDIRECT] 
2026-08-10 00:13:42,555 [ERROR] LogOutputStream:75 - [STDERR_REDIRECT] [Fatal Error] :1:1: Premature end of file.
2026-08-10 00:13:42,555 [ERROR] LogOutputStream:75 - [STDERR_REDIRECT] 
2026-08-10 00:13:43,561 [ERROR] LogOutputStream:75 - [STDERR_REDIRECT] [Fatal Error] :1:1: Premature end of file.
2026-08-10 00:13:43,561 [ERROR] LogOutputStream:75 - [STDERR_REDIRECT] 
2026-08-10 00:13:44,568 [ERROR] LogOutputStream:75 - [STDERR_REDIRECT] [Fatal Error] :1:1: Premature end of file.
2026-08-10 00:13:44,568 [ERROR] LogOutputStream:75 - [STDERR_REDIRECT] 
2026-08-10 00:13:45,551 [ERROR] LogOutputStream:75 - [STDERR_REDIRECT] [Fatal Error] :1:1: Premature end of file.
2026-08-10 00:13:45,551 [ERROR] LogOutputStream:75 - [STDERR_REDIRECT] 
2026-08-10 00:13:46,560 [ERROR] LogOutputStream:75 - [STDERR_REDIRECT] [Fatal Error] :1:1: Premature end of file.
2026-08-10 00:13:46,560 [ERROR] LogOutputStream:75 - [STDERR_REDIRECT] 
2026-08-10 00:13:47,568 [ERROR] LogOutputStream:75 - [STDERR_REDIRECT] [Fatal Error] :1:1: Premature end of file.
2026-08-10 00:13:47,568 [ERROR] LogOutputStream:75 - [STDERR_REDIRECT] 
2026-08-10 00:13:48,566 [ERROR] LogOutputStream:75 - [STDERR_REDIRECT] [Fatal Error] :1:1: Premature end of file.
2026-08-10 00:13:48,566 [ERROR] LogOutputStream:75 - [STDERR_REDIRECT] 
2026-08-10 00:13:49,553 [ERROR] LogOutputStream:75 - [STDERR_REDIRECT] [Fatal Error] :1:1: Premature end of file.
2026-08-10 00:13:49,553 [ERROR] LogOutputStream:75 - [STDERR_REDIRECT] 
2026-08-10 00:13:50,568 [ERROR] LogOutputStream:75 - [STDERR_REDIRECT] [Fatal Error] :1:1: Premature end of file.
2026-08-10 00:13:50,568 [ERROR] LogOutputStream:75 - [STDERR_REDIRECT] 
2026-08-10 00:13:51,567 [ERROR] LogOutputStream:75 - [STDERR_REDIRECT] [Fatal Error] :1:1: Premature end of file.
2026-08-10 00:13:51,567 [ERROR] LogOutputStream:75 - [STDERR_REDIRECT] 
2026-08-10 00:13:52,551 [ERROR] LogOutputStream:75 - [STDERR_REDIRECT] [Fatal Error] :1:1: Premature end of file.
2026-08-10 00:13:52,551 [ERROR] LogOutputStream:75 - [STDERR_REDIRECT] 
2026-08-10 00:13:53,568 [ERROR] LogOutputStream:75 - [STDERR_REDIRECT] [Fatal Error] :1:1: Premature end of file.
2026-08-10 00:13:53,568 [ERROR] LogOutputStream:75 - [STDERR_REDIRECT] 
2026-08-10 00:13:54,562 [ERROR] LogOutputStream:75 - [STDERR_REDIRECT] [Fatal Error] :1:1: Premature end of file.
2026-08-10 00:13:54,562 [ERROR] LogOutputStream:75 - [STDERR_REDIRECT] 
2026-08-10 00:13:55,557 [ERROR] LogOutputStream:75 - [STDERR_REDIRECT] [Fatal Error] :1:1: Premature end of file.
2026-08-10 00:13:55,557 [ERROR] LogOutputStream:75 - [STDERR_REDIRECT] 
2026-08-10 00:13:56,561 [ERROR] LogOutputStream:75 - [STDERR_REDIRECT] [Fatal Error] :1:1: Premature end of file.
2026-08-10 00:13:56,561 [ERROR] LogOutputStream:75 - [STDERR_REDIRECT] 
2026-08-10 00:13:57,564 [ERROR] LogOutputStream:75 - [STDERR_REDIRECT] [Fatal Error] :1:1: Premature end of file.
2026-08-10 00:13:57,564 [ERROR] LogOutputStream:75 - [STDERR_REDIRECT] 
2026-08-10 00:13:58,567 [ERROR] LogOutputStream:75 - [STDERR_REDIRECT] [Fatal Error] :1:1: Premature end of file.
2026-08-10 00:13:58,567 [ERROR] LogOutputStream:75 - [STDERR_REDIRECT] 
2026-08-10 00:13:59,551 [ERROR] LogOutputStream:75 - [STDERR_REDIRECT] [Fatal Error] :1:1: Premature end of file.
2026-08-10 00:13:59,551 [ERROR] LogOutputStream:75 - [STDERR_REDIRECT] 
2026-08-10 00:14:00,573 [ERROR] LogOutputStream:75 - [STDERR_REDIRECT] [Fatal Error] :1:1: Premature end of file.
2026-08-10 00:14:00,573 [ERROR] LogOutputStream:75 - [STDERR_REDIRECT] 
2026-08-10 00:14:01,567 [ERROR] LogOutputStream:75 - [STDERR_REDIRECT] [Fatal Error] :1:1: Premature end of file.
2026-08-10 00:14:01,567 [ERROR] LogOutputStream:75 - [STDERR_REDIRECT] 
2026-08-10 00:14:02,552 [ERROR] LogOutputStream:75 - [STDERR_REDIRECT] [Fatal Error] :1:1: Premature end of file.
2026-08-10 00:14:02,552 [ERROR] LogOutputStream:75 - [STDERR_REDIRECT] 
2026-08-10 00:14:03,562 [ERROR] LogOutputStream:75 - [STDERR_REDIRECT] [Fatal Error] :1:1: Premature end of file.
2026-08-10 00:14:03,562 [ERROR] LogOutputStream:75 - [STDERR_REDIRECT] 
2026-08-10 00:14:04,558 [ERROR] LogOutputStream:75 - [STDERR_REDIRECT] [Fatal Error] :1:1: Premature end of file.
2026-08-10 00:14:04,558 [ERROR] LogOutputStream:75 - [STDERR_REDIRECT] 
2026-08-10 00:14:05,568 [ERROR] LogOutputStream:75 - [STDERR_REDIRECT] [Fatal Error] :1:1: Premature end of file.
2026-08-10 00:14:05,568 [ERROR] LogOutputStream:75 - [STDERR_REDIRECT] 
2026-08-10 00:14:06,558 [ERROR] LogOutputStream:75 - [STDERR_REDIRECT] [Fatal Error] :1:1: Premature end of file.
2026-08-10 00:14:06,558 [ERROR] LogOutputStream:75 - [STDERR_REDIRECT] 
2026-08-10 00:14:07,562 [ERROR] LogOutputStream:75 - [STDERR_REDIRECT] [Fatal Error] :1:1: Premature end of file.
2026-08-10 00:14:07,562 [ERROR] LogOutputStream:75 - [STDERR_REDIRECT] 
2026-08-10 00:14:08,572 [ERROR] LogOutputStream:75 - [STDERR_REDIRECT] [Fatal Error] :1:1: Premature end of file.
2026-08-10 00:14:08,572 [ERROR] LogOutputStream:75 - [STDERR_REDIRECT] 
2026-08-10 00:14:09,553 [ERROR] LogOutputStream:75 - [STDERR_REDIRECT] [Fatal Error] :1:1: Premature end of file.
2026-08-10 00:14:09,553 [ERROR] LogOutputStream:75 - [STDERR_REDIRECT] 
2026-08-10 00:14:10,561 [ERROR] LogOutputStream:75 - [STDERR_REDIRECT] [Fatal Error] :1:1: Premature end of file.
2026-08-10 00:14:10,561 [ERROR] LogOutputStream:75 - [STDERR_REDIRECT] 
2026-08-10 00:14:11,577 [ERROR] LogOutputStream:75 - [STDERR_REDIRECT] [Fatal Error] :1:1: Premature end of file.
2026-08-10 00:14:11,577 [ERROR] LogOutputStream:75 - [STDERR_REDIRECT] 
2026-08-10 00:14:12,550 [ERROR] LogOutputStream:75 - [STDERR_REDIRECT] [Fatal Error] :1:1: Premature end of file.
2026-08-10 00:14:12,550 [ERROR] LogOutputStream:75 - [STDERR_REDIRECT] 
2026-08-10 00:14:13,562 [ERROR] LogOutputStream:75 - [STDERR_REDIRECT] [Fatal Error] :1:1: Premature end of file.
2026-08-10 00:14:13,562 [ERROR] LogOutputStream:75 - [STDERR_REDIRECT] 
2026-08-10 00:14:14,568 [ERROR] LogOutputStream:75 - [STDERR_REDIRECT] [Fatal Error] :1:1: Premature end of file.
2026-08-10 00:14:14,568 [ERROR] LogOutputStream:75 - [STDERR_REDIRECT] 
2026-08-10 00:14:15,550 [ERROR] LogOutputStream:75 - [STDERR_REDIRECT] [Fatal Error] :1:1: Premature end of file.
2026-08-10 00:14:15,550 [ERROR] LogOutputStream:75 - [STDERR_REDIRECT] 
2026-08-10 00:14:16,562 [ERROR] LogOutputStream:75 - [STDERR_REDIRECT] [Fatal Error] :1:1: Premature end of file.
2026-08-10 00:14:16,562 [ERROR] LogOutputStream:75 - [STDERR_REDIRECT] 
2026-08-10 00:14:17,558 [ERROR] LogOutputStream:75 - [STDERR_REDIRECT] [Fatal Error] :1:1: Premature end of file.
2026-08-10 00:14:17,568 [ERROR] LogOutputStream:75 - [STDERR_REDIRECT] 
2026-08-10 00:14:18,551 [ERROR] LogOutputStream:75 - [STDERR_REDIRECT] [Fatal Error] :1:1: Premature end of file.
2026-08-10 00:14:18,551 [ERROR] LogOutputStream:75 - [STDERR_REDIRECT] 
2026-08-10 00:14:19,573 [ERROR] LogOutputStream:75 - [STDERR_REDIRECT] [Fatal Error] :1:1: Premature end of file.
2026-08-10 00:14:19,573 [ERROR] LogOutputStream:75 - [STDERR_REDIRECT] 
2026-08-10 00:14:20,568 [ERROR] LogOutputStream:75 - [STDERR_REDIRECT] [Fatal Error] :1:1: Premature end of file.
2026-08-10 00:14:20,568 [ERROR] LogOutputStream:75 - [STDERR_REDIRECT] 
2026-08-10 00:14:21,559 [ERROR] LogOutputStream:75 - [STDERR_REDIRECT] [Fatal Error] :1:1: Premature end of file.
2026-08-10 00:14:21,559 [ERROR] LogOutputStream:75 - [STDERR_REDIRECT] 
2026-08-10 00:14:22,561 [ERROR] LogOutputStream:75 - [STDERR_REDIRECT] [Fatal Error] :1:1: Premature end of file.
2026-08-10 00:14:22,561 [ERROR] LogOutputStream:75 - [STDERR_REDIRECT] 
2026-08-10 00:14:23,569 [ERROR] LogOutputStream:75 - [STDERR_REDIRECT] [Fatal Error] :1:1: Premature end of file.
2026-08-10 00:14:23,569 [ERROR] LogOutputStream:75 - [STDERR_REDIRECT] 
2026-08-10 00:14:24,551 [ERROR] LogOutputStream:75 - [STDERR_REDIRECT] [Fatal Error] :1:1: Premature end of file.
2026-08-10 00:14:24,551 [ERROR] LogOutputStream:75 - [STDERR_REDIRECT] 
2026-08-10 00:14:25,549 [ERROR] LogOutputStream:75 - [STDERR_REDIRECT] [Fatal Error] :1:1: Premature end of file.
2026-08-10 00:14:25,549 [ERROR] LogOutputStream:75 - [STDERR_REDIRECT] 
2026-08-10 00:14:26,568 [ERROR] LogOutputStream:75 - [STDERR_REDIRECT] [Fatal Error] :1:1: Premature end of file.
2026-08-10 00:14:26,568 [ERROR] LogOutputStream:75 - [STDERR_REDIRECT] 
2026-08-10 00:14:27,554 [ERROR] LogOutputStream:75 - [STDERR_REDIRECT] [Fatal Error] :1:1: Premature end of file.
2026-08-10 00:14:27,554 [ERROR] LogOutputStream:75 - [STDERR_REDIRECT] 
2026-08-10 00:14:28,562 [ERROR] LogOutputStream:75 - [STDERR_REDIRECT] [Fatal Error] :1:1: Premature end of file.
2026-08-10 00:14:28,562 [ERROR] LogOutputStream:75 - [STDERR_REDIRECT] 
2026-08-10 00:14:29,568 [ERROR] LogOutputStream:75 - [STDERR_REDIRECT] [Fatal Error] :1:1: Premature end of file.
2026-08-10 00:14:29,568 [ERROR] LogOutputStream:75 - [STDERR_REDIRECT] 
2026-08-10 00:14:30,555 [ERROR] LogOutputStream:75 - [STDERR_REDIRECT] [Fatal Error] :1:1: Premature end of file.
2026-08-10 00:14:30,555 [ERROR] LogOutputStream:75 - [STDERR_REDIRECT] 
2026-08-10 00:14:31,561 [ERROR] LogOutputStream:75 - [STDERR_REDIRECT] [Fatal Error] :1:1: Premature end of file.
2026-08-10 00:14:31,561 [ERROR] LogOutputStream:75 - [STDERR_REDIRECT] 
2026-08-10 00:14:32,568 [ERROR] LogOutputStream:75 - [STDERR_REDIRECT] [Fatal Error] :1:1: Premature end of file.
2026-08-10 00:14:32,568 [ERROR] LogOutputStream:75 - [STDERR_REDIRECT] 
2026-08-10 00:14:33,554 [ERROR] LogOutputStream:75 - [STDERR_REDIRECT] [Fatal Error] :1:1: Premature end of file.
2026-08-10 00:14:33,554 [ERROR] LogOutputStream:75 - [STDERR_REDIRECT] 
2026-08-10 00:14:34,568 [ERROR] LogOutputStream:75 - [STDERR_REDIRECT] [Fatal Error] :1:1: Premature end of file.
2026-08-10 00:14:34,568 [ERROR] LogOutputStream:75 - [STDERR_REDIRECT] 
2026-08-10 00:14:35,551 [ERROR] LogOutputStream:75 - [STDERR_REDIRECT] [Fatal Error] :1:1: Premature end of file.
2026-08-10 00:14:35,551 [ERROR] LogOutputStream:75 - [STDERR_REDIRECT] 
2026-08-10 00:14:36,562 [ERROR] LogOutputStream:75 - [STDERR_REDIRECT] [Fatal Error] :1:1: Premature end of file.
2026-08-10 00:14:36,562 [ERROR] LogOutputStream:75 - [STDERR_REDIRECT] 
2026-08-10 00:14:37,562 [ERROR] LogOutputStream:75 - [STDERR_REDIRECT] [Fatal Error] :1:1: Premature end of file.
2026-08-10 00:14:37,562 [ERROR] LogOutputStream:75 - [STDERR_REDIRECT] 
2026-08-10 00:14:38,568 [ERROR] LogOutputStream:75 - [STDERR_REDIRECT] [Fatal Error] :1:1: Premature end of file.
2026-08-10 00:14:38,568 [ERROR] LogOutputStream:75 - [STDERR_REDIRECT] 
2026-08-10 00:14:39,555 [ERROR] LogOutputStream:75 - [STDERR_REDIRECT] [Fatal Error] :1:1: Premature end of file.
2026-08-10 00:14:39,555 [ERROR] LogOutputStream:75 - [STDERR_REDIRECT] 
2026-08-10 00:14:40,568 [ERROR] LogOutputStream:75 - [STDERR_REDIRECT] [Fatal Error] :1:1: Premature end of file.
2026-08-10 00:14:40,568 [ERROR] LogOutputStream:75 - [STDERR_REDIRECT] 
2026-08-10 00:14:41,568 [ERROR] LogOutputStream:75 - [STDERR_REDIRECT] [Fatal Error] :1:1: Premature end of file.
2026-08-10 00:14:41,568 [ERROR] LogOutputStream:75 - [STDERR_REDIRECT] 
2026-08-10 00:14:42,564 [ERROR] LogOutputStream:75 - [STDERR_REDIRECT] [Fatal Error] :1:1: Premature end of file.
2026-08-10 00:14:42,564 [ERROR] LogOutputStream:75 - [STDERR_REDIRECT] 
2026-08-10 00:14:43,549 [ERROR] LogOutputStream:75 - [STDERR_REDIRECT] [Fatal Error] :1:1: Premature end of file.
2026-08-10 00:14:43,549 [ERROR] LogOutputStream:75 - [STDERR_REDIRECT] 
2026-08-10 00:14:44,568 [ERROR] LogOutputStream:75 - [STDERR_REDIRECT] [Fatal Error] :1:1: Premature end of file.
2026-08-10 00:14:44,568 [ERROR] LogOutputStream:75 - [STDERR_REDIRECT] 
2026-08-10 00:14:45,552 [ERROR] LogOutputStream:75 - [STDERR_REDIRECT] [Fatal Error] :1:1: Premature end of file.
2026-08-10 00:14:45,552 [ERROR] LogOutputStream:75 - [STDERR_REDIRECT] 
2026-08-10 00:14:46,562 [ERROR] LogOutputStream:75 - [STDERR_REDIRECT] [Fatal Error] :1:1: Premature end of file.
2026-08-10 00:14:46,562 [ERROR] LogOutputStream:75 - [STDERR_REDIRECT] 
2026-08-10 00:14:47,568 [ERROR] LogOutputStream:75 - [STDERR_REDIRECT] [Fatal Error] :1:1: Premature end of file.
2026-08-10 00:14:47,568 [ERROR] LogOutputStream:75 - [STDERR_REDIRECT] 
2026-08-10 00:14:48,556 [ERROR] LogOutputStream:75 - [STDERR_REDIRECT] [Fatal Error] :1:1: Premature end of file.
2026-08-10 00:14:48,556 [ERROR] LogOutputStream:75 - [STDERR_REDIRECT] 
2026-08-10 00:14:49,572 [ERROR] LogOutputStream:75 - [STDERR_REDIRECT] [Fatal Error] :1:1: Premature end of file.
2026-08-10 00:14:49,572 [ERROR] LogOutputStream:75 - [STDERR_REDIRECT] 
2026-08-10 00:14:50,554 [ERROR] LogOutputStream:75 - [STDERR_REDIRECT] [Fatal Error] :1:1: Premature end of file.
2026-08-10 00:14:50,554 [ERROR] LogOutputStream:75 - [STDERR_REDIRECT] 
2026-08-10 00:14:51,560 [ERROR] LogOutputStream:75 - [STDERR_REDIRECT] [Fatal Error] :1:1: Premature end of file.
2026-08-10 00:14:51,560 [ERROR] LogOutputStream:75 - [STDERR_REDIRECT] 
2026-08-10 00:14:52,562 [ERROR] LogOutputStream:75 - [STDERR_REDIRECT] [Fatal Error] :1:1: Premature end of file.
2026-08-10 00:14:52,562 [ERROR] LogOutputStream:75 - [STDERR_REDIRECT] 
2026-08-10 00:14:53,568 [ERROR] LogOutputStream:75 - [STDERR_REDIRECT] [Fatal Error] :1:1: Premature end of file.
2026-08-10 00:14:53,568 [ERROR] LogOutputStream:75 - [STDERR_REDIRECT] 
2026-08-10 00:14:54,556 [ERROR] LogOutputStream:75 - [STDERR_REDIRECT] [Fatal Error] :1:1: Premature end of file.
2026-08-10 00:14:54,556 [ERROR] LogOutputStream:75 - [STDERR_REDIRECT] 
2026-08-10 00:14:55,564 [ERROR] LogOutputStream:75 - [STDERR_REDIRECT] [Fatal Error] :1:1: Premature end of file.
2026-08-10 00:14:55,564 [ERROR] LogOutputStream:75 - [STDERR_REDIRECT] 
2026-08-10 00:14:56,568 [ERROR] LogOutputStream:75 - [STDERR_REDIRECT] [Fatal Error] :1:1: Premature end of file.
2026-08-10 00:14:56,568 [ERROR] LogOutputStream:75 - [STDERR_REDIRECT] 
2026-08-10 00:14:57,556 [ERROR] LogOutputStream:75 - [STDERR_REDIRECT] [Fatal Error] :1:1: Premature end of file.
2026-08-10 00:14:57,556 [ERROR] LogOutputStream:75 - [STDERR_REDIRECT] 
2026-08-10 00:14:58,562 [ERROR] LogOutputStream:75 - [STDERR_REDIRECT] [Fatal Error] :1:1: Premature end of file.
2026-08-10 00:14:58,562 [ERROR] LogOutputStream:75 - [STDERR_REDIRECT] 
2026-08-10 00:14:59,570 [ERROR] LogOutputStream:75 - [STDERR_REDIRECT] [Fatal Error] :1:1: Premature end of file.
2026-08-10 00:14:59,570 [ERROR] LogOutputStream:75 - [STDERR_REDIRECT] 
2026-08-10 00:15:00,552 [ERROR] LogOutputStream:75 - [STDERR_REDIRECT] [Fatal Error] :1:1: Premature end of file.
2026-08-10 00:15:00,552 [ERROR] LogOutputStream:75 - [STDERR_REDIRECT] 
2026-08-10 00:15:01,562 [ERROR] LogOutputStream:75 - [STDERR_REDIRECT] [Fatal Error] :1:1: Premature end of file.
2026-08-10 00:15:01,562 [ERROR] LogOutputStream:75 - [STDERR_REDIRECT] 
2026-08-10 00:15:02,572 [ERROR] LogOutputStream:75 - [STDERR_REDIRECT] [Fatal Error] :1:1: Premature end of file.
2026-08-10 00:15:02,572 [ERROR] LogOutputStream:75 - [STDERR_REDIRECT] 
2026-08-10 00:15:03,551 [ERROR] LogOutputStream:75 - [STDERR_REDIRECT] [Fatal Error] :1:1: Premature end of file.
2026-08-10 00:15:03,551 [ERROR] LogOutputStream:75 - [STDERR_REDIRECT] 
2026-08-10 00:15:04,572 [ERROR] LogOutputStream:75 - [STDERR_REDIRECT] [Fatal Error] :1:1: Premature end of file.
2026-08-10 00:15:04,572 [ERROR] LogOutputStream:75 - [STDERR_REDIRECT] 
2026-08-10 00:15:05,551 [ERROR] LogOutputStream:75 - [STDERR_REDIRECT] [Fatal Error] :1:1: Premature end of file.
2026-08-10 00:15:05,551 [ERROR] LogOutputStream:75 - [STDERR_REDIRECT] 
2026-08-10 00:15:06,562 [ERROR] LogOutputStream:75 - [STDERR_REDIRECT] [Fatal Error] :1:1: Premature end of file.
2026-08-10 00:15:06,562 [ERROR] LogOutputStream:75 - [STDERR_REDIRECT] 
2026-08-10 00:15:07,561 [ERROR] LogOutputStream:75 - [STDERR_REDIRECT] [Fatal Error] :1:1: Premature end of file.
2026-08-10 00:15:07,561 [ERROR] LogOutputStream:75 - [STDERR_REDIRECT] 
2026-08-10 00:15:08,568 [ERROR] LogOutputStream:75 - [STDERR_REDIRECT] [Fatal Error] :1:1: Premature end of file.
2026-08-10 00:15:08,568 [ERROR] LogOutputStream:75 - [STDERR_REDIRECT] 
2026-08-10 00:15:09,553 [ERROR] LogOutputStream:75 - [STDERR_REDIRECT] [Fatal Error] :1:1: Premature end of file.
2026-08-10 00:15:09,553 [ERROR] LogOutputStream:75 - [STDERR_REDIRECT] 
2026-08-10 00:15:10,553 [ERROR] LogOutputStream:75 - [STDERR_REDIRECT] [Fatal Error] :1:1: Premature end of file.
2026-08-10 00:15:10,553 [ERROR] LogOutputStream:75 - [STDERR_REDIRECT] 
2026-08-10 00:15:11,551 [ERROR] LogOutputStream:75 - [STDERR_REDIRECT] [Fatal Error] :1:1: Premature end of file.
2026-08-10 00:15:11,551 [ERROR] LogOutputStream:75 - [STDERR_REDIRECT] 
2026-08-10 00:15:12,562 [ERROR] LogOutputStream:75 - [STDERR_REDIRECT] [Fatal Error] :1:1: Premature end of file.
2026-08-10 00:15:12,562 [ERROR] LogOutputStream:75 - [STDERR_REDIRECT] 
2026-08-10 00:15:13,560 [ERROR] LogOutputStream:75 - [STDERR_REDIRECT] [Fatal Error] :1:1: Premature end of file.
2026-08-10 00:15:13,560 [ERROR] LogOutputStream:75 - [STDERR_REDIRECT] 
2026-08-10 00:15:14,570 [ERROR] LogOutputStream:75 - [STDERR_REDIRECT] [Fatal Error] :1:1: Premature end of file.
2026-08-10 00:15:14,570 [ERROR] LogOutputStream:75 - [STDERR_REDIRECT] 
2026-08-10 00:15:15,555 [ERROR] LogOutputStream:75 - [STDERR_REDIRECT] [Fatal Error] :1:1: Premature end of file.
2026-08-10 00:15:15,555 [ERROR] LogOutputStream:75 - [STDERR_REDIRECT] 
2026-08-10 00:15:16,559 [ERROR] LogOutputStream:75 - [STDERR_REDIRECT] [Fatal Error] :1:1: Premature end of file.
2026-08-10 00:15:16,559 [ERROR] LogOutputStream:75 - [STDERR_REDIRECT] 
2026-08-10 00:15:17,568 [ERROR] LogOutputStream:75 - [STDERR_REDIRECT] [Fatal Error] :1:1: Premature end of file.
2026-08-10 00:15:17,568 [ERROR] LogOutputStream:75 - [STDERR_REDIRECT] 
2026-08-10 00:15:18,563 [ERROR] LogOutputStream:75 - [STDERR_REDIRECT] [Fatal Error] :1:1: Premature end of file.
2026-08-10 00:15:18,563 [ERROR] LogOutputStream:75 - [STDERR_REDIRECT] 
2026-08-10 00:15:19,565 [ERROR] LogOutputStream:75 - [STDERR_REDIRECT] [Fatal Error] :1:1: Premature end of file.
2026-08-10 00:15:19,565 [ERROR] LogOutputStream:75 - [STDERR_REDIRECT] 
2026-08-10 00:15:20,555 [ERROR] LogOutputStream:75 - [STDERR_REDIRECT] [Fatal Error] :1:1: Premature end of file.
2026-08-10 00:15:20,555 [ERROR] LogOutputStream:75 - [STDERR_REDIRECT] 
2026-08-10 00:15:21,571 [ERROR] LogOutputStream:75 - [STDERR_REDIRECT] [Fatal Error] :1:1: Premature end of file.
2026-08-10 00:15:21,571 [ERROR] LogOutputStream:75 - [STDERR_REDIRECT] 
2026-08-10 00:15:22,553 [ERROR] LogOutputStream:75 - [STDERR_REDIRECT] [Fatal Error] :1:1: Premature end of file.
2026-08-10 00:15:22,553 [ERROR] LogOutputStream:75 - [STDERR_REDIRECT] 
2026-08-10 00:15:23,576 [ERROR] LogOutputStream:75 - [STDERR_REDIRECT] [Fatal Error] :1:1: Premature end of file.
2026-08-10 00:15:23,576 [ERROR] LogOutputStream:75 - [STDERR_REDIRECT] 
2026-08-10 00:15:24,557 [ERROR] LogOutputStream:75 - [STDERR_REDIRECT] [Fatal Error] :1:1: Premature end of file.
2026-08-10 00:15:24,557 [ERROR] LogOutputStream:75 - [STDERR_REDIRECT] 
2026-08-10 00:15:25,561 [ERROR] LogOutputStream:75 - [STDERR_REDIRECT] [Fatal Error] :1:1: Premature end of file.
2026-08-10 00:15:25,561 [ERROR] LogOutputStream:75 - [STDERR_REDIRECT] 
2026-08-10 00:15:26,568 [ERROR] LogOutputStream:75 - [STDERR_REDIRECT] [Fatal Error] :1:1: Premature end of file.
2026-08-10 00:15:26,568 [ERROR] LogOutputStream:75 - [STDERR_REDIRECT] 
2026-08-10 00:15:27,559 [ERROR] LogOutputStream:75 - [STDERR_REDIRECT] [Fatal Error] :1:1: Premature end of file.
2026-08-10 00:15:27,559 [ERROR] LogOutputStream:75 - [STDERR_REDIRECT] 
2026-08-10 00:15:28,554 [ERROR] LogOutputStream:75 - [STDERR_REDIRECT] [Fatal Error] :1:1: Premature end of file.
2026-08-10 00:15:28,554 [ERROR] LogOutputStream:75 - [STDERR_REDIRECT] 
2026-08-10 00:15:29,568 [ERROR] LogOutputStream:75 - [STDERR_REDIRECT] [Fatal Error] :1:1: Premature end of file.
2026-08-10 00:15:29,568 [ERROR] LogOutputStream:75 - [STDERR_REDIRECT] 
2026-08-10 00:15:30,555 [ERROR] LogOutputStream:75 - [STDERR_REDIRECT] [Fatal Error] :1:1: Premature end of file.
2026-08-10 00:15:30,555 [ERROR] LogOutputStream:75 - [STDERR_REDIRECT] 
2026-08-10 00:15:31,564 [ERROR] LogOutputStream:75 - [STDERR_REDIRECT] [Fatal Error] :1:1: Premature end of file.
2026-08-10 00:15:31,564 [ERROR] LogOutputStream:75 - [STDERR_REDIRECT] 
2026-08-10 00:15:32,568 [ERROR] LogOutputStream:75 - [STDERR_REDIRECT] [Fatal Error] :1:1: Premature end of file.
2026-08-10 00:15:32,568 [ERROR] LogOutputStream:75 - [STDERR_REDIRECT] 
2026-08-10 00:15:33,555 [ERROR] LogOutputStream:75 - [STDERR_REDIRECT] [Fatal Error] :1:1: Premature end of file.
2026-08-10 00:15:33,555 [ERROR] LogOutputStream:75 - [STDERR_REDIRECT] 
2026-08-10 00:15:34,561 [ERROR] LogOutputStream:75 - [STDERR_REDIRECT] [Fatal Error] :1:1: Premature end of file.
2026-08-10 00:15:34,561 [ERROR] LogOutputStream:75 - [STDERR_REDIRECT] 
2026-08-10 00:15:35,568 [ERROR] LogOutputStream:75 - [STDERR_REDIRECT] [Fatal Error] :1:1: Premature end of file.
2026-08-10 00:15:35,568 [ERROR] LogOutputStream:75 - [STDERR_REDIRECT] 
2026-08-10 00:15:36,553 [ERROR] LogOutputStream:75 - [STDERR_REDIRECT] [Fatal Error] :1:1: Premature end of file.
2026-08-10 00:15:36,553 [ERROR] LogOutputStream:75 - [STDERR_REDIRECT] 
2026-08-10 00:15:37,557 [ERROR] LogOutputStream:75 - [STDERR_REDIRECT] [Fatal Error] :1:1: Premature end of file.
2026-08-10 00:15:37,557 [ERROR] LogOutputStream:75 - [STDERR_REDIRECT] 
2026-08-10 00:15:38,557 [ERROR] LogOutputStream:75 - [STDERR_REDIRECT] [Fatal Error] :1:1: Premature end of file.
2026-08-10 00:15:38,557 [ERROR] LogOutputStream:75 - [STDERR_REDIRECT] 
2026-08-10 00:15:39,559 [ERROR] LogOutputStream:75 - [STDERR_REDIRECT] [Fatal Error] :1:1: Premature end of file.
2026-08-10 00:15:39,559 [ERROR] LogOutputStream:75 - [STDERR_REDIRECT] 
2026-08-10 00:15:40,550 [ERROR] LogOutputStream:75 - [STDERR_REDIRECT] [Fatal Error] :1:1: Premature end of file.
2026-08-10 00:15:40,550 [ERROR] LogOutputStream:75 - [STDERR_REDIRECT] 
2026-08-10 00:15:41,568 [ERROR] LogOutputStream:75 - [STDERR_REDIRECT] [Fatal Error] :1:1: Premature end of file.
2026-08-10 00:15:41,568 [ERROR] LogOutputStream:75 - [STDERR_REDIRECT] 
2026-08-10 00:15:42,551 [ERROR] LogOutputStream:75 - [STDERR_REDIRECT] [Fatal Error] :1:1: Premature end of file.
2026-08-10 00:15:42,551 [ERROR] LogOutputStream:75 - [STDERR_REDIRECT] 
2026-08-10 00:15:43,560 [ERROR] LogOutputStream:75 - [STDERR_REDIRECT] [Fatal Error] :1:1: Premature end of file.
2026-08-10 00:15:43,560 [ERROR] LogOutputStream:75 - [STDERR_REDIRECT] 
2026-08-10 00:15:44,568 [ERROR] LogOutputStream:75 - [STDERR_REDIRECT] [Fatal Error] :1:1: Premature end of file.
2026-08-10 00:15:44,568 [ERROR] LogOutputStream:75 - [STDERR_REDIRECT] 
2026-08-10 00:15:45,552 [ERROR] LogOutputStream:75 - [STDERR_REDIRECT] [Fatal Error] :1:1: Premature end of file.
2026-08-10 00:15:45,552 [ERROR] LogOutputStream:75 - [STDERR_REDIRECT] 
2026-08-10 00:15:46,560 [ERROR] LogOutputStream:75 - [STDERR_REDIRECT] [Fatal Error] :1:1: Premature end of file.
2026-08-10 00:15:46,560 [ERROR] LogOutputStream:75 - [STDERR_REDIRECT] 
2026-08-10 00:15:47,569 [ERROR] LogOutputStream:75 - [STDERR_REDIRECT] [Fatal Error] :1:1: Premature end of file.
2026-08-10 00:15:47,569 [ERROR] LogOutputStream:75 - [STDERR_REDIRECT] 
2026-08-10 00:15:48,555 [ERROR] LogOutputStream:75 - [STDERR_REDIRECT] [Fatal Error] :1:1: Premature end of file.
2026-08-10 00:15:48,555 [ERROR] LogOutputStream:75 - [STDERR_REDIRECT] 
2026-08-10 00:15:49,560 [ERROR] LogOutputStream:75 - [STDERR_REDIRECT] [Fatal Error] :1:1: Premature end of file.
2026-08-10 00:15:49,560 [ERROR] LogOutputStream:75 - [STDERR_REDIRECT] 
2026-08-10 00:15:50,568 [ERROR] LogOutputStream:75 - [STDERR_REDIRECT] [Fatal Error] :1:1: Premature end of file.
2026-08-10 00:15:50,568 [ERROR] LogOutputStream:75 - [STDERR_REDIRECT] 
2026-08-10 00:15:51,555 [ERROR] LogOutputStream:75 - [STDERR_REDIRECT] [Fatal Error] :1:1: Premature end of file.
2026-08-10 00:15:51,555 [ERROR] LogOutputStream:75 - [STDERR_REDIRECT] 
2026-08-10 00:15:52,562 [ERROR] LogOutputStream:75 - [STDERR_REDIRECT] [Fatal Error] :1:1: Premature end of file.
2026-08-10 00:15:52,562 [ERROR] LogOutputStream:75 - [STDERR_REDIRECT] 
2026-08-10 00:15:53,568 [ERROR] LogOutputStream:75 - [STDERR_REDIRECT] [Fatal Error] :1:1: Premature end of file.
2026-08-10 00:15:53,568 [ERROR] LogOutputStream:75 - [STDERR_REDIRECT] 
2026-08-10 00:15:54,554 [ERROR] LogOutputStream:75 - [STDERR_REDIRECT] [Fatal Error] :1:1: Premature end of file.
2026-08-10 00:15:54,554 [ERROR] LogOutputStream:75 - [STDERR_REDIRECT] 
2026-08-10 00:15:55,562 [ERROR] LogOutputStream:75 - [STDERR_REDIRECT] [Fatal Error] :1:1: Premature end of file.
2026-08-10 00:15:55,562 [ERROR] LogOutputStream:75 - [STDERR_REDIRECT] 
2026-08-10 00:15:56,569 [ERROR] LogOutputStream:75 - [STDERR_REDIRECT] [Fatal Error] :1:1: Premature end of file.
2026-08-10 00:15:56,569 [ERROR] LogOutputStream:75 - [STDERR_REDIRECT] 
2026-08-10 00:15:57,553 [ERROR] LogOutputStream:75 - [STDERR_REDIRECT] [Fatal Error] :1:1: Premature end of file.
2026-08-10 00:15:57,553 [ERROR] LogOutputStream:75 - [STDERR_REDIRECT] 
2026-08-10 00:15:58,549 [ERROR] LogOutputStream:75 - [STDERR_REDIRECT] [Fatal Error] :1:1: Premature end of file.
2026-08-10 00:15:58,549 [ERROR] LogOutputStream:75 - [STDERR_REDIRECT] 
2026-08-10 00:15:59,568 [ERROR] LogOutputStream:75 - [STDERR_REDIRECT] [Fatal Error] :1:1: Premature end of file.
2026-08-10 00:15:59,568 [ERROR] LogOutputStream:75 - [STDERR_REDIRECT] 
2026-08-10 00:16:00,557 [ERROR] LogOutputStream:75 - [STDERR_REDIRECT] [Fatal Error] :1:1: Premature end of file.
2026-08-10 00:16:00,557 [ERROR] LogOutputStream:75 - [STDERR_REDIRECT] 
2026-08-10 00:16:01,579 [ERROR] LogOutputStream:75 - [STDERR_REDIRECT] [Fatal Error] :1:1: Premature end of file.
2026-08-10 00:16:01,579 [ERROR] LogOutputStream:75 - [STDERR_REDIRECT] 
2026-08-10 00:16:02,551 [ERROR] LogOutputStream:75 - [STDERR_REDIRECT] [Fatal Error] :1:1: Premature end of file.
2026-08-10 00:16:02,551 [ERROR] LogOutputStream:75 - [STDERR_REDIRECT] 
2026-08-10 00:16:03,561 [ERROR] LogOutputStream:75 - [STDERR_REDIRECT] [Fatal Error] :1:1: Premature end of file.
2026-08-10 00:16:03,561 [ERROR] LogOutputStream:75 - [STDERR_REDIRECT] 
2026-08-10 00:16:04,580 [ERROR] LogOutputStream:75 - [STDERR_REDIRECT] [Fatal Error] :1:1: Premature end of file.
2026-08-10 00:16:04,580 [ERROR] LogOutputStream:75 - [STDERR_REDIRECT] 
2026-08-10 00:16:05,550 [ERROR] LogOutputStream:75 - [STDERR_REDIRECT] [Fatal Error] :1:1: Premature end of file.
2026-08-10 00:16:05,550 [ERROR] LogOutputStream:75 - [STDERR_REDIRECT] 
2026-08-10 00:16:06,561 [ERROR] LogOutputStream:75 - [STDERR_REDIRECT] [Fatal Error] :1:1: Premature end of file.
2026-08-10 00:16:06,575 [ERROR] LogOutputStream:75 - [STDERR_REDIRECT] 
2026-08-10 00:16:07,550 [ERROR] LogOutputStream:75 - [STDERR_REDIRECT] [Fatal Error] :1:1: Premature end of file.
2026-08-10 00:16:07,550 [ERROR] LogOutputStream:75 - [STDERR_REDIRECT] 
2026-08-10 00:16:08,568 [ERROR] LogOutputStream:75 - [STDERR_REDIRECT] [Fatal Error] :1:1: Premature end of file.
2026-08-10 00:16:08,568 [ERROR] LogOutputStream:75 - [STDERR_REDIRECT] 
2026-08-10 00:16:09,571 [ERROR] LogOutputStream:75 - [STDERR_REDIRECT] [Fatal Error] :1:1: Premature end of file.
2026-08-10 00:16:09,571 [ERROR] LogOutputStream:75 - [STDERR_REDIRECT] 
2026-08-10 00:16:10,551 [ERROR] LogOutputStream:75 - [STDERR_REDIRECT] [Fatal Error] :1:1: Premature end of file.
2026-08-10 00:16:10,551 [ERROR] LogOutputStream:75 - [STDERR_REDIRECT] 
2026-08-10 00:16:11,568 [ERROR] LogOutputStream:75 - [STDERR_REDIRECT] [Fatal Error] :1:1: Premature end of file.
2026-08-10 00:16:11,568 [ERROR] LogOutputStream:75 - [STDERR_REDIRECT] 
2026-08-10 00:16:12,555 [ERROR] LogOutputStream:75 - [STDERR_REDIRECT] [Fatal Error] :1:1: Premature end of file.
2026-08-10 00:16:12,555 [ERROR] LogOutputStream:75 - [STDERR_REDIRECT] 
2026-08-10 00:16:13,562 [ERROR] LogOutputStream:75 - [STDERR_REDIRECT] [Fatal Error] :1:1: Premature end of file.
2026-08-10 00:16:13,562 [ERROR] LogOutputStream:75 - [STDERR_REDIRECT] 
2026-08-10 00:16:14,568 [ERROR] LogOutputStream:75 - [STDERR_REDIRECT] [Fatal Error] :1:1: Premature end of file.
2026-08-10 00:16:14,568 [ERROR] LogOutputStream:75 - [STDERR_REDIRECT] 
2026-08-10 00:16:15,550 [ERROR] LogOutputStream:75 - [STDERR_REDIRECT] [Fatal Error] :1:1: Premature end of file.
2026-08-10 00:16:15,550 [ERROR] LogOutputStream:75 - [STDERR_REDIRECT] 
2026-08-10 00:16:16,561 [ERROR] LogOutputStream:75 - [STDERR_REDIRECT] [Fatal Error] :1:1: Premature end of file.
2026-08-10 00:16:16,561 [ERROR] LogOutputStream:75 - [STDERR_REDIRECT] 
2026-08-10 00:16:17,568 [ERROR] LogOutputStream:75 - [STDERR_REDIRECT] [Fatal Error] :1:1: Premature end of file.
2026-08-10 00:16:17,568 [ERROR] LogOutputStream:75 - [STDERR_REDIRECT] 
2026-08-10 00:16:18,557 [ERROR] LogOutputStream:75 - [STDERR_REDIRECT] [Fatal Error] :1:1: Premature end of file.
2026-08-10 00:16:18,557 [ERROR] LogOutputStream:75 - [STDERR_REDIRECT] 
2026-08-10 00:16:19,561 [ERROR] LogOutputStream:75 - [STDERR_REDIRECT] [Fatal Error] :1:1: Premature end of file.
2026-08-10 00:16:19,561 [ERROR] LogOutputStream:75 - [STDERR_REDIRECT] 
2026-08-10 00:16:20,568 [ERROR] LogOutputStream:75 - [STDERR_REDIRECT] [Fatal Error] :1:1: Premature end of file.
2026-08-10 00:16:20,568 [ERROR] LogOutputStream:75 - [STDERR_REDIRECT] 
2026-08-10 00:16:21,553 [ERROR] LogOutputStream:75 - [STDERR_REDIRECT] [Fatal Error] :1:1: Premature end of file.
2026-08-10 00:16:21,553 [ERROR] LogOutputStream:75 - [STDERR_REDIRECT] 
2026-08-10 00:16:22,573 [ERROR] LogOutputStream:75 - [STDERR_REDIRECT] [Fatal Error] :1:1: Premature end of file.
2026-08-10 00:16:22,573 [ERROR] LogOutputStream:75 - [STDERR_REDIRECT] 
2026-08-10 00:16:23,568 [ERROR] LogOutputStream:75 - [STDERR_REDIRECT] [Fatal Error] :1:1: Premature end of file.
2026-08-10 00:16:23,568 [ERROR] LogOutputStream:75 - [STDERR_REDIRECT] 
2026-08-10 00:16:24,557 [ERROR] LogOutputStream:75 - [STDERR_REDIRECT] [Fatal Error] :1:1: Premature end of file.
2026-08-10 00:16:24,557 [ERROR] LogOutputStream:75 - [STDERR_REDIRECT] 
2026-08-10 00:16:25,561 [ERROR] LogOutputStream:75 - [STDERR_REDIRECT] [Fatal Error] :1:1: Premature end of file.
2026-08-10 00:16:25,561 [ERROR] LogOutputStream:75 - [STDERR_REDIRECT] 
2026-08-10 00:16:26,568 [ERROR] LogOutputStream:75 - [STDERR_REDIRECT] [Fatal Error] :1:1: Premature end of file.
2026-08-10 00:16:26,568 [ERROR] LogOutputStream:75 - [STDERR_REDIRECT] 
2026-08-10 00:16:27,553 [ERROR] LogOutputStream:75 - [STDERR_REDIRECT] [Fatal Error] :1:1: Premature end of file.
2026-08-10 00:16:27,553 [ERROR] LogOutputStream:75 - [STDERR_REDIRECT] 
2026-08-10 00:16:28,559 [ERROR] LogOutputStream:75 - [STDERR_REDIRECT] [Fatal Error] :1:1: Premature end of file.
2026-08-10 00:16:28,559 [ERROR] LogOutputStream:75 - [STDERR_REDIRECT] 
2026-08-10 00:16:29,570 [ERROR] LogOutputStream:75 - [STDERR_REDIRECT] [Fatal Error] :1:1: Premature end of file.
2026-08-10 00:16:29,570 [ERROR] LogOutputStream:75 - [STDERR_REDIRECT] 
2026-08-10 00:16:30,551 [ERROR] LogOutputStream:75 - [STDERR_REDIRECT] [Fatal Error] :1:1: Premature end of file.
2026-08-10 00:16:30,551 [ERROR] LogOutputStream:75 - [STDERR_REDIRECT] 
2026-08-10 00:16:31,562 [ERROR] LogOutputStream:75 - [STDERR_REDIRECT] [Fatal Error] :1:1: Premature end of file.
2026-08-10 00:16:31,562 [ERROR] LogOutputStream:75 - [STDERR_REDIRECT] 
2026-08-10 00:16:32,568 [ERROR] LogOutputStream:75 - [STDERR_REDIRECT] [Fatal Error] :1:1: Premature end of file.
2026-08-10 00:16:32,568 [ERROR] LogOutputStream:75 - [STDERR_REDIRECT] 
2026-08-10 00:16:33,553 [ERROR] LogOutputStream:75 - [STDERR_REDIRECT] [Fatal Error] :1:1: Premature end of file.
2026-08-10 00:16:33,553 [ERROR] LogOutputStream:75 - [STDERR_REDIRECT] 
2026-08-10 00:16:34,553 [ERROR] LogOutputStream:75 - [STDERR_REDIRECT] [Fatal Error] :1:1: Premature end of file.
2026-08-10 00:16:34,553 [ERROR] LogOutputStream:75 - [STDERR_REDIRECT] 
2026-08-10 00:16:35,557 [ERROR] LogOutputStream:75 - [STDERR_REDIRECT] [Fatal Error] :1:1: Premature end of file.
2026-08-10 00:16:35,557 [ERROR] LogOutputStream:75 - [STDERR_REDIRECT] 
2026-08-10 00:16:36,559 [ERROR] LogOutputStream:75 - [STDERR_REDIRECT] [Fatal Error] :1:1: Premature end of file.
2026-08-10 00:16:36,559 [ERROR] LogOutputStream:75 - [STDERR_REDIRECT] 
2026-08-10 00:16:37,561 [ERROR] LogOutputStream:75 - [STDERR_REDIRECT] [Fatal Error] :1:1: Premature end of file.
2026-08-10 00:16:37,561 [ERROR] LogOutputStream:75 - [STDERR_REDIRECT] 
2026-08-10 00:16:38,564 [ERROR] LogOutputStream:75 - [STDERR_REDIRECT] [Fatal Error] :1:1: Premature end of file.
2026-08-10 00:16:38,564 [ERROR] LogOutputStream:75 - [STDERR_REDIRECT] 
2026-08-10 00:16:39,550 [ERROR] LogOutputStream:75 - [STDERR_REDIRECT] [Fatal Error] :1:1: Premature end of file.
2026-08-10 00:16:39,550 [ERROR] LogOutputStream:75 - [STDERR_REDIRECT] 
2026-08-10 00:16:40,570 [ERROR] LogOutputStream:75 - [STDERR_REDIRECT] [Fatal Error] :1:1: Premature end of file.
2026-08-10 00:16:40,570 [ERROR] LogOutputStream:75 - [STDERR_REDIRECT] 
2026-08-10 00:16:41,552 [ERROR] LogOutputStream:75 - [STDERR_REDIRECT] [Fatal Error] :1:1: Premature end of file.
2026-08-10 00:16:41,552 [ERROR] LogOutputStream:75 - [STDERR_REDIRECT] 
2026-08-10 00:16:42,561 [ERROR] LogOutputStream:75 - [STDERR_REDIRECT] [Fatal Error] :1:1: Premature end of file.
2026-08-10 00:16:42,561 [ERROR] LogOutputStream:75 - [STDERR_REDIRECT] 
2026-08-10 00:16:43,564 [ERROR] LogOutputStream:75 - [STDERR_REDIRECT] [Fatal Error] :1:1: Premature end of file.
2026-08-10 00:16:43,564 [ERROR] LogOutputStream:75 - [STDERR_REDIRECT] 
2026-08-10 00:16:44,568 [ERROR] LogOutputStream:75 - [STDERR_REDIRECT] [Fatal Error] :1:1: Premature end of file.
2026-08-10 00:16:44,568 [ERROR] LogOutputStream:75 - [STDERR_REDIRECT] 
2026-08-10 00:16:45,555 [ERROR] LogOutputStream:75 - [STDERR_REDIRECT] [Fatal Error] :1:1: Premature end of file.
2026-08-10 00:16:45,555 [ERROR] LogOutputStream:75 - [STDERR_REDIRECT] 
2026-08-10 00:16:46,560 [ERROR] LogOutputStream:75 - [STDERR_REDIRECT] [Fatal Error] :1:1: Premature end of file.
2026-08-10 00:16:46,560 [ERROR] LogOutputStream:75 - [STDERR_REDIRECT] 
2026-08-10 00:16:47,568 [ERROR] LogOutputStream:75 - [STDERR_REDIRECT] [Fatal Error] :1:1: Premature end of file.
2026-08-10 00:16:47,568 [ERROR] LogOutputStream:75 - [STDERR_REDIRECT] 
2026-08-10 00:16:48,555 [ERROR] LogOutputStream:75 - [STDERR_REDIRECT] [Fatal Error] :1:1: Premature end of file.
2026-08-10 00:16:48,555 [ERROR] LogOutputStream:75 - [STDERR_REDIRECT] 
2026-08-10 00:16:49,561 [ERROR] LogOutputStream:75 - [STDERR_REDIRECT] [Fatal Error] :1:1: Premature end of file.
2026-08-10 00:16:49,561 [ERROR] LogOutputStream:75 - [STDERR_REDIRECT] 
2026-08-10 00:16:50,569 [ERROR] LogOutputStream:75 - [STDERR_REDIRECT] [Fatal Error] :1:1: Premature end of file.
2026-08-10 00:16:50,569 [ERROR] LogOutputStream:75 - [STDERR_REDIRECT] 
2026-08-10 00:16:51,550 [ERROR] LogOutputStream:75 - [STDERR_REDIRECT] [Fatal Error] :1:1: Premature end of file.
2026-08-10 00:16:51,550 [ERROR] LogOutputStream:75 - [STDERR_REDIRECT] 
2026-08-10 00:16:52,562 [ERROR] LogOutputStream:75 - [STDERR_REDIRECT] [Fatal Error] :1:1: Premature end of file.
2026-08-10 00:16:52,562 [ERROR] LogOutputStream:75 - [STDERR_REDIRECT] 
2026-08-10 00:16:53,568 [ERROR] LogOutputStream:75 - [STDERR_REDIRECT] [Fatal Error] :1:1: Premature end of file.
2026-08-10 00:16:53,568 [ERROR] LogOutputStream:75 - [STDERR_REDIRECT] 
2026-08-10 00:16:54,553 [ERROR] LogOutputStream:75 - [STDERR_REDIRECT] [Fatal Error] :1:1: Premature end of file.
2026-08-10 00:16:54,553 [ERROR] LogOutputStream:75 - [STDERR_REDIRECT] 
2026-08-10 00:16:55,565 [ERROR] LogOutputStream:75 - [STDERR_REDIRECT] [Fatal Error] :1:1: Premature end of file.
2026-08-10 00:16:55,565 [ERROR] LogOutputStream:75 - [STDERR_REDIRECT] 
2026-08-10 00:16:56,568 [ERROR] LogOutputStream:75 - [STDERR_REDIRECT] [Fatal Error] :1:1: Premature end of file.
2026-08-10 00:16:56,568 [ERROR] LogOutputStream:75 - [STDERR_REDIRECT] 
2026-08-10 00:16:57,566 [ERROR] LogOutputStream:75 - [STDERR_REDIRECT] [Fatal Error] :1:1: Premature end of file.
2026-08-10 00:16:57,566 [ERROR] LogOutputStream:75 - [STDERR_REDIRECT] 
2026-08-10 00:16:58,561 [ERROR] LogOutputStream:75 - [STDERR_REDIRECT] [Fatal Error] :1:1: Premature end of file.
2026-08-10 00:16:58,561 [ERROR] LogOutputStream:75 - [STDERR_REDIRECT] 
2026-08-10 00:16:59,560 [ERROR] LogOutputStream:75 - [STDERR_REDIRECT] [Fatal Error] :1:1: Premature end of file.
2026-08-10 00:16:59,560 [ERROR] LogOutputStream:75 - [STDERR_REDIRECT] 
2026-08-10 00:17:00,558 [ERROR] LogOutputStream:75 - [STDERR_REDIRECT] [Fatal Error] :1:1: Premature end of file.
2026-08-10 00:17:00,558 [ERROR] LogOutputStream:75 - [STDERR_REDIRECT] 
2026-08-10 00:17:01,561 [ERROR] LogOutputStream:75 - [STDERR_REDIRECT] [Fatal Error] :1:1: Premature end of file.
2026-08-10 00:17:01,562 [ERROR] LogOutputStream:75 - [STDERR_REDIRECT] 
2026-08-10 00:17:02,559 [ERROR] LogOutputStream:75 - [STDERR_REDIRECT] [Fatal Error] :1:1: Premature end of file.
2026-08-10 00:17:02,559 [ERROR] LogOutputStream:75 - [STDERR_REDIRECT] 
2026-08-10 00:17:03,561 [ERROR] LogOutputStream:75 - [STDERR_REDIRECT] [Fatal Error] :1:1: Premature end of file.
2026-08-10 00:17:03,561 [ERROR] LogOutputStream:75 - [STDERR_REDIRECT] 
2026-08-10 00:17:04,559 [ERROR] LogOutputStream:75 - [STDERR_REDIRECT] [Fatal Error] :1:1: Premature end of file.
2026-08-10 00:17:04,559 [ERROR] LogOutputStream:75 - [STDERR_REDIRECT] 
2026-08-10 00:17:05,558 [ERROR] LogOutputStream:75 - [STDERR_REDIRECT] [Fatal Error] :1:1: Premature end of file.
2026-08-10 00:17:05,558 [ERROR] LogOutputStream:75 - [STDERR_REDIRECT] 
2026-08-10 00:17:06,566 [ERROR] LogOutputStream:75 - [STDERR_REDIRECT] [Fatal Error] :1:1: Premature end of file.
2026-08-10 00:17:06,566 [ERROR] LogOutputStream:75 - [STDERR_REDIRECT] 
2026-08-10 00:17:07,562 [ERROR] LogOutputStream:75 - [STDERR_REDIRECT] [Fatal Error] :1:1: Premature end of file.
2026-08-10 00:17:07,562 [ERROR] LogOutputStream:75 - [STDERR_REDIRECT] 
2026-08-10 00:17:08,564 [ERROR] LogOutputStream:75 - [STDERR_REDIRECT] [Fatal Error] :1:1: Premature end of file.
2026-08-10 00:17:08,565 [ERROR] LogOutputStream:75 - [STDERR_REDIRECT] 
2026-08-10 00:17:09,560 [ERROR] LogOutputStream:75 - [STDERR_REDIRECT] [Fatal Error] :1:1: Premature end of file.
2026-08-10 00:17:09,560 [ERROR] LogOutputStream:75 - [STDERR_REDIRECT] 
2026-08-10 00:17:10,560 [ERROR] LogOutputStream:75 - [STDERR_REDIRECT] [Fatal Error] :1:1: Premature end of file.
2026-08-10 00:17:10,560 [ERROR] LogOutputStream:75 - [STDERR_REDIRECT] 
2026-08-10 00:17:11,557 [ERROR] LogOutputStream:75 - [STDERR_REDIRECT] [Fatal Error] :1:1: Premature end of file.
2026-08-10 00:17:11,557 [ERROR] LogOutputStream:75 - [STDERR_REDIRECT] 
2026-08-10 00:17:12,562 [ERROR] LogOutputStream:75 - [STDERR_REDIRECT] [Fatal Error] :1:1: Premature end of file.
2026-08-10 00:17:12,562 [ERROR] LogOutputStream:75 - [STDERR_REDIRECT] 
2026-08-10 00:17:13,559 [ERROR] LogOutputStream:75 - [STDERR_REDIRECT] [Fatal Error] :1:1: Premature end of file.
2026-08-10 00:17:13,559 [ERROR] LogOutputStream:75 - [STDERR_REDIRECT] 
2026-08-10 00:17:14,562 [ERROR] LogOutputStream:75 - [STDERR_REDIRECT] [Fatal Error] :1:1: Premature end of file.
2026-08-10 00:17:14,562 [ERROR] LogOutputStream:75 - [STDERR_REDIRECT] 
2026-08-10 00:17:15,567 [ERROR] LogOutputStream:75 - [STDERR_REDIRECT] [Fatal Error] :1:1: Premature end of file.
2026-08-10 00:17:15,567 [ERROR] LogOutputStream:75 - [STDERR_REDIRECT] 
2026-08-10 00:17:16,568 [ERROR] LogOutputStream:75 - [STDERR_REDIRECT] [Fatal Error] :1:1: Premature end of file.
2026-08-10 00:17:16,568 [ERROR] LogOutputStream:75 - [STDERR_REDIRECT] 
2026-08-10 00:17:17,561 [ERROR] LogOutputStream:75 - [STDERR_REDIRECT] [Fatal Error] :1:1: Premature end of file.
2026-08-10 00:17:17,561 [ERROR] LogOutputStream:75 - [STDERR_REDIRECT] 
2026-08-10 00:17:18,561 [ERROR] LogOutputStream:75 - [STDERR_REDIRECT] [Fatal Error] :1:1: Premature end of file.
2026-08-10 00:17:18,561 [ERROR] LogOutputStream:75 - [STDERR_REDIRECT] 
2026-08-10 00:17:19,562 [ERROR] LogOutputStream:75 - [STDERR_REDIRECT] [Fatal Error] :1:1: Premature end of file.
2026-08-10 00:17:19,562 [ERROR] LogOutputStream:75 - [STDERR_REDIRECT] 
2026-08-10 00:17:20,561 [ERROR] LogOutputStream:75 - [STDERR_REDIRECT] [Fatal Error] :1:1: Premature end of file.
2026-08-10 00:17:20,561 [ERROR] LogOutputStream:75 - [STDERR_REDIRECT] 
2026-08-10 00:17:21,561 [ERROR] LogOutputStream:75 - [STDERR_REDIRECT] [Fatal Error] :1:1: Premature end of file.
2026-08-10 00:17:21,561 [ERROR] LogOutputStream:75 - [STDERR_REDIRECT] 
2026-08-10 00:17:22,560 [ERROR] LogOutputStream:75 - [STDERR_REDIRECT] [Fatal Error] :1:1: Premature end of file.
2026-08-10 00:17:22,561 [ERROR] LogOutputStream:75 - [STDERR_REDIRECT] 
2026-08-10 00:17:23,560 [ERROR] LogOutputStream:75 - [STDERR_REDIRECT] [Fatal Error] :1:1: Premature end of file.
2026-08-10 00:17:23,560 [ERROR] LogOutputStream:75 - [STDERR_REDIRECT] 
2026-08-10 00:17:24,561 [ERROR] LogOutputStream:75 - [STDERR_REDIRECT] [Fatal Error] :1:1: Premature end of file.
2026-08-10 00:17:24,561 [ERROR] LogOutputStream:75 - [STDERR_REDIRECT] 
2026-08-10 00:17:25,561 [ERROR] LogOutputStream:75 - [STDERR_REDIRECT] [Fatal Error] :1:1: Premature end of file.
2026-08-10 00:17:25,561 [ERROR] LogOutputStream:75 - [STDERR_REDIRECT] 
2026-08-10 00:17:26,562 [ERROR] LogOutputStream:75 - [STDERR_REDIRECT] [Fatal Error] :1:1: Premature end of file.
2026-08-10 00:17:26,562 [ERROR] LogOutputStream:75 - [STDERR_REDIRECT] 
2026-08-10 00:17:27,560 [ERROR] LogOutputStream:75 - [STDERR_REDIRECT] [Fatal Error] :1:1: Premature end of file.
2026-08-10 00:17:27,560 [ERROR] LogOutputStream:75 - [STDERR_REDIRECT] 
2026-08-10 00:17:28,561 [ERROR] LogOutputStream:75 - [STDERR_REDIRECT] [Fatal Error] :1:1: Premature end of file.
2026-08-10 00:17:28,561 [ERROR] LogOutputStream:75 - [STDERR_REDIRECT] 
2026-08-10 00:17:29,562 [ERROR] LogOutputStream:75 - [STDERR_REDIRECT] [Fatal Error] :1:1: Premature end of file.
2026-08-10 00:17:29,562 [ERROR] LogOutputStream:75 - [STDERR_REDIRECT] 
2026-08-10 00:17:30,560 [ERROR] LogOutputStream:75 - [STDERR_REDIRECT] [Fatal Error] :1:1: Premature end of file.
2026-08-10 00:17:30,560 [ERROR] LogOutputStream:75 - [STDERR_REDIRECT] 
2026-08-10 00:17:31,561 [ERROR] LogOutputStream:75 - [STDERR_REDIRECT] [Fatal Error] :1:1: Premature end of file.
2026-08-10 00:17:31,561 [ERROR] LogOutputStream:75 - [STDERR_REDIRECT] 
2026-08-10 00:17:32,561 [ERROR] LogOutputStream:75 - [STDERR_REDIRECT] [Fatal Error] :1:1: Premature end of file.
2026-08-10 00:17:32,561 [ERROR] LogOutputStream:75 - [STDERR_REDIRECT] 
2026-08-10 00:17:33,564 [ERROR] LogOutputStream:75 - [STDERR_REDIRECT] [Fatal Error] :1:1: Premature end of file.
2026-08-10 00:17:33,564 [ERROR] LogOutputStream:75 - [STDERR_REDIRECT] 
2026-08-10 00:17:34,559 [ERROR] LogOutputStream:75 - [STDERR_REDIRECT] [Fatal Error] :1:1: Premature end of file.
2026-08-10 00:17:34,559 [ERROR] LogOutputStream:75 - [STDERR_REDIRECT] 
2026-08-10 00:17:35,557 [ERROR] LogOutputStream:75 - [STDERR_REDIRECT] [Fatal Error] :1:1: Premature end of file.
2026-08-10 00:17:35,557 [ERROR] LogOutputStream:75 - [STDERR_REDIRECT] 
2026-08-10 00:17:36,559 [ERROR] LogOutputStream:75 - [STDERR_REDIRECT] [Fatal Error] :1:1: Premature end of file.
2026-08-10 00:17:36,559 [ERROR] LogOutputStream:75 - [STDERR_REDIRECT] 
2026-08-10 00:17:37,558 [ERROR] LogOutputStream:75 - [STDERR_REDIRECT] [Fatal Error] :1:1: Premature end of file.
2026-08-10 00:17:37,558 [ERROR] LogOutputStream:75 - [STDERR_REDIRECT] 
2026-08-10 00:17:38,560 [ERROR] LogOutputStream:75 - [STDERR_REDIRECT] [Fatal Error] :1:1: Premature end of file.
2026-08-10 00:17:38,560 [ERROR] LogOutputStream:75 - [STDERR_REDIRECT] 
2026-08-10 00:17:39,563 [ERROR] LogOutputStream:75 - [STDERR_REDIRECT] [Fatal Error] :1:1: Premature end of file.
2026-08-10 00:17:39,563 [ERROR] LogOutputStream:75 - [STDERR_REDIRECT] 
2026-08-10 00:17:40,559 [ERROR] LogOutputStream:75 - [STDERR_REDIRECT] [Fatal Error] :1:1: Premature end of file.
2026-08-10 00:17:40,560 [ERROR] LogOutputStream:75 - [STDERR_REDIRECT] 
2026-08-10 00:17:41,558 [ERROR] LogOutputStream:75 - [STDERR_REDIRECT] [Fatal Error] :1:1: Premature end of file.
2026-08-10 00:17:41,558 [ERROR] LogOutputStream:75 - [STDERR_REDIRECT] 
2026-08-10 00:17:42,559 [ERROR] LogOutputStream:75 - [STDERR_REDIRECT] [Fatal Error] :1:1: Premature end of file.
2026-08-10 00:17:42,559 [ERROR] LogOutputStream:75 - [STDERR_REDIRECT] 
2026-08-10 00:17:43,562 [ERROR] LogOutputStream:75 - [STDERR_REDIRECT] [Fatal Error] :1:1: Premature end of file.
2026-08-10 00:17:43,563 [ERROR] LogOutputStream:75 - [STDERR_REDIRECT] 
2026-08-10 00:17:44,559 [ERROR] LogOutputStream:75 - [STDERR_REDIRECT] [Fatal Error] :1:1: Premature end of file.
2026-08-10 00:17:44,559 [ERROR] LogOutputStream:75 - [STDERR_REDIRECT] 
2026-08-10 00:17:45,559 [ERROR] LogOutputStream:75 - [STDERR_REDIRECT] [Fatal Error] :1:1: Premature end of file.
2026-08-10 00:17:45,559 [ERROR] LogOutputStream:75 - [STDERR_REDIRECT] 
2026-08-10 00:17:46,549 [ERROR] LogOutputStream:75 - [STDERR_REDIRECT] [Fatal Error] :1:1: Premature end of file.
2026-08-10 00:17:46,549 [ERROR] LogOutputStream:75 - [STDERR_REDIRECT] 
2026-08-10 00:17:47,568 [ERROR] LogOutputStream:75 - [STDERR_REDIRECT] [Fatal Error] :1:1: Premature end of file.
2026-08-10 00:17:47,568 [ERROR] LogOutputStream:75 - [STDERR_REDIRECT] 
2026-08-10 00:17:48,552 [ERROR] LogOutputStream:75 - [STDERR_REDIRECT] [Fatal Error] :1:1: Premature end of file.
2026-08-10 00:17:48,552 [ERROR] LogOutputStream:75 - [STDERR_REDIRECT] 
2026-08-10 00:17:49,563 [ERROR] LogOutputStream:75 - [STDERR_REDIRECT] [Fatal Error] :1:1: Premature end of file.
2026-08-10 00:17:49,563 [ERROR] LogOutputStream:75 - [STDERR_REDIRECT] 
2026-08-10 00:17:50,568 [ERROR] LogOutputStream:75 - [STDERR_REDIRECT] [Fatal Error] :1:1: Premature end of file.
2026-08-10 00:17:50,568 [ERROR] LogOutputStream:75 - [STDERR_REDIRECT] 
2026-08-10 00:17:51,552 [ERROR] LogOutputStream:75 - [STDERR_REDIRECT] [Fatal Error] :1:1: Premature end of file.
2026-08-10 00:17:51,552 [ERROR] LogOutputStream:75 - [STDERR_REDIRECT] 
2026-08-10 00:17:52,559 [ERROR] LogOutputStream:75 - [STDERR_REDIRECT] [Fatal Error] :1:1: Premature end of file.
2026-08-10 00:17:52,559 [ERROR] LogOutputStream:75 - [STDERR_REDIRECT] 
2026-08-10 00:17:53,570 [ERROR] LogOutputStream:75 - [STDERR_REDIRECT] [Fatal Error] :1:1: Premature end of file.
2026-08-10 00:17:53,570 [ERROR] LogOutputStream:75 - [STDERR_REDIRECT] 
2026-08-10 00:17:54,551 [ERROR] LogOutputStream:75 - [STDERR_REDIRECT] [Fatal Error] :1:1: Premature end of file.
2026-08-10 00:17:54,551 [ERROR] LogOutputStream:75 - [STDERR_REDIRECT] 
2026-08-10 00:17:55,561 [ERROR] LogOutputStream:75 - [STDERR_REDIRECT] [Fatal Error] :1:1: Premature end of file.
2026-08-10 00:17:55,561 [ERROR] LogOutputStream:75 - [STDERR_REDIRECT] 
2026-08-10 00:17:56,568 [ERROR] LogOutputStream:75 - [STDERR_REDIRECT] [Fatal Error] :1:1: Premature end of file.
2026-08-10 00:17:56,568 [ERROR] LogOutputStream:75 - [STDERR_REDIRECT] 
2026-08-10 00:17:57,558 [ERROR] LogOutputStream:75 - [STDERR_REDIRECT] [Fatal Error] :1:1: Premature end of file.
2026-08-10 00:17:57,558 [ERROR] LogOutputStream:75 - [STDERR_REDIRECT] 
2026-08-10 00:17:58,563 [ERROR] LogOutputStream:75 - [STDERR_REDIRECT] [Fatal Error] :1:1: Premature end of file.
2026-08-10 00:17:58,563 [ERROR] LogOutputStream:75 - [STDERR_REDIRECT] 
2026-08-10 00:17:59,569 [ERROR] LogOutputStream:75 - [STDERR_REDIRECT] [Fatal Error] :1:1: Premature end of file.
2026-08-10 00:17:59,569 [ERROR] LogOutputStream:75 - [STDERR_REDIRECT] 
2026-08-10 00:18:00,559 [ERROR] LogOutputStream:75 - [STDERR_REDIRECT] [Fatal Error] :1:1: Premature end of file.
2026-08-10 00:18:00,559 [ERROR] LogOutputStream:75 - [STDERR_REDIRECT] 
2026-08-10 00:18:01,563 [ERROR] LogOutputStream:75 - [STDERR_REDIRECT] [Fatal Error] :1:1: Premature end of file.
2026-08-10 00:18:01,563 [ERROR] LogOutputStream:75 - [STDERR_REDIRECT] 
2026-08-10 00:18:02,568 [ERROR] LogOutputStream:75 - [STDERR_REDIRECT] [Fatal Error] :1:1: Premature end of file.
2026-08-10 00:18:02,568 [ERROR] LogOutputStream:75 - [STDERR_REDIRECT] 
2026-08-10 00:18:03,554 [ERROR] LogOutputStream:75 - [STDERR_REDIRECT] [Fatal Error] :1:1: Premature end of file.
2026-08-10 00:18:03,554 [ERROR] LogOutputStream:75 - [STDERR_REDIRECT] 
2026-08-10 00:18:04,572 [ERROR] LogOutputStream:75 - [STDERR_REDIRECT] [Fatal Error] :1:1: Premature end of file.
2026-08-10 00:18:04,572 [ERROR] LogOutputStream:75 - [STDERR_REDIRECT] 
2026-08-10 00:18:05,553 [ERROR] LogOutputStream:75 - [STDERR_REDIRECT] [Fatal Error] :1:1: Premature end of file.
2026-08-10 00:18:05,553 [ERROR] LogOutputStream:75 - [STDERR_REDIRECT] 
2026-08-10 00:18:06,579 [ERROR] LogOutputStream:75 - [STDERR_REDIRECT] [Fatal Error] :1:1: Premature end of file.
2026-08-10 00:18:06,579 [ERROR] LogOutputStream:75 - [STDERR_REDIRECT] 
2026-08-10 00:18:07,549 [ERROR] LogOutputStream:75 - [STDERR_REDIRECT] [Fatal Error] :1:1: Premature end of file.
2026-08-10 00:18:07,549 [ERROR] LogOutputStream:75 - [STDERR_REDIRECT] 
2026-08-10 00:18:08,550 [ERROR] LogOutputStream:75 - [STDERR_REDIRECT] [Fatal Error] :1:1: Premature end of file.
2026-08-10 00:18:08,550 [ERROR] LogOutputStream:75 - [STDERR_REDIRECT] 
2026-08-10 00:18:09,558 [ERROR] LogOutputStream:75 - [STDERR_REDIRECT] [Fatal Error] :1:1: Premature end of file.
2026-08-10 00:18:09,558 [ERROR] LogOutputStream:75 - [STDERR_REDIRECT] 
2026-08-10 00:18:10,562 [ERROR] LogOutputStream:75 - [STDERR_REDIRECT] [Fatal Error] :1:1: Premature end of file.
2026-08-10 00:18:10,562 [ERROR] LogOutputStream:75 - [STDERR_REDIRECT] 
2026-08-10 00:18:11,568 [ERROR] LogOutputStream:75 - [STDERR_REDIRECT] [Fatal Error] :1:1: Premature end of file.
2026-08-10 00:18:11,568 [ERROR] LogOutputStream:75 - [STDERR_REDIRECT] 
2026-08-10 00:18:12,554 [ERROR] LogOutputStream:75 - [STDERR_REDIRECT] [Fatal Error] :1:1: Premature end of file.
2026-08-10 00:18:12,554 [ERROR] LogOutputStream:75 - [STDERR_REDIRECT] 
2026-08-10 00:18:13,562 [ERROR] LogOutputStream:75 - [STDERR_REDIRECT] [Fatal Error] :1:1: Premature end of file.
2026-08-10 00:18:13,562 [ERROR] LogOutputStream:75 - [STDERR_REDIRECT] 
2026-08-10 00:18:14,568 [ERROR] LogOutputStream:75 - [STDERR_REDIRECT] [Fatal Error] :1:1: Premature end of file.
2026-08-10 00:18:14,568 [ERROR] LogOutputStream:75 - [STDERR_REDIRECT] 
2026-08-10 00:18:15,558 [ERROR] LogOutputStream:75 - [STDERR_REDIRECT] [Fatal Error] :1:1: Premature end of file.
2026-08-10 00:18:15,558 [ERROR] LogOutputStream:75 - [STDERR_REDIRECT] 
2026-08-10 00:18:16,560 [ERROR] LogOutputStream:75 - [STDERR_REDIRECT] [Fatal Error] :1:1: Premature end of file.
2026-08-10 00:18:16,560 [ERROR] LogOutputStream:75 - [STDERR_REDIRECT] 
2026-08-10 00:18:17,568 [ERROR] LogOutputStream:75 - [STDERR_REDIRECT] [Fatal Error] :1:1: Premature end of file.
2026-08-10 00:18:17,568 [ERROR] LogOutputStream:75 - [STDERR_REDIRECT] 
2026-08-10 00:18:18,554 [ERROR] LogOutputStream:75 - [STDERR_REDIRECT] [Fatal Error] :1:1: Premature end of file.
2026-08-10 00:18:18,554 [ERROR] LogOutputStream:75 - [STDERR_REDIRECT] 
2026-08-10 00:18:19,562 [ERROR] LogOutputStream:75 - [STDERR_REDIRECT] [Fatal Error] :1:1: Premature end of file.
2026-08-10 00:18:19,562 [ERROR] LogOutputStream:75 - [STDERR_REDIRECT] 
2026-08-10 00:18:20,568 [ERROR] LogOutputStream:75 - [STDERR_REDIRECT] [Fatal Error] :1:1: Premature end of file.
2026-08-10 00:18:20,568 [ERROR] LogOutputStream:75 - [STDERR_REDIRECT] 
2026-08-10 00:18:21,556 [ERROR] LogOutputStream:75 - [STDERR_REDIRECT] [Fatal Error] :1:1: Premature end of file.
2026-08-10 00:18:21,556 [ERROR] LogOutputStream:75 - [STDERR_REDIRECT] 
2026-08-10 00:18:22,561 [ERROR] LogOutputStream:75 - [STDERR_REDIRECT] [Fatal Error] :1:1: Premature end of file.
2026-08-10 00:18:22,561 [ERROR] LogOutputStream:75 - [STDERR_REDIRECT] 
2026-08-10 00:18:23,568 [ERROR] LogOutputStream:75 - [STDERR_REDIRECT] [Fatal Error] :1:1: Premature end of file.
2026-08-10 00:18:23,568 [ERROR] LogOutputStream:75 - [STDERR_REDIRECT] 
2026-08-10 00:18:24,572 [ERROR] LogOutputStream:75 - [STDERR_REDIRECT] [Fatal Error] :1:1: Premature end of file.
2026-08-10 00:18:24,572 [ERROR] LogOutputStream:75 - [STDERR_REDIRECT] 
2026-08-10 00:18:25,551 [ERROR] LogOutputStream:75 - [STDERR_REDIRECT] [Fatal Error] :1:1: Premature end of file.
2026-08-10 00:18:25,551 [ERROR] LogOutputStream:75 - [STDERR_REDIRECT] 
2026-08-10 00:18:26,568 [ERROR] LogOutputStream:75 - [STDERR_REDIRECT] [Fatal Error] :1:1: Premature end of file.
2026-08-10 00:18:26,568 [ERROR] LogOutputStream:75 - [STDERR_REDIRECT] 
2026-08-10 00:18:27,552 [ERROR] LogOutputStream:75 - [STDERR_REDIRECT] [Fatal Error] :1:1: Premature end of file.
2026-08-10 00:18:27,552 [ERROR] LogOutputStream:75 - [STDERR_REDIRECT] 
2026-08-10 00:18:28,561 [ERROR] LogOutputStream:75 - [STDERR_REDIRECT] [Fatal Error] :1:1: Premature end of file.
2026-08-10 00:18:28,561 [ERROR] LogOutputStream:75 - [STDERR_REDIRECT] 
2026-08-10 00:18:29,569 [ERROR] LogOutputStream:75 - [STDERR_REDIRECT] [Fatal Error] :1:1: Premature end of file.
2026-08-10 00:18:29,569 [ERROR] LogOutputStream:75 - [STDERR_REDIRECT] 
2026-08-10 00:18:30,552 [ERROR] LogOutputStream:75 - [STDERR_REDIRECT] [Fatal Error] :1:1: Premature end of file.
2026-08-10 00:18:30,552 [ERROR] LogOutputStream:75 - [STDERR_REDIRECT] 
2026-08-10 00:18:31,562 [ERROR] LogOutputStream:75 - [STDERR_REDIRECT] [Fatal Error] :1:1: Premature end of file.
2026-08-10 00:18:31,562 [ERROR] LogOutputStream:75 - [STDERR_REDIRECT] 
2026-08-10 00:18:32,558 [ERROR] LogOutputStream:75 - [STDERR_REDIRECT] [Fatal Error] :1:1: Premature end of file.
2026-08-10 00:18:32,558 [ERROR] LogOutputStream:75 - [STDERR_REDIRECT] 
2026-08-10 00:18:33,559 [ERROR] LogOutputStream:75 - [STDERR_REDIRECT] [Fatal Error] :1:1: Premature end of file.
2026-08-10 00:18:33,559 [ERROR] LogOutputStream:75 - [STDERR_REDIRECT] 
2026-08-10 00:18:34,559 [ERROR] LogOutputStream:75 - [STDERR_REDIRECT] [Fatal Error] :1:1: Premature end of file.
2026-08-10 00:18:34,559 [ERROR] LogOutputStream:75 - [STDERR_REDIRECT] 
2026-08-10 00:18:35,551 [ERROR] LogOutputStream:75 - [STDERR_REDIRECT] [Fatal Error] :1:1: Premature end of file.
2026-08-10 00:18:35,551 [ERROR] LogOutputStream:75 - [STDERR_REDIRECT] 
2026-08-10 00:18:36,561 [ERROR] LogOutputStream:75 - [STDERR_REDIRECT] [Fatal Error] :1:1: Premature end of file.
2026-08-10 00:18:36,561 [ERROR] LogOutputStream:75 - [STDERR_REDIRECT] 
2026-08-10 00:18:37,570 [ERROR] LogOutputStream:75 - [STDERR_REDIRECT] [Fatal Error] :1:1: Premature end of file.
2026-08-10 00:18:37,570 [ERROR] LogOutputStream:75 - [STDERR_REDIRECT] 
2026-08-10 00:18:38,560 [ERROR] LogOutputStream:75 - [STDERR_REDIRECT] [Fatal Error] :1:1: Premature end of file.
2026-08-10 00:18:38,560 [ERROR] LogOutputStream:75 - [STDERR_REDIRECT] 
2026-08-10 00:18:39,550 [ERROR] LogOutputStream:75 - [STDERR_REDIRECT] [Fatal Error] :1:1: Premature end of file.
2026-08-10 00:18:39,550 [ERROR] LogOutputStream:75 - [STDERR_REDIRECT] 
2026-08-10 00:18:40,560 [ERROR] LogOutputStream:75 - [STDERR_REDIRECT] [Fatal Error] :1:1: Premature end of file.
2026-08-10 00:18:40,560 [ERROR] LogOutputStream:75 - [STDERR_REDIRECT] 
2026-08-10 00:18:41,568 [ERROR] LogOutputStream:75 - [STDERR_REDIRECT] [Fatal Error] :1:1: Premature end of file.
2026-08-10 00:18:41,568 [ERROR] LogOutputStream:75 - [STDERR_REDIRECT] 
2026-08-10 00:18:42,552 [ERROR] LogOutputStream:75 - [STDERR_REDIRECT] [Fatal Error] :1:1: Premature end of file.
2026-08-10 00:18:42,552 [ERROR] LogOutputStream:75 - [STDERR_REDIRECT] 
2026-08-10 00:18:43,560 [ERROR] LogOutputStream:75 - [STDERR_REDIRECT] [Fatal Error] :1:1: Premature end of file.
2026-08-10 00:18:43,560 [ERROR] LogOutputStream:75 - [STDERR_REDIRECT] 
2026-08-10 00:18:44,568 [ERROR] LogOutputStream:75 - [STDERR_REDIRECT] [Fatal Error] :1:1: Premature end of file.
2026-08-10 00:18:44,568 [ERROR] LogOutputStream:75 - [STDERR_REDIRECT] 
2026-08-10 00:18:45,557 [ERROR] LogOutputStream:75 - [STDERR_REDIRECT] [Fatal Error] :1:1: Premature end of file.
2026-08-10 00:18:45,557 [ERROR] LogOutputStream:75 - [STDERR_REDIRECT] 
2026-08-10 00:18:46,560 [ERROR] LogOutputStream:75 - [STDERR_REDIRECT] [Fatal Error] :1:1: Premature end of file.
2026-08-10 00:18:46,560 [ERROR] LogOutputStream:75 - [STDERR_REDIRECT] 
2026-08-10 00:18:47,568 [ERROR] LogOutputStream:75 - [STDERR_REDIRECT] [Fatal Error] :1:1: Premature end of file.
2026-08-10 00:18:47,568 [ERROR] LogOutputStream:75 - [STDERR_REDIRECT] 
2026-08-10 00:18:48,553 [ERROR] LogOutputStream:75 - [STDERR_REDIRECT] [Fatal Error] :1:1: Premature end of file.
2026-08-10 00:18:48,553 [ERROR] LogOutputStream:75 - [STDERR_REDIRECT] 
2026-08-10 00:18:49,559 [ERROR] LogOutputStream:75 - [STDERR_REDIRECT] [Fatal Error] :1:1: Premature end of file.
2026-08-10 00:18:49,559 [ERROR] LogOutputStream:75 - [STDERR_REDIRECT] 
2026-08-10 00:18:50,568 [ERROR] LogOutputStream:75 - [STDERR_REDIRECT] [Fatal Error] :1:1: Premature end of file.
2026-08-10 00:18:50,568 [ERROR] LogOutputStream:75 - [STDERR_REDIRECT] 
2026-08-10 00:18:51,552 [ERROR] LogOutputStream:75 - [STDERR_REDIRECT] [Fatal Error] :1:1: Premature end of file.
2026-08-10 00:18:51,552 [ERROR] LogOutputStream:75 - [STDERR_REDIRECT] 
2026-08-10 00:18:52,560 [ERROR] LogOutputStream:75 - [STDERR_REDIRECT] [Fatal Error] :1:1: Premature end of file.
2026-08-10 00:18:52,560 [ERROR] LogOutputStream:75 - [STDERR_REDIRECT] 
2026-08-10 00:18:53,568 [ERROR] LogOutputStream:75 - [STDERR_REDIRECT] [Fatal Error] :1:1: Premature end of file.
2026-08-10 00:18:53,568 [ERROR] LogOutputStream:75 - [STDERR_REDIRECT] 
2026-08-10 00:18:54,551 [ERROR] LogOutputStream:75 - [STDERR_REDIRECT] [Fatal Error] :1:1: Premature end of file.
2026-08-10 00:18:54,551 [ERROR] LogOutputStream:75 - [STDERR_REDIRECT] 
2026-08-10 00:18:55,561 [ERROR] LogOutputStream:75 - [STDERR_REDIRECT] [Fatal Error] :1:1: Premature end of file.
2026-08-10 00:18:55,561 [ERROR] LogOutputStream:75 - [STDERR_REDIRECT] 
2026-08-10 00:18:56,568 [ERROR] LogOutputStream:75 - [STDERR_REDIRECT] [Fatal Error] :1:1: Premature end of file.
2026-08-10 00:18:56,568 [ERROR] LogOutputStream:75 - [STDERR_REDIRECT] 
2026-08-10 00:18:57,554 [ERROR] LogOutputStream:75 - [STDERR_REDIRECT] [Fatal Error] :1:1: Premature end of file.
2026-08-10 00:18:57,554 [ERROR] LogOutputStream:75 - [STDERR_REDIRECT] 
2026-08-10 00:18:58,560 [ERROR] LogOutputStream:75 - [STDERR_REDIRECT] [Fatal Error] :1:1: Premature end of file.
2026-08-10 00:18:58,560 [ERROR] LogOutputStream:75 - [STDERR_REDIRECT] 
2026-08-10 00:18:59,559 [ERROR] LogOutputStream:75 - [STDERR_REDIRECT] [Fatal Error] :1:1: Premature end of file.
2026-08-10 00:18:59,559 [ERROR] LogOutputStream:75 - [STDERR_REDIRECT] 
2026-08-10 00:19:00,558 [ERROR] LogOutputStream:75 - [STDERR_REDIRECT] [Fatal Error] :1:1: Premature end of file.
2026-08-10 00:19:00,558 [ERROR] LogOutputStream:75 - [STDERR_REDIRECT] 
2026-08-10 00:19:01,560 [ERROR] LogOutputStream:75 - [STDERR_REDIRECT] [Fatal Error] :1:1: Premature end of file.
2026-08-10 00:19:01,560 [ERROR] LogOutputStream:75 - [STDERR_REDIRECT] 
2026-08-10 00:19:02,570 [ERROR] LogOutputStream:75 - [STDERR_REDIRECT] [Fatal Error] :1:1: Premature end of file.
2026-08-10 00:19:02,570 [ERROR] LogOutputStream:75 - [STDERR_REDIRECT] 
2026-08-10 00:19:03,551 [ERROR] LogOutputStream:75 - [STDERR_REDIRECT] [Fatal Error] :1:1: Premature end of file.
2026-08-10 00:19:03,551 [ERROR] LogOutputStream:75 - [STDERR_REDIRECT] 
2026-08-10 00:19:04,563 [ERROR] LogOutputStream:75 - [STDERR_REDIRECT] [Fatal Error] :1:1: Premature end of file.
2026-08-10 00:19:04,563 [ERROR] LogOutputStream:75 - [STDERR_REDIRECT] 
2026-08-10 00:19:05,557 [ERROR] LogOutputStream:75 - [STDERR_REDIRECT] [Fatal Error] :1:1: Premature end of file.
2026-08-10 00:19:05,557 [ERROR] LogOutputStream:75 - [STDERR_REDIRECT] 
2026-08-10 00:19:06,560 [ERROR] LogOutputStream:75 - [STDERR_REDIRECT] [Fatal Error] :1:1: Premature end of file.
2026-08-10 00:19:06,560 [ERROR] LogOutputStream:75 - [STDERR_REDIRECT] 
2026-08-10 00:19:07,560 [ERROR] LogOutputStream:75 - [STDERR_REDIRECT] [Fatal Error] :1:1: Premature end of file.
2026-08-10 00:19:07,560 [ERROR] LogOutputStream:75 - [STDERR_REDIRECT] 
2026-08-10 00:19:08,568 [ERROR] LogOutputStream:75 - [STDERR_REDIRECT] [Fatal Error] :1:1: Premature end of file.
2026-08-10 00:19:08,568 [ERROR] LogOutputStream:75 - [STDERR_REDIRECT] 
2026-08-10 00:19:09,553 [ERROR] LogOutputStream:75 - [STDERR_REDIRECT] [Fatal Error] :1:1: Premature end of file.
2026-08-10 00:19:09,553 [ERROR] LogOutputStream:75 - [STDERR_REDIRECT] 
2026-08-10 00:19:10,550 [ERROR] LogOutputStream:75 - [STDERR_REDIRECT] [Fatal Error] :1:1: Premature end of file.
2026-08-10 00:19:10,550 [ERROR] LogOutputStream:75 - [STDERR_REDIRECT] 
2026-08-10 00:19:11,568 [ERROR] LogOutputStream:75 - [STDERR_REDIRECT] [Fatal Error] :1:1: Premature end of file.
2026-08-10 00:19:11,568 [ERROR] LogOutputStream:75 - [STDERR_REDIRECT] 
2026-08-10 00:19:12,555 [ERROR] LogOutputStream:75 - [STDERR_REDIRECT] [Fatal Error] :1:1: Premature end of file.
2026-08-10 00:19:12,555 [ERROR] LogOutputStream:75 - [STDERR_REDIRECT] 
2026-08-10 00:19:13,562 [ERROR] LogOutputStream:75 - [STDERR_REDIRECT] [Fatal Error] :1:1: Premature end of file.
2026-08-10 00:19:13,562 [ERROR] LogOutputStream:75 - [STDERR_REDIRECT] 
2026-08-10 00:19:14,568 [ERROR] LogOutputStream:75 - [STDERR_REDIRECT] [Fatal Error] :1:1: Premature end of file.
2026-08-10 00:19:14,568 [ERROR] LogOutputStream:75 - [STDERR_REDIRECT] 
2026-08-10 00:19:15,554 [ERROR] LogOutputStream:75 - [STDERR_REDIRECT] [Fatal Error] :1:1: Premature end of file.
2026-08-10 00:19:15,554 [ERROR] LogOutputStream:75 - [STDERR_REDIRECT] 
2026-08-10 00:19:16,563 [ERROR] LogOutputStream:75 - [STDERR_REDIRECT] [Fatal Error] :1:1: Premature end of file.
2026-08-10 00:19:16,563 [ERROR] LogOutputStream:75 - [STDERR_REDIRECT] 
2026-08-10 00:19:17,551 [ERROR] LogOutputStream:75 - [STDERR_REDIRECT] [Fatal Error] :1:1: Premature end of file.
2026-08-10 00:19:17,551 [ERROR] LogOutputStream:75 - [STDERR_REDIRECT] 
2026-08-10 00:19:18,562 [ERROR] LogOutputStream:75 - [STDERR_REDIRECT] [Fatal Error] :1:1: Premature end of file.
2026-08-10 00:19:18,562 [ERROR] LogOutputStream:75 - [STDERR_REDIRECT] 
2026-08-10 00:19:19,560 [ERROR] LogOutputStream:75 - [STDERR_REDIRECT] [Fatal Error] :1:1: Premature end of file.
2026-08-10 00:19:19,560 [ERROR] LogOutputStream:75 - [STDERR_REDIRECT] 
2026-08-10 00:19:20,568 [ERROR] LogOutputStream:75 - [STDERR_REDIRECT] [Fatal Error] :1:1: Premature end of file.
2026-08-10 00:19:20,568 [ERROR] LogOutputStream:75 - [STDERR_REDIRECT] 
2026-08-10 00:19:21,555 [ERROR] LogOutputStream:75 - [STDERR_REDIRECT] [Fatal Error] :1:1: Premature end of file.
2026-08-10 00:19:21,555 [ERROR] LogOutputStream:75 - [STDERR_REDIRECT] 
2026-08-10 00:19:22,561 [ERROR] LogOutputStream:75 - [STDERR_REDIRECT] [Fatal Error] :1:1: Premature end of file.
2026-08-10 00:19:22,561 [ERROR] LogOutputStream:75 - [STDERR_REDIRECT] 
2026-08-10 00:19:23,568 [ERROR] LogOutputStream:75 - [STDERR_REDIRECT] [Fatal Error] :1:1: Premature end of file.
2026-08-10 00:19:23,568 [ERROR] LogOutputStream:75 - [STDERR_REDIRECT] 
2026-08-10 00:19:24,556 [ERROR] LogOutputStream:75 - [STDERR_REDIRECT] [Fatal Error] :1:1: Premature end of file.
2026-08-10 00:19:24,556 [ERROR] LogOutputStream:75 - [STDERR_REDIRECT] 
2026-08-10 00:19:25,560 [ERROR] LogOutputStream:75 - [STDERR_REDIRECT] [Fatal Error] :1:1: Premature end of file.
2026-08-10 00:19:25,560 [ERROR] LogOutputStream:75 - [STDERR_REDIRECT] 
2026-08-10 00:19:26,568 [ERROR] LogOutputStream:75 - [STDERR_REDIRECT] [Fatal Error] :1:1: Premature end of file.
2026-08-10 00:19:26,568 [ERROR] LogOutputStream:75 - [STDERR_REDIRECT] 
2026-08-10 00:19:27,556 [ERROR] LogOutputStream:75 - [STDERR_REDIRECT] [Fatal Error] :1:1: Premature end of file.
2026-08-10 00:19:27,556 [ERROR] LogOutputStream:75 - [STDERR_REDIRECT] 
2026-08-10 00:19:28,559 [ERROR] LogOutputStream:75 - [STDERR_REDIRECT] [Fatal Error] :1:1: Premature end of file.
2026-08-10 00:19:28,559 [ERROR] LogOutputStream:75 - [STDERR_REDIRECT] 
2026-08-10 00:19:29,568 [ERROR] LogOutputStream:75 - [STDERR_REDIRECT] [Fatal Error] :1:1: Premature end of file.
2026-08-10 00:19:29,568 [ERROR] LogOutputStream:75 - [STDERR_REDIRECT] 
2026-08-10 00:19:30,564 [ERROR] LogOutputStream:75 - [STDERR_REDIRECT] [Fatal Error] :1:1: Premature end of file.
2026-08-10 00:19:30,564 [ERROR] LogOutputStream:75 - [STDERR_REDIRECT] 
2026-08-10 00:19:31,553 [ERROR] LogOutputStream:75 - [STDERR_REDIRECT] [Fatal Error] :1:1: Premature end of file.
2026-08-10 00:19:31,553 [ERROR] LogOutputStream:75 - [STDERR_REDIRECT] 
2026-08-10 00:19:32,578 [ERROR] LogOutputStream:75 - [STDERR_REDIRECT] [Fatal Error] :1:1: Premature end of file.
2026-08-10 00:19:32,578 [ERROR] LogOutputStream:75 - [STDERR_REDIRECT] 
2026-08-10 00:19:33,552 [ERROR] LogOutputStream:75 - [STDERR_REDIRECT] [Fatal Error] :1:1: Premature end of file.
2026-08-10 00:19:33,552 [ERROR] LogOutputStream:75 - [STDERR_REDIRECT] 
2026-08-10 00:19:34,577 [ERROR] LogOutputStream:75 - [STDERR_REDIRECT] [Fatal Error] :1:1: Premature end of file.
2026-08-10 00:19:34,577 [ERROR] LogOutputStream:75 - [STDERR_REDIRECT] 
2026-08-10 00:19:35,552 [ERROR] LogOutputStream:75 - [STDERR_REDIRECT] [Fatal Error] :1:1: Premature end of file.
2026-08-10 00:19:35,552 [ERROR] LogOutputStream:75 - [STDERR_REDIRECT] 
2026-08-10 00:19:36,559 [ERROR] LogOutputStream:75 - [STDERR_REDIRECT] [Fatal Error] :1:1: Premature end of file.
2026-08-10 00:19:36,559 [ERROR] LogOutputStream:75 - [STDERR_REDIRECT] 
2026-08-10 00:19:37,562 [ERROR] LogOutputStream:75 - [STDERR_REDIRECT] [Fatal Error] :1:1: Premature end of file.
2026-08-10 00:19:37,562 [ERROR] LogOutputStream:75 - [STDERR_REDIRECT] 
2026-08-10 00:19:38,568 [ERROR] LogOutputStream:75 - [STDERR_REDIRECT] [Fatal Error] :1:1: Premature end of file.
2026-08-10 00:19:38,568 [ERROR] LogOutputStream:75 - [STDERR_REDIRECT] 
2026-08-10 00:19:39,552 [ERROR] LogOutputStream:75 - [STDERR_REDIRECT] [Fatal Error] :1:1: Premature end of file.
2026-08-10 00:19:39,552 [ERROR] LogOutputStream:75 - [STDERR_REDIRECT] 
2026-08-10 00:19:40,561 [ERROR] LogOutputStream:75 - [STDERR_REDIRECT] [Fatal Error] :1:1: Premature end of file.
2026-08-10 00:19:40,561 [ERROR] LogOutputStream:75 - [STDERR_REDIRECT] 
2026-08-10 00:19:41,568 [ERROR] LogOutputStream:75 - [STDERR_REDIRECT] [Fatal Error] :1:1: Premature end of file.
2026-08-10 00:19:41,568 [ERROR] LogOutputStream:75 - [STDERR_REDIRECT] 
2026-08-10 00:19:42,553 [ERROR] LogOutputStream:75 - [STDERR_REDIRECT] [Fatal Error] :1:1: Premature end of file.
2026-08-10 00:19:42,553 [ERROR] LogOutputStream:75 - [STDERR_REDIRECT] 
2026-08-10 00:19:43,561 [ERROR] LogOutputStream:75 - [STDERR_REDIRECT] [Fatal Error] :1:1: Premature end of file.
2026-08-10 00:19:43,561 [ERROR] LogOutputStream:75 - [STDERR_REDIRECT] 
2026-08-10 00:19:44,568 [ERROR] LogOutputStream:75 - [STDERR_REDIRECT] [Fatal Error] :1:1: Premature end of file.
2026-08-10 00:19:44,568 [ERROR] LogOutputStream:75 - [STDERR_REDIRECT] 
2026-08-10 00:19:45,556 [ERROR] LogOutputStream:75 - [STDERR_REDIRECT] [Fatal Error] :1:1: Premature end of file.
2026-08-10 00:19:45,556 [ERROR] LogOutputStream:75 - [STDERR_REDIRECT] 
2026-08-10 00:19:46,560 [ERROR] LogOutputStream:75 - [STDERR_REDIRECT] [Fatal Error] :1:1: Premature end of file.
2026-08-10 00:19:46,560 [ERROR] LogOutputStream:75 - [STDERR_REDIRECT] 
2026-08-10 00:19:47,568 [ERROR] LogOutputStream:75 - [STDERR_REDIRECT] [Fatal Error] :1:1: Premature end of file.
2026-08-10 00:19:47,568 [ERROR] LogOutputStream:75 - [STDERR_REDIRECT] 
2026-08-10 00:19:48,553 [ERROR] LogOutputStream:75 - [STDERR_REDIRECT] [Fatal Error] :1:1: Premature end of file.
2026-08-10 00:19:48,553 [ERROR] LogOutputStream:75 - [STDERR_REDIRECT] 
2026-08-10 00:19:49,563 [ERROR] LogOutputStream:75 - [STDERR_REDIRECT] [Fatal Error] :1:1: Premature end of file.
2026-08-10 00:19:49,563 [ERROR] LogOutputStream:75 - [STDERR_REDIRECT] 
2026-08-10 00:19:50,568 [ERROR] LogOutputStream:75 - [STDERR_REDIRECT] [Fatal Error] :1:1: Premature end of file.
2026-08-10 00:19:50,568 [ERROR] LogOutputStream:75 - [STDERR_REDIRECT] 
2026-08-10 00:19:51,554 [ERROR] LogOutputStream:75 - [STDERR_REDIRECT] [Fatal Error] :1:1: Premature end of file.
2026-08-10 00:19:51,554 [ERROR] LogOutputStream:75 - [STDERR_REDIRECT] 
2026-08-10 00:19:52,560 [ERROR] LogOutputStream:75 - [STDERR_REDIRECT] [Fatal Error] :1:1: Premature end of file.
2026-08-10 00:19:52,560 [ERROR] LogOutputStream:75 - [STDERR_REDIRECT] 
2026-08-10 00:19:53,568 [ERROR] LogOutputStream:75 - [STDERR_REDIRECT] [Fatal Error] :1:1: Premature end of file.
2026-08-10 00:19:53,568 [ERROR] LogOutputStream:75 - [STDERR_REDIRECT] 
2026-08-10 00:19:54,555 [ERROR] LogOutputStream:75 - [STDERR_REDIRECT] [Fatal Error] :1:1: Premature end of file.
2026-08-10 00:19:54,555 [ERROR] LogOutputStream:75 - [STDERR_REDIRECT] 
2026-08-10 00:19:55,560 [ERROR] LogOutputStream:75 - [STDERR_REDIRECT] [Fatal Error] :1:1: Premature end of file.
2026-08-10 00:19:55,560 [ERROR] LogOutputStream:75 - [STDERR_REDIRECT] 
2026-08-10 00:19:56,568 [ERROR] LogOutputStream:75 - [STDERR_REDIRECT] [Fatal Error] :1:1: Premature end of file.
2026-08-10 00:19:56,568 [ERROR] LogOutputStream:75 - [STDERR_REDIRECT] 
2026-08-10 00:19:57,570 [ERROR] LogOutputStream:75 - [STDERR_REDIRECT] [Fatal Error] :1:1: Premature end of file.
2026-08-10 00:19:57,570 [ERROR] LogOutputStream:75 - [STDERR_REDIRECT] 
2026-08-10 00:19:58,552 [ERROR] LogOutputStream:75 - [STDERR_REDIRECT] [Fatal Error] :1:1: Premature end of file.
2026-08-10 00:19:58,552 [ERROR] LogOutputStream:75 - [STDERR_REDIRECT] 
2026-08-10 00:19:59,568 [ERROR] LogOutputStream:75 - [STDERR_REDIRECT] [Fatal Error] :1:1: Premature end of file.
2026-08-10 00:19:59,568 [ERROR] LogOutputStream:75 - [STDERR_REDIRECT] 
2026-08-10 00:20:00,567 [ERROR] LogOutputStream:75 - [STDERR_REDIRECT] [Fatal Error] :1:1: Premature end of file.
2026-08-10 00:20:00,567 [ERROR] LogOutputStream:75 - [STDERR_REDIRECT] 
2026-08-10 00:20:01,553 [ERROR] LogOutputStream:75 - [STDERR_REDIRECT] [Fatal Error] :1:1: Premature end of file.
2026-08-10 00:20:01,553 [ERROR] LogOutputStream:75 - [STDERR_REDIRECT] 
2026-08-10 00:20:02,550 [ERROR] LogOutputStream:75 - [STDERR_REDIRECT] [Fatal Error] :1:1: Premature end of file.
2026-08-10 00:20:02,550 [ERROR] LogOutputStream:75 - [STDERR_REDIRECT] 
2026-08-10 00:20:03,562 [ERROR] LogOutputStream:75 - [STDERR_REDIRECT] [Fatal Error] :1:1: Premature end of file.
2026-08-10 00:20:03,562 [ERROR] LogOutputStream:75 - [STDERR_REDIRECT] 
2026-08-10 00:20:04,564 [ERROR] LogOutputStream:75 - [STDERR_REDIRECT] [Fatal Error] :1:1: Premature end of file.
2026-08-10 00:20:04,564 [ERROR] LogOutputStream:75 - [STDERR_REDIRECT] 
2026-08-10 00:20:05,568 [ERROR] LogOutputStream:75 - [STDERR_REDIRECT] [Fatal Error] :1:1: Premature end of file.
2026-08-10 00:20:05,568 [ERROR] LogOutputStream:75 - [STDERR_REDIRECT] 
2026-08-10 00:20:06,554 [ERROR] LogOutputStream:75 - [STDERR_REDIRECT] [Fatal Error] :1:1: Premature end of file.
2026-08-10 00:20:06,554 [ERROR] LogOutputStream:75 - [STDERR_REDIRECT] 
2026-08-10 00:20:07,563 [ERROR] LogOutputStream:75 - [STDERR_REDIRECT] [Fatal Error] :1:1: Premature end of file.
2026-08-10 00:20:07,563 [ERROR] LogOutputStream:75 - [STDERR_REDIRECT] 
2026-08-10 00:20:08,568 [ERROR] LogOutputStream:75 - [STDERR_REDIRECT] [Fatal Error] :1:1: Premature end of file.
2026-08-10 00:20:08,568 [ERROR] LogOutputStream:75 - [STDERR_REDIRECT] 
2026-08-10 00:20:09,552 [ERROR] LogOutputStream:75 - [STDERR_REDIRECT] [Fatal Error] :1:1: Premature end of file.
2026-08-10 00:20:09,552 [ERROR] LogOutputStream:75 - [STDERR_REDIRECT] 
2026-08-10 00:20:10,561 [ERROR] LogOutputStream:75 - [STDERR_REDIRECT] [Fatal Error] :1:1: Premature end of file.
2026-08-10 00:20:10,561 [ERROR] LogOutputStream:75 - [STDERR_REDIRECT] 
2026-08-10 00:20:11,572 [ERROR] LogOutputStream:75 - [STDERR_REDIRECT] [Fatal Error] :1:1: Premature end of file.
2026-08-10 00:20:11,572 [ERROR] LogOutputStream:75 - [STDERR_REDIRECT] 
2026-08-10 00:20:12,549 [ERROR] LogOutputStream:75 - [STDERR_REDIRECT] [Fatal Error] :1:1: Premature end of file.
2026-08-10 00:20:12,549 [ERROR] LogOutputStream:75 - [STDERR_REDIRECT] 
2026-08-10 00:20:13,562 [ERROR] LogOutputStream:75 - [STDERR_REDIRECT] [Fatal Error] :1:1: Premature end of file.
2026-08-10 00:20:13,562 [ERROR] LogOutputStream:75 - [STDERR_REDIRECT] 
2026-08-10 00:20:14,568 [ERROR] LogOutputStream:75 - [STDERR_REDIRECT] [Fatal Error] :1:1: Premature end of file.
2026-08-10 00:20:14,568 [ERROR] LogOutputStream:75 - [STDERR_REDIRECT] 
2026-08-10 00:20:15,554 [ERROR] LogOutputStream:75 - [STDERR_REDIRECT] [Fatal Error] :1:1: Premature end of file.
2026-08-10 00:20:15,554 [ERROR] LogOutputStream:75 - [STDERR_REDIRECT] 
2026-08-10 00:20:16,574 [ERROR] LogOutputStream:75 - [STDERR_REDIRECT] [Fatal Error] :1:1: Premature end of file.
2026-08-10 00:20:16,574 [ERROR] LogOutputStream:75 - [STDERR_REDIRECT] 
2026-08-10 00:20:17,551 [ERROR] LogOutputStream:75 - [STDERR_REDIRECT] [Fatal Error] :1:1: Premature end of file.
2026-08-10 00:20:17,551 [ERROR] LogOutputStream:75 - [STDERR_REDIRECT] 
2026-08-10 00:20:18,561 [ERROR] LogOutputStream:75 - [STDERR_REDIRECT] [Fatal Error] :1:1: Premature end of file.
2026-08-10 00:20:18,561 [ERROR] LogOutputStream:75 - [STDERR_REDIRECT] 
2026-08-10 00:20:19,562 [ERROR] LogOutputStream:75 - [STDERR_REDIRECT] [Fatal Error] :1:1: Premature end of file.
2026-08-10 00:20:19,562 [ERROR] LogOutputStream:75 - [STDERR_REDIRECT] 
2026-08-10 00:20:20,568 [ERROR] LogOutputStream:75 - [STDERR_REDIRECT] [Fatal Error] :1:1: Premature end of file.
2026-08-10 00:20:20,568 [ERROR] LogOutputStream:75 - [STDERR_REDIRECT] 
2026-08-10 00:20:21,563 [ERROR] LogOutputStream:75 - [STDERR_REDIRECT] [Fatal Error] :1:1: Premature end of file.
2026-08-10 00:20:21,563 [ERROR] LogOutputStream:75 - [STDERR_REDIRECT] 
2026-08-10 00:20:22,562 [ERROR] LogOutputStream:75 - [STDERR_REDIRECT] [Fatal Error] :1:1: Premature end of file.
2026-08-10 00:20:22,562 [ERROR] LogOutputStream:75 - [STDERR_REDIRECT] 
2026-08-10 00:20:23,568 [ERROR] LogOutputStream:75 - [STDERR_REDIRECT] [Fatal Error] :1:1: Premature end of file.
2026-08-10 00:20:23,568 [ERROR] LogOutputStream:75 - [STDERR_REDIRECT] 
2026-08-10 00:20:24,561 [ERROR] LogOutputStream:75 - [STDERR_REDIRECT] [Fatal Error] :1:1: Premature end of file.
2026-08-10 00:20:24,561 [ERROR] LogOutputStream:75 - [STDERR_REDIRECT] 
2026-08-10 00:20:25,552 [ERROR] LogOutputStream:75 - [STDERR_REDIRECT] [Fatal Error] :1:1: Premature end of file.
2026-08-10 00:20:25,552 [ERROR] LogOutputStream:75 - [STDERR_REDIRECT] 
2026-08-10 00:20:26,568 [ERROR] LogOutputStream:75 - [STDERR_REDIRECT] [Fatal Error] :1:1: Premature end of file.
2026-08-10 00:20:26,568 [ERROR] LogOutputStream:75 - [STDERR_REDIRECT] 
2026-08-10 00:20:27,556 [ERROR] LogOutputStream:75 - [STDERR_REDIRECT] [Fatal Error] :1:1: Premature end of file.
2026-08-10 00:20:27,556 [ERROR] LogOutputStream:75 - [STDERR_REDIRECT] 
2026-08-10 00:20:28,562 [ERROR] LogOutputStream:75 - [STDERR_REDIRECT] [Fatal Error] :1:1: Premature end of file.
2026-08-10 00:20:28,562 [ERROR] LogOutputStream:75 - [STDERR_REDIRECT] 
2026-08-10 00:20:29,568 [ERROR] LogOutputStream:75 - [STDERR_REDIRECT] [Fatal Error] :1:1: Premature end of file.
2026-08-10 00:20:29,568 [ERROR] LogOutputStream:75 - [STDERR_REDIRECT] 
2026-08-10 00:20:30,553 [ERROR] LogOutputStream:75 - [STDERR_REDIRECT] [Fatal Error] :1:1: Premature end of file.
2026-08-10 00:20:30,553 [ERROR] LogOutputStream:75 - [STDERR_REDIRECT] 
2026-08-10 00:20:31,556 [ERROR] LogOutputStream:75 - [STDERR_REDIRECT] [Fatal Error] :1:1: Premature end of file.
2026-08-10 00:20:31,556 [ERROR] LogOutputStream:75 - [STDERR_REDIRECT] 
2026-08-10 00:20:32,568 [ERROR] LogOutputStream:75 - [STDERR_REDIRECT] [Fatal Error] :1:1: Premature end of file.
2026-08-10 00:20:32,568 [ERROR] LogOutputStream:75 - [STDERR_REDIRECT] 
2026-08-10 00:20:33,553 [ERROR] LogOutputStream:75 - [STDERR_REDIRECT] [Fatal Error] :1:1: Premature end of file.
2026-08-10 00:20:33,553 [ERROR] LogOutputStream:75 - [STDERR_REDIRECT] 
2026-08-10 00:20:34,557 [ERROR] LogOutputStream:75 - [STDERR_REDIRECT] [Fatal Error] :1:1: Premature end of file.
2026-08-10 00:20:34,557 [ERROR] LogOutputStream:75 - [STDERR_REDIRECT] 
2026-08-10 00:20:35,568 [ERROR] LogOutputStream:75 - [STDERR_REDIRECT] [Fatal Error] :1:1: Premature end of file.
2026-08-10 00:20:35,568 [ERROR] LogOutputStream:75 - [STDERR_REDIRECT] 
2026-08-10 00:20:36,555 [ERROR] LogOutputStream:75 - [STDERR_REDIRECT] [Fatal Error] :1:1: Premature end of file.
2026-08-10 00:20:36,555 [ERROR] LogOutputStream:75 - [STDERR_REDIRECT] 
2026-08-10 00:20:37,561 [ERROR] LogOutputStream:75 - [STDERR_REDIRECT] [Fatal Error] :1:1: Premature end of file.
2026-08-10 00:20:37,561 [ERROR] LogOutputStream:75 - [STDERR_REDIRECT] 
2026-08-10 00:20:38,568 [ERROR] LogOutputStream:75 - [STDERR_REDIRECT] [Fatal Error] :1:1: Premature end of file.
2026-08-10 00:20:38,568 [ERROR] LogOutputStream:75 - [STDERR_REDIRECT] 
2026-08-10 00:20:39,555 [ERROR] LogOutputStream:75 - [STDERR_REDIRECT] [Fatal Error] :1:1: Premature end of file.
2026-08-10 00:20:39,555 [ERROR] LogOutputStream:75 - [STDERR_REDIRECT] 
2026-08-10 00:20:40,578 [ERROR] LogOutputStream:75 - [STDERR_REDIRECT] [Fatal Error] :1:1: Premature end of file.
2026-08-10 00:20:40,578 [ERROR] LogOutputStream:75 - [STDERR_REDIRECT] 
2026-08-10 00:20:41,550 [ERROR] LogOutputStream:75 - [STDERR_REDIRECT] [Fatal Error] :1:1: Premature end of file.
2026-08-10 00:20:41,550 [ERROR] LogOutputStream:75 - [STDERR_REDIRECT] 
2026-08-10 00:20:42,565 [ERROR] LogOutputStream:75 - [STDERR_REDIRECT] [Fatal Error] :1:1: Premature end of file.
2026-08-10 00:20:42,565 [ERROR] LogOutputStream:75 - [STDERR_REDIRECT] 
2026-08-10 00:20:43,564 [ERROR] LogOutputStream:75 - [STDERR_REDIRECT] [Fatal Error] :1:1: Premature end of file.
2026-08-10 00:20:43,564 [ERROR] LogOutputStream:75 - [STDERR_REDIRECT] 
2026-08-10 00:20:44,571 [ERROR] LogOutputStream:75 - [STDERR_REDIRECT] [Fatal Error] :1:1: Premature end of file.
2026-08-10 00:20:44,571 [ERROR] LogOutputStream:75 - [STDERR_REDIRECT] 
2026-08-10 00:20:45,574 [ERROR] LogOutputStream:75 - [STDERR_REDIRECT] [Fatal Error] :1:1: Premature end of file.
2026-08-10 00:20:45,574 [ERROR] LogOutputStream:75 - [STDERR_REDIRECT] 
2026-08-10 00:20:46,552 [ERROR] LogOutputStream:75 - [STDERR_REDIRECT] [Fatal Error] :1:1: Premature end of file.
2026-08-10 00:20:46,552 [ERROR] LogOutputStream:75 - [STDERR_REDIRECT] 
2026-08-10 00:20:47,551 [ERROR] LogOutputStream:75 - [STDERR_REDIRECT] [Fatal Error] :1:1: Premature end of file.
2026-08-10 00:20:47,551 [ERROR] LogOutputStream:75 - [STDERR_REDIRECT] 
2026-08-10 00:20:48,562 [ERROR] LogOutputStream:75 - [STDERR_REDIRECT] [Fatal Error] :1:1: Premature end of file.
2026-08-10 00:20:48,563 [ERROR] LogOutputStream:75 - [STDERR_REDIRECT] 
2026-08-10 00:20:49,554 [ERROR] LogOutputStream:75 - [STDERR_REDIRECT] [Fatal Error] :1:1: Premature end of file.
2026-08-10 00:20:49,554 [ERROR] LogOutputStream:75 - [STDERR_REDIRECT] 
2026-08-10 00:20:50,568 [ERROR] LogOutputStream:75 - [STDERR_REDIRECT] [Fatal Error] :1:1: Premature end of file.
2026-08-10 00:20:50,568 [ERROR] LogOutputStream:75 - [STDERR_REDIRECT] 
2026-08-10 00:20:51,559 [ERROR] LogOutputStream:75 - [STDERR_REDIRECT] [Fatal Error] :1:1: Premature end of file.
2026-08-10 00:20:51,559 [ERROR] LogOutputStream:75 - [STDERR_REDIRECT] 
2026-08-10 00:20:52,551 [ERROR] LogOutputStream:75 - [STDERR_REDIRECT] [Fatal Error] :1:1: Premature end of file.
2026-08-10 00:20:52,551 [ERROR] LogOutputStream:75 - [STDERR_REDIRECT] 
2026-08-10 00:20:53,568 [ERROR] LogOutputStream:75 - [STDERR_REDIRECT] [Fatal Error] :1:1: Premature end of file.
2026-08-10 00:20:53,568 [ERROR] LogOutputStream:75 - [STDERR_REDIRECT] 
2026-08-10 00:20:54,554 [ERROR] LogOutputStream:75 - [STDERR_REDIRECT] [Fatal Error] :1:1: Premature end of file.
2026-08-10 00:20:54,554 [ERROR] LogOutputStream:75 - [STDERR_REDIRECT] 
2026-08-10 00:20:55,563 [ERROR] LogOutputStream:75 - [STDERR_REDIRECT] [Fatal Error] :1:1: Premature end of file.
2026-08-10 00:20:55,563 [ERROR] LogOutputStream:75 - [STDERR_REDIRECT] 
2026-08-10 00:20:56,569 [ERROR] LogOutputStream:75 - [STDERR_REDIRECT] [Fatal Error] :1:1: Premature end of file.
2026-08-10 00:20:56,569 [ERROR] LogOutputStream:75 - [STDERR_REDIRECT] 
2026-08-10 00:20:57,550 [ERROR] LogOutputStream:75 - [STDERR_REDIRECT] [Fatal Error] :1:1: Premature end of file.
2026-08-10 00:20:57,550 [ERROR] LogOutputStream:75 - [STDERR_REDIRECT] 
2026-08-10 00:20:58,571 [ERROR] LogOutputStream:75 - [STDERR_REDIRECT] [Fatal Error] :1:1: Premature end of file.
2026-08-10 00:20:58,571 [ERROR] LogOutputStream:75 - [STDERR_REDIRECT] 
2026-08-10 00:20:59,551 [ERROR] LogOutputStream:75 - [STDERR_REDIRECT] [Fatal Error] :1:1: Premature end of file.
2026-08-10 00:20:59,551 [ERROR] LogOutputStream:75 - [STDERR_REDIRECT] 
2026-08-10 00:21:00,570 [ERROR] LogOutputStream:75 - [STDERR_REDIRECT] [Fatal Error] :1:1: Premature end of file.
2026-08-10 00:21:00,570 [ERROR] LogOutputStream:75 - [STDERR_REDIRECT] 
2026-08-10 00:21:01,572 [ERROR] LogOutputStream:75 - [STDERR_REDIRECT] [Fatal Error] :1:1: Premature end of file.
2026-08-10 00:21:01,572 [ERROR] LogOutputStream:75 - [STDERR_REDIRECT] 
2026-08-10 00:21:02,549 [ERROR] LogOutputStream:75 - [STDERR_REDIRECT] [Fatal Error] :1:1: Premature end of file.
2026-08-10 00:21:02,549 [ERROR] LogOutputStream:75 - [STDERR_REDIRECT] 
2026-08-10 00:21:03,549 [ERROR] LogOutputStream:75 - [STDERR_REDIRECT] [Fatal Error] :1:1: Premature end of file.
2026-08-10 00:21:03,549 [ERROR] LogOutputStream:75 - [STDERR_REDIRECT] 
2026-08-10 00:21:04,571 [ERROR] LogOutputStream:75 - [STDERR_REDIRECT] [Fatal Error] :1:1: Premature end of file.
2026-08-10 00:21:04,571 [ERROR] LogOutputStream:75 - [STDERR_REDIRECT] 
2026-08-10 00:21:05,552 [ERROR] LogOutputStream:75 - [STDERR_REDIRECT] [Fatal Error] :1:1: Premature end of file.
2026-08-10 00:21:05,552 [ERROR] LogOutputStream:75 - [STDERR_REDIRECT] 
2026-08-10 00:21:06,562 [ERROR] LogOutputStream:75 - [STDERR_REDIRECT] [Fatal Error] :1:1: Premature end of file.
2026-08-10 00:21:06,562 [ERROR] LogOutputStream:75 - [STDERR_REDIRECT] 
2026-08-10 00:21:07,564 [ERROR] LogOutputStream:75 - [STDERR_REDIRECT] [Fatal Error] :1:1: Premature end of file.
2026-08-10 00:21:07,564 [ERROR] LogOutputStream:75 - [STDERR_REDIRECT] 
2026-08-10 00:21:08,568 [ERROR] LogOutputStream:75 - [STDERR_REDIRECT] [Fatal Error] :1:1: Premature end of file.
2026-08-10 00:21:08,568 [ERROR] LogOutputStream:75 - [STDERR_REDIRECT] 
2026-08-10 00:21:09,558 [ERROR] LogOutputStream:75 - [STDERR_REDIRECT] [Fatal Error] :1:1: Premature end of file.
2026-08-10 00:21:09,558 [ERROR] LogOutputStream:75 - [STDERR_REDIRECT] 
2026-08-10 00:21:10,562 [ERROR] LogOutputStream:75 - [STDERR_REDIRECT] [Fatal Error] :1:1: Premature end of file.
2026-08-10 00:21:10,562 [ERROR] LogOutputStream:75 - [STDERR_REDIRECT] 
2026-08-10 00:21:11,568 [ERROR] LogOutputStream:75 - [STDERR_REDIRECT] [Fatal Error] :1:1: Premature end of file.
2026-08-10 00:21:11,568 [ERROR] LogOutputStream:75 - [STDERR_REDIRECT] 
2026-08-10 00:21:12,553 [ERROR] LogOutputStream:75 - [STDERR_REDIRECT] [Fatal Error] :1:1: Premature end of file.
2026-08-10 00:21:12,553 [ERROR] LogOutputStream:75 - [STDERR_REDIRECT] 
2026-08-10 00:21:13,555 [ERROR] LogOutputStream:75 - [STDERR_REDIRECT] [Fatal Error] :1:1: Premature end of file.
2026-08-10 00:21:13,555 [ERROR] LogOutputStream:75 - [STDERR_REDIRECT] 
2026-08-10 00:21:14,568 [ERROR] LogOutputStream:75 - [STDERR_REDIRECT] [Fatal Error] :1:1: Premature end of file.
2026-08-10 00:21:14,568 [ERROR] LogOutputStream:75 - [STDERR_REDIRECT] 
2026-08-10 00:21:15,555 [ERROR] LogOutputStream:75 - [STDERR_REDIRECT] [Fatal Error] :1:1: Premature end of file.
2026-08-10 00:21:15,555 [ERROR] LogOutputStream:75 - [STDERR_REDIRECT] 
2026-08-10 00:21:16,560 [ERROR] LogOutputStream:75 - [STDERR_REDIRECT] [Fatal Error] :1:1: Premature end of file.
2026-08-10 00:21:16,560 [ERROR] LogOutputStream:75 - [STDERR_REDIRECT] 
2026-08-10 00:21:17,568 [ERROR] LogOutputStream:75 - [STDERR_REDIRECT] [Fatal Error] :1:1: Premature end of file.
2026-08-10 00:21:17,568 [ERROR] LogOutputStream:75 - [STDERR_REDIRECT] 
2026-08-10 00:21:18,555 [ERROR] LogOutputStream:75 - [STDERR_REDIRECT] [Fatal Error] :1:1: Premature end of file.
2026-08-10 00:21:18,555 [ERROR] LogOutputStream:75 - [STDERR_REDIRECT] 
2026-08-10 00:21:19,573 [ERROR] LogOutputStream:75 - [STDERR_REDIRECT] [Fatal Error] :1:1: Premature end of file.
2026-08-10 00:21:19,573 [ERROR] LogOutputStream:75 - [STDERR_REDIRECT] 
2026-08-10 00:21:20,557 [ERROR] LogOutputStream:75 - [STDERR_REDIRECT] [Fatal Error] :1:1: Premature end of file.
2026-08-10 00:21:20,557 [ERROR] LogOutputStream:75 - [STDERR_REDIRECT] 
2026-08-10 00:21:21,561 [ERROR] LogOutputStream:75 - [STDERR_REDIRECT] [Fatal Error] :1:1: Premature end of file.
2026-08-10 00:21:21,561 [ERROR] LogOutputStream:75 - [STDERR_REDIRECT] 
2026-08-10 00:21:22,564 [ERROR] LogOutputStream:75 - [STDERR_REDIRECT] [Fatal Error] :1:1: Premature end of file.
2026-08-10 00:21:22,564 [ERROR] LogOutputStream:75 - [STDERR_REDIRECT] 
2026-08-10 00:21:23,568 [ERROR] LogOutputStream:75 - [STDERR_REDIRECT] [Fatal Error] :1:1: Premature end of file.
2026-08-10 00:21:23,568 [ERROR] LogOutputStream:75 - [STDERR_REDIRECT] 
2026-08-10 00:21:24,552 [ERROR] LogOutputStream:75 - [STDERR_REDIRECT] [Fatal Error] :1:1: Premature end of file.
2026-08-10 00:21:24,552 [ERROR] LogOutputStream:75 - [STDERR_REDIRECT] 
2026-08-10 00:21:25,561 [ERROR] LogOutputStream:75 - [STDERR_REDIRECT] [Fatal Error] :1:1: Premature end of file.
2026-08-10 00:21:25,561 [ERROR] LogOutputStream:75 - [STDERR_REDIRECT] 
2026-08-10 00:21:26,568 [ERROR] LogOutputStream:75 - [STDERR_REDIRECT] [Fatal Error] :1:1: Premature end of file.
2026-08-10 00:21:26,568 [ERROR] LogOutputStream:75 - [STDERR_REDIRECT] 
2026-08-10 00:21:27,553 [ERROR] LogOutputStream:75 - [STDERR_REDIRECT] [Fatal Error] :1:1: Premature end of file.
2026-08-10 00:21:27,553 [ERROR] LogOutputStream:75 - [STDERR_REDIRECT] 
2026-08-10 00:21:28,565 [ERROR] LogOutputStream:75 - [STDERR_REDIRECT] [Fatal Error] :1:1: Premature end of file.
2026-08-10 00:21:28,565 [ERROR] LogOutputStream:75 - [STDERR_REDIRECT] 
2026-08-10 00:21:29,568 [ERROR] LogOutputStream:75 - [STDERR_REDIRECT] [Fatal Error] :1:1: Premature end of file.
2026-08-10 00:21:29,568 [ERROR] LogOutputStream:75 - [STDERR_REDIRECT] 
2026-08-10 00:21:30,550 [ERROR] LogOutputStream:75 - [STDERR_REDIRECT] [Fatal Error] :1:1: Premature end of file.
2026-08-10 00:21:30,550 [ERROR] LogOutputStream:75 - [STDERR_REDIRECT] 
2026-08-10 00:21:31,559 [ERROR] LogOutputStream:75 - [STDERR_REDIRECT] [Fatal Error] :1:1: Premature end of file.
2026-08-10 00:21:31,559 [ERROR] LogOutputStream:75 - [STDERR_REDIRECT] 
2026-08-10 00:21:32,574 [ERROR] LogOutputStream:75 - [STDERR_REDIRECT] [Fatal Error] :1:1: Premature end of file.
2026-08-10 00:21:32,574 [ERROR] LogOutputStream:75 - [STDERR_REDIRECT] 
2026-08-10 00:21:33,551 [ERROR] LogOutputStream:75 - [STDERR_REDIRECT] [Fatal Error] :1:1: Premature end of file.
2026-08-10 00:21:33,551 [ERROR] LogOutputStream:75 - [STDERR_REDIRECT] 
2026-08-10 00:21:34,561 [ERROR] LogOutputStream:75 - [STDERR_REDIRECT] [Fatal Error] :1:1: Premature end of file.
2026-08-10 00:21:34,561 [ERROR] LogOutputStream:75 - [STDERR_REDIRECT] 
2026-08-10 00:21:35,568 [ERROR] LogOutputStream:75 - [STDERR_REDIRECT] [Fatal Error] :1:1: Premature end of file.
2026-08-10 00:21:35,568 [ERROR] LogOutputStream:75 - [STDERR_REDIRECT] 
2026-08-10 00:21:36,553 [ERROR] LogOutputStream:75 - [STDERR_REDIRECT] [Fatal Error] :1:1: Premature end of file.
2026-08-10 00:21:36,553 [ERROR] LogOutputStream:75 - [STDERR_REDIRECT] 
2026-08-10 00:21:37,549 [ERROR] LogOutputStream:75 - [STDERR_REDIRECT] [Fatal Error] :1:1: Premature end of file.
2026-08-10 00:21:37,549 [ERROR] LogOutputStream:75 - [STDERR_REDIRECT] 
2026-08-10 00:21:38,568 [ERROR] LogOutputStream:75 - [STDERR_REDIRECT] [Fatal Error] :1:1: Premature end of file.
2026-08-10 00:21:38,568 [ERROR] LogOutputStream:75 - [STDERR_REDIRECT] 
2026-08-10 00:21:39,554 [ERROR] LogOutputStream:75 - [STDERR_REDIRECT] [Fatal Error] :1:1: Premature end of file.
2026-08-10 00:21:39,554 [ERROR] LogOutputStream:75 - [STDERR_REDIRECT] 
2026-08-10 00:21:40,559 [ERROR] LogOutputStream:75 - [STDERR_REDIRECT] [Fatal Error] :1:1: Premature end of file.
2026-08-10 00:21:40,559 [ERROR] LogOutputStream:75 - [STDERR_REDIRECT] 
2026-08-10 00:21:41,568 [ERROR] LogOutputStream:75 - [STDERR_REDIRECT] [Fatal Error] :1:1: Premature end of file.
2026-08-10 00:21:41,568 [ERROR] LogOutputStream:75 - [STDERR_REDIRECT] 
2026-08-10 00:21:42,553 [ERROR] LogOutputStream:75 - [STDERR_REDIRECT] [Fatal Error] :1:1: Premature end of file.
2026-08-10 00:21:42,553 [ERROR] LogOutputStream:75 - [STDERR_REDIRECT] 
2026-08-10 00:21:43,581 [ERROR] LogOutputStream:75 - [STDERR_REDIRECT] [Fatal Error] :1:1: Premature end of file.
2026-08-10 00:21:43,581 [ERROR] LogOutputStream:75 - [STDERR_REDIRECT] 
2026-08-10 00:21:44,550 [ERROR] LogOutputStream:75 - [STDERR_REDIRECT] [Fatal Error] :1:1: Premature end of file.
2026-08-10 00:21:44,550 [ERROR] LogOutputStream:75 - [STDERR_REDIRECT] 
2026-08-10 00:21:45,568 [ERROR] LogOutputStream:75 - [STDERR_REDIRECT] [Fatal Error] :1:1: Premature end of file.
2026-08-10 00:21:45,568 [ERROR] LogOutputStream:75 - [STDERR_REDIRECT] 
2026-08-10 00:21:46,561 [ERROR] LogOutputStream:75 - [STDERR_REDIRECT] [Fatal Error] :1:1: Premature end of file.
2026-08-10 00:21:46,561 [ERROR] LogOutputStream:75 - [STDERR_REDIRECT] 
2026-08-10 00:21:47,561 [ERROR] LogOutputStream:75 - [STDERR_REDIRECT] [Fatal Error] :1:1: Premature end of file.
2026-08-10 00:21:47,561 [ERROR] LogOutputStream:75 - [STDERR_REDIRECT] 
2026-08-10 00:21:48,562 [ERROR] LogOutputStream:75 - [STDERR_REDIRECT] [Fatal Error] :1:1: Premature end of file.
2026-08-10 00:21:48,562 [ERROR] LogOutputStream:75 - [STDERR_REDIRECT] 
2026-08-10 00:21:49,561 [ERROR] LogOutputStream:75 - [STDERR_REDIRECT] [Fatal Error] :1:1: Premature end of file.
2026-08-10 00:21:49,561 [ERROR] LogOutputStream:75 - [STDERR_REDIRECT] 
2026-08-10 00:21:50,560 [ERROR] LogOutputStream:75 - [STDERR_REDIRECT] [Fatal Error] :1:1: Premature end of file.
2026-08-10 00:21:50,560 [ERROR] LogOutputStream:75 - [STDERR_REDIRECT] 
2026-08-10 00:21:51,562 [ERROR] LogOutputStream:75 - [STDERR_REDIRECT] [Fatal Error] :1:1: Premature end of file.
2026-08-10 00:21:51,562 [ERROR] LogOutputStream:75 - [STDERR_REDIRECT] 
2026-08-10 00:21:52,561 [ERROR] LogOutputStream:75 - [STDERR_REDIRECT] [Fatal Error] :1:1: Premature end of file.
2026-08-10 00:21:52,561 [ERROR] LogOutputStream:75 - [STDERR_REDIRECT] 
2026-08-10 00:21:53,562 [ERROR] LogOutputStream:75 - [STDERR_REDIRECT] [Fatal Error] :1:1: Premature end of file.
2026-08-10 00:21:53,562 [ERROR] LogOutputStream:75 - [STDERR_REDIRECT] 
2026-08-10 00:21:54,562 [ERROR] LogOutputStream:75 - [STDERR_REDIRECT] [Fatal Error] :1:1: Premature end of file.
2026-08-10 00:21:54,562 [ERROR] LogOutputStream:75 - [STDERR_REDIRECT] 
2026-08-10 00:21:55,563 [ERROR] LogOutputStream:75 - [STDERR_REDIRECT] [Fatal Error] :1:1: Premature end of file.
2026-08-10 00:21:55,563 [ERROR] LogOutputStream:75 - [STDERR_REDIRECT] 
2026-08-10 00:21:56,561 [ERROR] LogOutputStream:75 - [STDERR_REDIRECT] [Fatal Error] :1:1: Premature end of file.
2026-08-10 00:21:56,561 [ERROR] LogOutputStream:75 - [STDERR_REDIRECT] 
2026-08-10 00:21:57,562 [ERROR] LogOutputStream:75 - [STDERR_REDIRECT] [Fatal Error] :1:1: Premature end of file.
2026-08-10 00:21:57,562 [ERROR] LogOutputStream:75 - [STDERR_REDIRECT] 
2026-08-10 00:21:58,562 [ERROR] LogOutputStream:75 - [STDERR_REDIRECT] [Fatal Error] :1:1: Premature end of file.
2026-08-10 00:21:58,562 [ERROR] LogOutputStream:75 - [STDERR_REDIRECT] 
2026-08-10 00:21:59,563 [ERROR] LogOutputStream:75 - [STDERR_REDIRECT] [Fatal Error] :1:1: Premature end of file.
2026-08-10 00:21:59,563 [ERROR] LogOutputStream:75 - [STDERR_REDIRECT] 
2026-08-10 00:22:00,562 [ERROR] LogOutputStream:75 - [STDERR_REDIRECT] [Fatal Error] :1:1: Premature end of file.
2026-08-10 00:22:00,562 [ERROR] LogOutputStream:75 - [STDERR_REDIRECT] 
2026-08-10 00:22:01,558 [ERROR] LogOutputStream:75 - [STDERR_REDIRECT] [Fatal Error] :1:1: Premature end of file.
2026-08-10 00:22:01,558 [ERROR] LogOutputStream:75 - [STDERR_REDIRECT] 
2026-08-10 00:22:02,563 [ERROR] LogOutputStream:75 - [STDERR_REDIRECT] [Fatal Error] :1:1: Premature end of file.
2026-08-10 00:22:02,563 [ERROR] LogOutputStream:75 - [STDERR_REDIRECT] 
2026-08-10 00:22:03,561 [ERROR] LogOutputStream:75 - [STDERR_REDIRECT] [Fatal Error] :1:1: Premature end of file.
2026-08-10 00:22:03,561 [ERROR] LogOutputStream:75 - [STDERR_REDIRECT] 
2026-08-10 00:22:04,570 [ERROR] LogOutputStream:75 - [STDERR_REDIRECT] [Fatal Error] :1:1: Premature end of file.
2026-08-10 00:22:04,570 [ERROR] LogOutputStream:75 - [STDERR_REDIRECT] 
2026-08-10 00:22:05,563 [ERROR] LogOutputStream:75 - [STDERR_REDIRECT] [Fatal Error] :1:1: Premature end of file.
2026-08-10 00:22:05,563 [ERROR] LogOutputStream:75 - [STDERR_REDIRECT] 
2026-08-10 00:22:06,559 [ERROR] LogOutputStream:75 - [STDERR_REDIRECT] [Fatal Error] :1:1: Premature end of file.
2026-08-10 00:22:06,559 [ERROR] LogOutputStream:75 - [STDERR_REDIRECT] 
2026-08-10 00:22:07,559 [ERROR] LogOutputStream:75 - [STDERR_REDIRECT] [Fatal Error] :1:1: Premature end of file.
2026-08-10 00:22:07,559 [ERROR] LogOutputStream:75 - [STDERR_REDIRECT] 
2026-08-10 00:22:08,561 [ERROR] LogOutputStream:75 - [STDERR_REDIRECT] [Fatal Error] :1:1: Premature end of file.
2026-08-10 00:22:08,561 [ERROR] LogOutputStream:75 - [STDERR_REDIRECT] 
2026-08-10 00:22:09,559 [ERROR] LogOutputStream:75 - [STDERR_REDIRECT] [Fatal Error] :1:1: Premature end of file.
2026-08-10 00:22:09,559 [ERROR] LogOutputStream:75 - [STDERR_REDIRECT] 
2026-08-10 00:22:10,558 [ERROR] LogOutputStream:75 - [STDERR_REDIRECT] [Fatal Error] :1:1: Premature end of file.
2026-08-10 00:22:10,559 [ERROR] LogOutputStream:75 - [STDERR_REDIRECT] 
2026-08-10 00:22:11,559 [ERROR] LogOutputStream:75 - [STDERR_REDIRECT] [Fatal Error] :1:1: Premature end of file.
2026-08-10 00:22:11,559 [ERROR] LogOutputStream:75 - [STDERR_REDIRECT] 
2026-08-10 00:22:12,560 [ERROR] LogOutputStream:75 - [STDERR_REDIRECT] [Fatal Error] :1:1: Premature end of file.
2026-08-10 00:22:12,560 [ERROR] LogOutputStream:75 - [STDERR_REDIRECT] 
2026-08-10 00:22:13,569 [ERROR] LogOutputStream:75 - [STDERR_REDIRECT] [Fatal Error] :1:1: Premature end of file.
2026-08-10 00:22:13,569 [ERROR] LogOutputStream:75 - [STDERR_REDIRECT] 
2026-08-10 00:22:14,561 [ERROR] LogOutputStream:75 - [STDERR_REDIRECT] [Fatal Error] :1:1: Premature end of file.
2026-08-10 00:22:14,561 [ERROR] LogOutputStream:75 - [STDERR_REDIRECT] 
2026-08-10 00:22:15,562 [ERROR] LogOutputStream:75 - [STDERR_REDIRECT] [Fatal Error] :1:1: Premature end of file.
2026-08-10 00:22:15,562 [ERROR] LogOutputStream:75 - [STDERR_REDIRECT] 
2026-08-10 00:22:16,558 [ERROR] LogOutputStream:75 - [STDERR_REDIRECT] [Fatal Error] :1:1: Premature end of file.
2026-08-10 00:22:16,558 [ERROR] LogOutputStream:75 - [STDERR_REDIRECT] 
2026-08-10 00:22:17,560 [ERROR] LogOutputStream:75 - [STDERR_REDIRECT] [Fatal Error] :1:1: Premature end of file.
2026-08-10 00:22:17,560 [ERROR] LogOutputStream:75 - [STDERR_REDIRECT] 
2026-08-10 00:22:18,560 [ERROR] LogOutputStream:75 - [STDERR_REDIRECT] [Fatal Error] :1:1: Premature end of file.
2026-08-10 00:22:18,561 [ERROR] LogOutputStream:75 - [STDERR_REDIRECT] 
2026-08-10 00:22:19,563 [ERROR] LogOutputStream:75 - [STDERR_REDIRECT] [Fatal Error] :1:1: Premature end of file.
2026-08-10 00:22:19,563 [ERROR] LogOutputStream:75 - [STDERR_REDIRECT] 
2026-08-10 00:22:20,562 [ERROR] LogOutputStream:75 - [STDERR_REDIRECT] [Fatal Error] :1:1: Premature end of file.
2026-08-10 00:22:20,562 [ERROR] LogOutputStream:75 - [STDERR_REDIRECT] 
2026-08-10 00:22:21,561 [ERROR] LogOutputStream:75 - [STDERR_REDIRECT] [Fatal Error] :1:1: Premature end of file.
2026-08-10 00:22:21,562 [ERROR] LogOutputStream:75 - [STDERR_REDIRECT] 
2026-08-10 00:22:22,563 [ERROR] LogOutputStream:75 - [STDERR_REDIRECT] [Fatal Error] :1:1: Premature end of file.
2026-08-10 00:22:22,563 [ERROR] LogOutputStream:75 - [STDERR_REDIRECT] 
2026-08-10 00:22:23,561 [ERROR] LogOutputStream:75 - [STDERR_REDIRECT] [Fatal Error] :1:1: Premature end of file.
2026-08-10 00:22:23,561 [ERROR] LogOutputStream:75 - [STDERR_REDIRECT] 
2026-08-10 00:22:24,562 [ERROR] LogOutputStream:75 - [STDERR_REDIRECT] [Fatal Error] :1:1: Premature end of file.
2026-08-10 00:22:24,562 [ERROR] LogOutputStream:75 - [STDERR_REDIRECT] 
2026-08-10 00:22:25,560 [ERROR] LogOutputStream:75 - [STDERR_REDIRECT] [Fatal Error] :1:1: Premature end of file.
2026-08-10 00:22:25,560 [ERROR] LogOutputStream:75 - [STDERR_REDIRECT] 
2026-08-10 00:22:26,562 [ERROR] LogOutputStream:75 - [STDERR_REDIRECT] [Fatal Error] :1:1: Premature end of file.
2026-08-10 00:22:26,562 [ERROR] LogOutputStream:75 - [STDERR_REDIRECT] 
2026-08-10 00:22:27,561 [ERROR] LogOutputStream:75 - [STDERR_REDIRECT] [Fatal Error] :1:1: Premature end of file.
2026-08-10 00:22:27,561 [ERROR] LogOutputStream:75 - [STDERR_REDIRECT] 
2026-08-10 00:22:28,560 [ERROR] LogOutputStream:75 - [STDERR_REDIRECT] [Fatal Error] :1:1: Premature end of file.
2026-08-10 00:22:28,560 [ERROR] LogOutputStream:75 - [STDERR_REDIRECT] 
2026-08-10 00:22:29,561 [ERROR] LogOutputStream:75 - [STDERR_REDIRECT] [Fatal Error] :1:1: Premature end of file.
2026-08-10 00:22:29,561 [ERROR] LogOutputStream:75 - [STDERR_REDIRECT] 
2026-08-10 00:22:30,561 [ERROR] LogOutputStream:75 - [STDERR_REDIRECT] [Fatal Error] :1:1: Premature end of file.
2026-08-10 00:22:30,561 [ERROR] LogOutputStream:75 - [STDERR_REDIRECT] 
2026-08-10 00:22:31,560 [ERROR] LogOutputStream:75 - [STDERR_REDIRECT] [Fatal Error] :1:1: Premature end of file.
2026-08-10 00:22:31,560 [ERROR] LogOutputStream:75 - [STDERR_REDIRECT] 
2026-08-10 00:22:32,560 [ERROR] LogOutputStream:75 - [STDERR_REDIRECT] [Fatal Error] :1:1: Premature end of file.
2026-08-10 00:22:32,560 [ERROR] LogOutputStream:75 - [STDERR_REDIRECT] 
2026-08-10 00:22:33,560 [ERROR] LogOutputStream:75 - [STDERR_REDIRECT] [Fatal Error] :1:1: Premature end of file.
2026-08-10 00:22:33,560 [ERROR] LogOutputStream:75 - [STDERR_REDIRECT] 
2026-08-10 00:22:34,560 [ERROR] LogOutputStream:75 - [STDERR_REDIRECT] [Fatal Error] :1:1: Premature end of file.
2026-08-10 00:22:34,560 [ERROR] LogOutputStream:75 - [STDERR_REDIRECT] 
2026-08-10 00:22:35,561 [ERROR] LogOutputStream:75 - [STDERR_REDIRECT] [Fatal Error] :1:1: Premature end of file.
2026-08-10 00:22:35,561 [ERROR] LogOutputStream:75 - [STDERR_REDIRECT] 
2026-08-10 00:22:36,562 [ERROR] LogOutputStream:75 - [STDERR_REDIRECT] [Fatal Error] :1:1: Premature end of file.
2026-08-10 00:22:36,562 [ERROR] LogOutputStream:75 - [STDERR_REDIRECT] 
2026-08-10 00:22:37,560 [ERROR] LogOutputStream:75 - [STDERR_REDIRECT] [Fatal Error] :1:1: Premature end of file.
2026-08-10 00:22:37,560 [ERROR] LogOutputStream:75 - [STDERR_REDIRECT] 
2026-08-10 00:22:38,560 [ERROR] LogOutputStream:75 - [STDERR_REDIRECT] [Fatal Error] :1:1: Premature end of file.
2026-08-10 00:22:38,561 [ERROR] LogOutputStream:75 - [STDERR_REDIRECT] 
2026-08-10 00:22:39,560 [ERROR] LogOutputStream:75 - [STDERR_REDIRECT] [Fatal Error] :1:1: Premature end of file.
2026-08-10 00:22:39,560 [ERROR] LogOutputStream:75 - [STDERR_REDIRECT] 
2026-08-10 00:22:40,562 [ERROR] LogOutputStream:75 - [STDERR_REDIRECT] [Fatal Error] :1:1: Premature end of file.
2026-08-10 00:22:40,562 [ERROR] LogOutputStream:75 - [STDERR_REDIRECT] 
2026-08-10 00:22:41,560 [ERROR] LogOutputStream:75 - [STDERR_REDIRECT] [Fatal Error] :1:1: Premature end of file.
2026-08-10 00:22:41,560 [ERROR] LogOutputStream:75 - [STDERR_REDIRECT] 
2026-08-10 00:22:42,562 [ERROR] LogOutputStream:75 - [STDERR_REDIRECT] [Fatal Error] :1:1: Premature end of file.
2026-08-10 00:22:42,562 [ERROR] LogOutputStream:75 - [STDERR_REDIRECT] 
2026-08-10 00:22:43,560 [ERROR] LogOutputStream:75 - [STDERR_REDIRECT] [Fatal Error] :1:1: Premature end of file.
2026-08-10 00:22:43,560 [ERROR] LogOutputStream:75 - [STDERR_REDIRECT] 
2026-08-10 00:22:44,563 [ERROR] LogOutputStream:75 - [STDERR_REDIRECT] [Fatal Error] :1:1: Premature end of file.
2026-08-10 00:22:44,563 [ERROR] LogOutputStream:75 - [STDERR_REDIRECT] 
2026-08-10 00:22:45,561 [ERROR] LogOutputStream:75 - [STDERR_REDIRECT] [Fatal Error] :1:1: Premature end of file.
2026-08-10 00:22:45,561 [ERROR] LogOutputStream:75 - [STDERR_REDIRECT] 
2026-08-10 00:22:46,556 [ERROR] LogOutputStream:75 - [STDERR_REDIRECT] [Fatal Error] :1:1: Premature end of file.
2026-08-10 00:22:46,556 [ERROR] LogOutputStream:75 - [STDERR_REDIRECT] 
2026-08-10 00:22:47,557 [ERROR] LogOutputStream:75 - [STDERR_REDIRECT] [Fatal Error] :1:1: Premature end of file.
2026-08-10 00:22:47,557 [ERROR] LogOutputStream:75 - [STDERR_REDIRECT] 
2026-08-10 00:22:48,561 [ERROR] LogOutputStream:75 - [STDERR_REDIRECT] [Fatal Error] :1:1: Premature end of file.
2026-08-10 00:22:48,561 [ERROR] LogOutputStream:75 - [STDERR_REDIRECT] 
2026-08-10 00:22:49,562 [ERROR] LogOutputStream:75 - [STDERR_REDIRECT] [Fatal Error] :1:1: Premature end of file.
2026-08-10 00:22:49,562 [ERROR] LogOutputStream:75 - [STDERR_REDIRECT] 
2026-08-10 00:22:50,569 [ERROR] LogOutputStream:75 - [STDERR_REDIRECT] [Fatal Error] :1:1: Premature end of file.
2026-08-10 00:22:50,569 [ERROR] LogOutputStream:75 - [STDERR_REDIRECT] 
2026-08-10 00:22:51,554 [ERROR] LogOutputStream:75 - [STDERR_REDIRECT] [Fatal Error] :1:1: Premature end of file.
2026-08-10 00:22:51,554 [ERROR] LogOutputStream:75 - [STDERR_REDIRECT] 
2026-08-10 00:22:52,562 [ERROR] LogOutputStream:75 - [STDERR_REDIRECT] [Fatal Error] :1:1: Premature end of file.
2026-08-10 00:22:52,562 [ERROR] LogOutputStream:75 - [STDERR_REDIRECT] 
2026-08-10 00:22:53,569 [ERROR] LogOutputStream:75 - [STDERR_REDIRECT] [Fatal Error] :1:1: Premature end of file.
2026-08-10 00:22:53,569 [ERROR] LogOutputStream:75 - [STDERR_REDIRECT] 
2026-08-10 00:22:54,555 [ERROR] LogOutputStream:75 - [STDERR_REDIRECT] [Fatal Error] :1:1: Premature end of file.
2026-08-10 00:22:54,555 [ERROR] LogOutputStream:75 - [STDERR_REDIRECT] 
2026-08-10 00:22:55,563 [ERROR] LogOutputStream:75 - [STDERR_REDIRECT] [Fatal Error] :1:1: Premature end of file.
2026-08-10 00:22:55,563 [ERROR] LogOutputStream:75 - [STDERR_REDIRECT] 
2026-08-10 00:22:56,551 [ERROR] LogOutputStream:75 - [STDERR_REDIRECT] [Fatal Error] :1:1: Premature end of file.
2026-08-10 00:22:56,551 [ERROR] LogOutputStream:75 - [STDERR_REDIRECT] 
2026-08-10 00:22:57,559 [ERROR] LogOutputStream:75 - [STDERR_REDIRECT] [Fatal Error] :1:1: Premature end of file.
2026-08-10 00:22:57,559 [ERROR] LogOutputStream:75 - [STDERR_REDIRECT] 
2026-08-10 00:22:58,562 [ERROR] LogOutputStream:75 - [STDERR_REDIRECT] [Fatal Error] :1:1: Premature end of file.
2026-08-10 00:22:58,562 [ERROR] LogOutputStream:75 - [STDERR_REDIRECT] 
2026-08-10 00:22:59,569 [ERROR] LogOutputStream:75 - [STDERR_REDIRECT] [Fatal Error] :1:1: Premature end of file.
2026-08-10 00:22:59,569 [ERROR] LogOutputStream:75 - [STDERR_REDIRECT] 
2026-08-10 00:23:00,574 [ERROR] LogOutputStream:75 - [STDERR_REDIRECT] [Fatal Error] :1:1: Premature end of file.
2026-08-10 00:23:00,574 [ERROR] LogOutputStream:75 - [STDERR_REDIRECT] 
2026-08-10 00:23:01,550 [ERROR] LogOutputStream:75 - [STDERR_REDIRECT] [Fatal Error] :1:1: Premature end of file.
2026-08-10 00:23:01,550 [ERROR] LogOutputStream:75 - [STDERR_REDIRECT] 
2026-08-10 00:23:02,569 [ERROR] LogOutputStream:75 - [STDERR_REDIRECT] [Fatal Error] :1:1: Premature end of file.
2026-08-10 00:23:02,569 [ERROR] LogOutputStream:75 - [STDERR_REDIRECT] 
2026-08-10 00:23:03,553 [ERROR] LogOutputStream:75 - [STDERR_REDIRECT] [Fatal Error] :1:1: Premature end of file.
2026-08-10 00:23:03,553 [ERROR] LogOutputStream:75 - [STDERR_REDIRECT] 
2026-08-10 00:23:04,551 [ERROR] LogOutputStream:75 - [STDERR_REDIRECT] [Fatal Error] :1:1: Premature end of file.
2026-08-10 00:23:04,551 [ERROR] LogOutputStream:75 - [STDERR_REDIRECT] 
2026-08-10 00:23:05,572 [ERROR] LogOutputStream:75 - [STDERR_REDIRECT] [Fatal Error] :1:1: Premature end of file.
2026-08-10 00:23:05,572 [ERROR] LogOutputStream:75 - [STDERR_REDIRECT] 
2026-08-10 00:23:06,551 [ERROR] LogOutputStream:75 - [STDERR_REDIRECT] [Fatal Error] :1:1: Premature end of file.
2026-08-10 00:23:06,551 [ERROR] LogOutputStream:75 - [STDERR_REDIRECT] 
2026-08-10 00:23:07,559 [ERROR] LogOutputStream:75 - [STDERR_REDIRECT] [Fatal Error] :1:1: Premature end of file.
2026-08-10 00:23:07,559 [ERROR] LogOutputStream:75 - [STDERR_REDIRECT] 
2026-08-10 00:23:08,570 [ERROR] LogOutputStream:75 - [STDERR_REDIRECT] [Fatal Error] :1:1: Premature end of file.
2026-08-10 00:23:08,570 [ERROR] LogOutputStream:75 - [STDERR_REDIRECT] 
2026-08-10 00:23:09,588 [ERROR] LogOutputStream:75 - [STDERR_REDIRECT] [Fatal Error] :1:1: Premature end of file.
2026-08-10 00:23:09,588 [ERROR] LogOutputStream:75 - [STDERR_REDIRECT] 
2026-08-10 00:23:10,582 [ERROR] LogOutputStream:75 - [STDERR_REDIRECT] [Fatal Error] :1:1: Premature end of file.
2026-08-10 00:23:10,582 [ERROR] LogOutputStream:75 - [STDERR_REDIRECT] 
2026-08-10 00:23:11,585 [ERROR] LogOutputStream:75 - [STDERR_REDIRECT] [Fatal Error] :1:1: Premature end of file.
2026-08-10 00:23:11,585 [ERROR] LogOutputStream:75 - [STDERR_REDIRECT] 
2026-08-10 00:23:12,557 [ERROR] LogOutputStream:75 - [STDERR_REDIRECT] [Fatal Error] :1:1: Premature end of file.
2026-08-10 00:23:12,557 [ERROR] LogOutputStream:75 - [STDERR_REDIRECT] 
2026-08-10 00:23:13,561 [ERROR] LogOutputStream:75 - [STDERR_REDIRECT] [Fatal Error] :1:1: Premature end of file.
2026-08-10 00:23:13,561 [ERROR] LogOutputStream:75 - [STDERR_REDIRECT] 
2026-08-10 00:23:14,570 [ERROR] LogOutputStream:75 - [STDERR_REDIRECT] [Fatal Error] :1:1: Premature end of file.
2026-08-10 00:23:14,570 [ERROR] LogOutputStream:75 - [STDERR_REDIRECT] 
2026-08-10 00:23:15,551 [ERROR] LogOutputStream:75 - [STDERR_REDIRECT] [Fatal Error] :1:1: Premature end of file.
2026-08-10 00:23:15,551 [ERROR] LogOutputStream:75 - [STDERR_REDIRECT] 
2026-08-10 00:23:16,564 [ERROR] LogOutputStream:75 - [STDERR_REDIRECT] [Fatal Error] :1:1: Premature end of file.
2026-08-10 00:23:16,564 [ERROR] LogOutputStream:75 - [STDERR_REDIRECT] 
2026-08-10 00:23:17,572 [ERROR] LogOutputStream:75 - [STDERR_REDIRECT] [Fatal Error] :1:1: Premature end of file.
2026-08-10 00:23:17,572 [ERROR] LogOutputStream:75 - [STDERR_REDIRECT] 
2026-08-10 00:23:18,550 [ERROR] LogOutputStream:75 - [STDERR_REDIRECT] [Fatal Error] :1:1: Premature end of file.
2026-08-10 00:23:18,550 [ERROR] LogOutputStream:75 - [STDERR_REDIRECT] 
2026-08-10 00:23:19,559 [ERROR] LogOutputStream:75 - [STDERR_REDIRECT] [Fatal Error] :1:1: Premature end of file.
2026-08-10 00:23:19,559 [ERROR] LogOutputStream:75 - [STDERR_REDIRECT] 
2026-08-10 00:23:20,570 [ERROR] LogOutputStream:75 - [STDERR_REDIRECT] [Fatal Error] :1:1: Premature end of file.
2026-08-10 00:23:20,570 [ERROR] LogOutputStream:75 - [STDERR_REDIRECT] 
2026-08-10 00:23:21,552 [ERROR] LogOutputStream:75 - [STDERR_REDIRECT] [Fatal Error] :1:1: Premature end of file.
2026-08-10 00:23:21,552 [ERROR] LogOutputStream:75 - [STDERR_REDIRECT] 
2026-08-10 00:23:22,561 [ERROR] LogOutputStream:75 - [STDERR_REDIRECT] [Fatal Error] :1:1: Premature end of file.
2026-08-10 00:23:22,561 [ERROR] LogOutputStream:75 - [STDERR_REDIRECT] 
2026-08-10 00:23:23,570 [ERROR] LogOutputStream:75 - [STDERR_REDIRECT] [Fatal Error] :1:1: Premature end of file.
2026-08-10 00:23:23,570 [ERROR] LogOutputStream:75 - [STDERR_REDIRECT] 
2026-08-10 00:23:24,554 [ERROR] LogOutputStream:75 - [STDERR_REDIRECT] [Fatal Error] :1:1: Premature end of file.
2026-08-10 00:23:24,554 [ERROR] LogOutputStream:75 - [STDERR_REDIRECT] 
2026-08-10 00:23:25,561 [ERROR] LogOutputStream:75 - [STDERR_REDIRECT] [Fatal Error] :1:1: Premature end of file.
2026-08-10 00:23:25,561 [ERROR] LogOutputStream:75 - [STDERR_REDIRECT] 
2026-08-10 00:23:26,570 [ERROR] LogOutputStream:75 - [STDERR_REDIRECT] [Fatal Error] :1:1: Premature end of file.
2026-08-10 00:23:26,570 [ERROR] LogOutputStream:75 - [STDERR_REDIRECT] 
2026-08-10 00:23:27,562 [ERROR] LogOutputStream:75 - [STDERR_REDIRECT] [Fatal Error] :1:1: Premature end of file.
2026-08-10 00:23:27,562 [ERROR] LogOutputStream:75 - [STDERR_REDIRECT] 
2026-08-10 00:23:28,553 [ERROR] LogOutputStream:75 - [STDERR_REDIRECT] [Fatal Error] :1:1: Premature end of file.
2026-08-10 00:23:28,553 [ERROR] LogOutputStream:75 - [STDERR_REDIRECT] 
2026-08-10 00:23:29,560 [ERROR] LogOutputStream:75 - [STDERR_REDIRECT] [Fatal Error] :1:1: Premature end of file.
2026-08-10 00:23:29,560 [ERROR] LogOutputStream:75 - [STDERR_REDIRECT] 
2026-08-10 00:23:30,556 [ERROR] LogOutputStream:75 - [STDERR_REDIRECT] [Fatal Error] :1:1: Premature end of file.
2026-08-10 00:23:30,556 [ERROR] LogOutputStream:75 - [STDERR_REDIRECT] 
2026-08-10 00:23:31,562 [ERROR] LogOutputStream:75 - [STDERR_REDIRECT] [Fatal Error] :1:1: Premature end of file.
2026-08-10 00:23:31,562 [ERROR] LogOutputStream:75 - [STDERR_REDIRECT] 
2026-08-10 00:23:32,570 [ERROR] LogOutputStream:75 - [STDERR_REDIRECT] [Fatal Error] :1:1: Premature end of file.
2026-08-10 00:23:32,570 [ERROR] LogOutputStream:75 - [STDERR_REDIRECT] 
2026-08-10 00:23:33,555 [ERROR] LogOutputStream:75 - [STDERR_REDIRECT] [Fatal Error] :1:1: Premature end of file.
2026-08-10 00:23:33,555 [ERROR] LogOutputStream:75 - [STDERR_REDIRECT] 
2026-08-10 00:23:34,561 [ERROR] LogOutputStream:75 - [STDERR_REDIRECT] [Fatal Error] :1:1: Premature end of file.
2026-08-10 00:23:34,561 [ERROR] LogOutputStream:75 - [STDERR_REDIRECT] 
2026-08-10 00:23:35,570 [ERROR] LogOutputStream:75 - [STDERR_REDIRECT] [Fatal Error] :1:1: Premature end of file.
2026-08-10 00:23:35,570 [ERROR] LogOutputStream:75 - [STDERR_REDIRECT] 
2026-08-10 00:23:36,551 [ERROR] LogOutputStream:75 - [STDERR_REDIRECT] [Fatal Error] :1:1: Premature end of file.
2026-08-10 00:23:36,551 [ERROR] LogOutputStream:75 - [STDERR_REDIRECT] 
2026-08-10 00:23:37,561 [ERROR] LogOutputStream:75 - [STDERR_REDIRECT] [Fatal Error] :1:1: Premature end of file.
2026-08-10 00:23:37,561 [ERROR] LogOutputStream:75 - [STDERR_REDIRECT] 
2026-08-10 00:23:38,570 [ERROR] LogOutputStream:75 - [STDERR_REDIRECT] [Fatal Error] :1:1: Premature end of file.
2026-08-10 00:23:38,570 [ERROR] LogOutputStream:75 - [STDERR_REDIRECT] 
2026-08-10 00:23:39,556 [ERROR] LogOutputStream:75 - [STDERR_REDIRECT] [Fatal Error] :1:1: Premature end of file.
2026-08-10 00:23:39,556 [ERROR] LogOutputStream:75 - [STDERR_REDIRECT] 
2026-08-10 00:23:40,561 [ERROR] LogOutputStream:75 - [STDERR_REDIRECT] [Fatal Error] :1:1: Premature end of file.
2026-08-10 00:23:40,561 [ERROR] LogOutputStream:75 - [STDERR_REDIRECT] 
2026-08-10 00:23:41,570 [ERROR] LogOutputStream:75 - [STDERR_REDIRECT] [Fatal Error] :1:1: Premature end of file.
2026-08-10 00:23:41,570 [ERROR] LogOutputStream:75 - [STDERR_REDIRECT] 
2026-08-10 00:23:42,553 [ERROR] LogOutputStream:75 - [STDERR_REDIRECT] [Fatal Error] :1:1: Premature end of file.
2026-08-10 00:23:42,553 [ERROR] LogOutputStream:75 - [STDERR_REDIRECT] 
2026-08-10 00:23:43,556 [ERROR] LogOutputStream:75 - [STDERR_REDIRECT] [Fatal Error] :1:1: Premature end of file.
2026-08-10 00:23:43,556 [ERROR] LogOutputStream:75 - [STDERR_REDIRECT] 
2026-08-10 00:23:44,570 [ERROR] LogOutputStream:75 - [STDERR_REDIRECT] [Fatal Error] :1:1: Premature end of file.
2026-08-10 00:23:44,570 [ERROR] LogOutputStream:75 - [STDERR_REDIRECT] 
2026-08-10 00:23:45,554 [ERROR] LogOutputStream:75 - [STDERR_REDIRECT] [Fatal Error] :1:1: Premature end of file.
2026-08-10 00:23:45,554 [ERROR] LogOutputStream:75 - [STDERR_REDIRECT] 
2026-08-10 00:23:46,560 [ERROR] LogOutputStream:75 - [STDERR_REDIRECT] [Fatal Error] :1:1: Premature end of file.
2026-08-10 00:23:46,560 [ERROR] LogOutputStream:75 - [STDERR_REDIRECT] 
2026-08-10 00:23:47,570 [ERROR] LogOutputStream:75 - [STDERR_REDIRECT] [Fatal Error] :1:1: Premature end of file.
2026-08-10 00:23:47,570 [ERROR] LogOutputStream:75 - [STDERR_REDIRECT] 
2026-08-10 00:23:48,550 [ERROR] LogOutputStream:75 - [STDERR_REDIRECT] [Fatal Error] :1:1: Premature end of file.
2026-08-10 00:23:48,550 [ERROR] LogOutputStream:75 - [STDERR_REDIRECT] 
2026-08-10 00:23:49,563 [ERROR] LogOutputStream:75 - [STDERR_REDIRECT] [Fatal Error] :1:1: Premature end of file.
2026-08-10 00:23:49,563 [ERROR] LogOutputStream:75 - [STDERR_REDIRECT] 
2026-08-10 00:23:50,554 [ERROR] LogOutputStream:75 - [STDERR_REDIRECT] [Fatal Error] :1:1: Premature end of file.
2026-08-10 00:23:50,554 [ERROR] LogOutputStream:75 - [STDERR_REDIRECT] 
2026-08-10 00:23:51,562 [ERROR] LogOutputStream:75 - [STDERR_REDIRECT] [Fatal Error] :1:1: Premature end of file.
2026-08-10 00:23:51,562 [ERROR] LogOutputStream:75 - [STDERR_REDIRECT] 
2026-08-10 00:23:52,561 [ERROR] LogOutputStream:75 - [STDERR_REDIRECT] [Fatal Error] :1:1: Premature end of file.
2026-08-10 00:23:52,561 [ERROR] LogOutputStream:75 - [STDERR_REDIRECT] 
2026-08-10 00:23:53,560 [ERROR] LogOutputStream:75 - [STDERR_REDIRECT] [Fatal Error] :1:1: Premature end of file.
2026-08-10 00:23:53,560 [ERROR] LogOutputStream:75 - [STDERR_REDIRECT] 
2026-08-10 00:23:54,560 [ERROR] LogOutputStream:75 - [STDERR_REDIRECT] [Fatal Error] :1:1: Premature end of file.
2026-08-10 00:23:54,560 [ERROR] LogOutputStream:75 - [STDERR_REDIRECT] 
2026-08-10 00:23:55,562 [ERROR] LogOutputStream:75 - [STDERR_REDIRECT] [Fatal Error] :1:1: Premature end of file.
2026-08-10 00:23:55,562 [ERROR] LogOutputStream:75 - [STDERR_REDIRECT] 
2026-08-10 00:23:56,573 [ERROR] LogOutputStream:75 - [STDERR_REDIRECT] [Fatal Error] :1:1: Premature end of file.
2026-08-10 00:23:56,573 [ERROR] LogOutputStream:75 - [STDERR_REDIRECT] 
2026-08-10 00:23:57,551 [ERROR] LogOutputStream:75 - [STDERR_REDIRECT] [Fatal Error] :1:1: Premature end of file.
2026-08-10 00:23:57,551 [ERROR] LogOutputStream:75 - [STDERR_REDIRECT] 
2026-08-10 00:23:58,566 [ERROR] LogOutputStream:75 - [STDERR_REDIRECT] [Fatal Error] :1:1: Premature end of file.
2026-08-10 00:23:58,566 [ERROR] LogOutputStream:75 - [STDERR_REDIRECT] 
2026-08-10 00:23:59,555 [ERROR] LogOutputStream:75 - [STDERR_REDIRECT] [Fatal Error] :1:1: Premature end of file.
2026-08-10 00:23:59,555 [ERROR] LogOutputStream:75 - [STDERR_REDIRECT] 
2026-08-10 00:24:00,571 [ERROR] LogOutputStream:75 - [STDERR_REDIRECT] [Fatal Error] :1:1: Premature end of file.
2026-08-10 00:24:00,571 [ERROR] LogOutputStream:75 - [STDERR_REDIRECT] 
2026-08-10 00:24:01,553 [ERROR] LogOutputStream:75 - [STDERR_REDIRECT] [Fatal Error] :1:1: Premature end of file.
2026-08-10 00:24:01,553 [ERROR] LogOutputStream:75 - [STDERR_REDIRECT] 
2026-08-10 00:24:02,552 [ERROR] LogOutputStream:75 - [STDERR_REDIRECT] [Fatal Error] :1:1: Premature end of file.
2026-08-10 00:24:02,552 [ERROR] LogOutputStream:75 - [STDERR_REDIRECT] 
2026-08-10 00:24:03,562 [ERROR] LogOutputStream:75 - [STDERR_REDIRECT] [Fatal Error] :1:1: Premature end of file.
2026-08-10 00:24:03,562 [ERROR] LogOutputStream:75 - [STDERR_REDIRECT] 
2026-08-10 00:24:04,561 [ERROR] LogOutputStream:75 - [STDERR_REDIRECT] [Fatal Error] :1:1: Premature end of file.
2026-08-10 00:24:04,561 [ERROR] LogOutputStream:75 - [STDERR_REDIRECT] 
2026-08-10 00:24:05,570 [ERROR] LogOutputStream:75 - [STDERR_REDIRECT] [Fatal Error] :1:1: Premature end of file.
2026-08-10 00:24:05,570 [ERROR] LogOutputStream:75 - [STDERR_REDIRECT] 
2026-08-10 00:24:06,554 [ERROR] LogOutputStream:75 - [STDERR_REDIRECT] [Fatal Error] :1:1: Premature end of file.
2026-08-10 00:24:06,554 [ERROR] LogOutputStream:75 - [STDERR_REDIRECT] 
2026-08-10 00:24:07,565 [ERROR] LogOutputStream:75 - [STDERR_REDIRECT] [Fatal Error] :1:1: Premature end of file.
2026-08-10 00:24:07,565 [ERROR] LogOutputStream:75 - [STDERR_REDIRECT] 
2026-08-10 00:24:08,571 [ERROR] LogOutputStream:75 - [STDERR_REDIRECT] [Fatal Error] :1:1: Premature end of file.
2026-08-10 00:24:08,571 [ERROR] LogOutputStream:75 - [STDERR_REDIRECT] 
2026-08-10 00:24:09,552 [ERROR] LogOutputStream:75 - [STDERR_REDIRECT] [Fatal Error] :1:1: Premature end of file.
2026-08-10 00:24:09,552 [ERROR] LogOutputStream:75 - [STDERR_REDIRECT] 
2026-08-10 00:24:10,563 [ERROR] LogOutputStream:75 - [STDERR_REDIRECT] [Fatal Error] :1:1: Premature end of file.
2026-08-10 00:24:10,563 [ERROR] LogOutputStream:75 - [STDERR_REDIRECT] 
2026-08-10 00:24:11,555 [ERROR] LogOutputStream:75 - [STDERR_REDIRECT] [Fatal Error] :1:1: Premature end of file.
2026-08-10 00:24:11,555 [ERROR] LogOutputStream:75 - [STDERR_REDIRECT] 
2026-08-10 00:24:12,560 [ERROR] LogOutputStream:75 - [STDERR_REDIRECT] [Fatal Error] :1:1: Premature end of file.
2026-08-10 00:24:12,560 [ERROR] LogOutputStream:75 - [STDERR_REDIRECT] 
2026-08-10 00:24:13,561 [ERROR] LogOutputStream:75 - [STDERR_REDIRECT] [Fatal Error] :1:1: Premature end of file.
2026-08-10 00:24:13,561 [ERROR] LogOutputStream:75 - [STDERR_REDIRECT] 
2026-08-10 00:24:14,571 [ERROR] LogOutputStream:75 - [STDERR_REDIRECT] [Fatal Error] :1:1: Premature end of file.
2026-08-10 00:24:14,571 [ERROR] LogOutputStream:75 - [STDERR_REDIRECT] 
2026-08-10 00:24:15,551 [ERROR] LogOutputStream:75 - [STDERR_REDIRECT] [Fatal Error] :1:1: Premature end of file.
2026-08-10 00:24:15,551 [ERROR] LogOutputStream:75 - [STDERR_REDIRECT] 
2026-08-10 00:24:16,561 [ERROR] LogOutputStream:75 - [STDERR_REDIRECT] [Fatal Error] :1:1: Premature end of file.
2026-08-10 00:24:16,561 [ERROR] LogOutputStream:75 - [STDERR_REDIRECT] 
2026-08-10 00:24:17,573 [ERROR] LogOutputStream:75 - [STDERR_REDIRECT] [Fatal Error] :1:1: Premature end of file.
2026-08-10 00:24:17,573 [ERROR] LogOutputStream:75 - [STDERR_REDIRECT] 
2026-08-10 00:24:18,549 [ERROR] LogOutputStream:75 - [STDERR_REDIRECT] [Fatal Error] :1:1: Premature end of file.
2026-08-10 00:24:18,549 [ERROR] LogOutputStream:75 - [STDERR_REDIRECT] 
2026-08-10 00:24:19,561 [ERROR] LogOutputStream:75 - [STDERR_REDIRECT] [Fatal Error] :1:1: Premature end of file.
2026-08-10 00:24:19,561 [ERROR] LogOutputStream:75 - [STDERR_REDIRECT] 
2026-08-10 00:24:20,571 [ERROR] LogOutputStream:75 - [STDERR_REDIRECT] [Fatal Error] :1:1: Premature end of file.
2026-08-10 00:24:20,571 [ERROR] LogOutputStream:75 - [STDERR_REDIRECT] 
2026-08-10 00:24:21,554 [ERROR] LogOutputStream:75 - [STDERR_REDIRECT] [Fatal Error] :1:1: Premature end of file.
2026-08-10 00:24:21,554 [ERROR] LogOutputStream:75 - [STDERR_REDIRECT] 
2026-08-10 00:24:22,562 [ERROR] LogOutputStream:75 - [STDERR_REDIRECT] [Fatal Error] :1:1: Premature end of file.
2026-08-10 00:24:22,562 [ERROR] LogOutputStream:75 - [STDERR_REDIRECT] 
2026-08-10 00:24:23,571 [ERROR] LogOutputStream:75 - [STDERR_REDIRECT] [Fatal Error] :1:1: Premature end of file.
2026-08-10 00:24:23,571 [ERROR] LogOutputStream:75 - [STDERR_REDIRECT] 
2026-08-10 00:24:24,552 [ERROR] LogOutputStream:75 - [STDERR_REDIRECT] [Fatal Error] :1:1: Premature end of file.
2026-08-10 00:24:24,552 [ERROR] LogOutputStream:75 - [STDERR_REDIRECT] 
2026-08-10 00:24:25,562 [ERROR] LogOutputStream:75 - [STDERR_REDIRECT] [Fatal Error] :1:1: Premature end of file.
2026-08-10 00:24:25,562 [ERROR] LogOutputStream:75 - [STDERR_REDIRECT] 
2026-08-10 00:24:26,560 [ERROR] LogOutputStream:75 - [STDERR_REDIRECT] [Fatal Error] :1:1: Premature end of file.
2026-08-10 00:24:26,571 [ERROR] LogOutputStream:75 - [STDERR_REDIRECT] 
2026-08-10 00:24:27,550 [ERROR] LogOutputStream:75 - [STDERR_REDIRECT] [Fatal Error] :1:1: Premature end of file.
2026-08-10 00:24:27,550 [ERROR] LogOutputStream:75 - [STDERR_REDIRECT] 
2026-08-10 00:24:28,561 [ERROR] LogOutputStream:75 - [STDERR_REDIRECT] [Fatal Error] :1:1: Premature end of file.
2026-08-10 00:24:28,561 [ERROR] LogOutputStream:75 - [STDERR_REDIRECT] 
2026-08-10 00:24:29,571 [ERROR] LogOutputStream:75 - [STDERR_REDIRECT] [Fatal Error] :1:1: Premature end of file.
2026-08-10 00:24:29,571 [ERROR] LogOutputStream:75 - [STDERR_REDIRECT] 
2026-08-10 00:24:30,552 [ERROR] LogOutputStream:75 - [STDERR_REDIRECT] [Fatal Error] :1:1: Premature end of file.
2026-08-10 00:24:30,552 [ERROR] LogOutputStream:75 - [STDERR_REDIRECT] 
2026-08-10 00:24:31,562 [ERROR] LogOutputStream:75 - [STDERR_REDIRECT] [Fatal Error] :1:1: Premature end of file.
2026-08-10 00:24:31,562 [ERROR] LogOutputStream:75 - [STDERR_REDIRECT] 
2026-08-10 00:24:32,559 [ERROR] LogOutputStream:75 - [STDERR_REDIRECT] [Fatal Error] :1:1: Premature end of file.
2026-08-10 00:24:32,559 [ERROR] LogOutputStream:75 - [STDERR_REDIRECT] 
2026-08-10 00:24:33,551 [ERROR] LogOutputStream:75 - [STDERR_REDIRECT] [Fatal Error] :1:1: Premature end of file.
2026-08-10 00:24:33,551 [ERROR] LogOutputStream:75 - [STDERR_REDIRECT] 
2026-08-10 00:24:34,561 [ERROR] LogOutputStream:75 - [STDERR_REDIRECT] [Fatal Error] :1:1: Premature end of file.
2026-08-10 00:24:34,561 [ERROR] LogOutputStream:75 - [STDERR_REDIRECT] 
2026-08-10 00:24:35,571 [ERROR] LogOutputStream:75 - [STDERR_REDIRECT] [Fatal Error] :1:1: Premature end of file.
2026-08-10 00:24:35,571 [ERROR] LogOutputStream:75 - [STDERR_REDIRECT] 
2026-08-10 00:24:36,553 [ERROR] LogOutputStream:75 - [STDERR_REDIRECT] [Fatal Error] :1:1: Premature end of file.
2026-08-10 00:24:36,553 [ERROR] LogOutputStream:75 - [STDERR_REDIRECT] 
2026-08-10 00:24:37,555 [ERROR] LogOutputStream:75 - [STDERR_REDIRECT] [Fatal Error] :1:1: Premature end of file.
2026-08-10 00:24:37,555 [ERROR] LogOutputStream:75 - [STDERR_REDIRECT] 
2026-08-10 00:24:38,571 [ERROR] LogOutputStream:75 - [STDERR_REDIRECT] [Fatal Error] :1:1: Premature end of file.
2026-08-10 00:24:38,571 [ERROR] LogOutputStream:75 - [STDERR_REDIRECT] 
2026-08-10 00:24:39,560 [ERROR] LogOutputStream:75 - [STDERR_REDIRECT] [Fatal Error] :1:1: Premature end of file.
2026-08-10 00:24:39,560 [ERROR] LogOutputStream:75 - [STDERR_REDIRECT] 
2026-08-10 00:24:40,552 [ERROR] LogOutputStream:75 - [STDERR_REDIRECT] [Fatal Error] :1:1: Premature end of file.
2026-08-10 00:24:40,552 [ERROR] LogOutputStream:75 - [STDERR_REDIRECT] 
2026-08-10 00:24:41,559 [ERROR] LogOutputStream:75 - [STDERR_REDIRECT] [Fatal Error] :1:1: Premature end of file.
2026-08-10 00:24:41,559 [ERROR] LogOutputStream:75 - [STDERR_REDIRECT] 
2026-08-10 00:24:42,560 [ERROR] LogOutputStream:75 - [STDERR_REDIRECT] [Fatal Error] :1:1: Premature end of file.
2026-08-10 00:24:42,560 [ERROR] LogOutputStream:75 - [STDERR_REDIRECT] 
2026-08-10 00:24:43,564 [ERROR] LogOutputStream:75 - [STDERR_REDIRECT] [Fatal Error] :1:1: Premature end of file.
2026-08-10 00:24:43,564 [ERROR] LogOutputStream:75 - [STDERR_REDIRECT] 
2026-08-10 00:24:44,571 [ERROR] LogOutputStream:75 - [STDERR_REDIRECT] [Fatal Error] :1:1: Premature end of file.
2026-08-10 00:24:44,571 [ERROR] LogOutputStream:75 - [STDERR_REDIRECT] 
2026-08-10 00:24:45,554 [ERROR] LogOutputStream:75 - [STDERR_REDIRECT] [Fatal Error] :1:1: Premature end of file.
2026-08-10 00:24:45,554 [ERROR] LogOutputStream:75 - [STDERR_REDIRECT] 
2026-08-10 00:24:46,573 [ERROR] LogOutputStream:75 - [STDERR_REDIRECT] [Fatal Error] :1:1: Premature end of file.
2026-08-10 00:24:46,573 [ERROR] LogOutputStream:75 - [STDERR_REDIRECT] 
2026-08-10 00:24:47,561 [ERROR] LogOutputStream:75 - [STDERR_REDIRECT] [Fatal Error] :1:1: Premature end of file.
2026-08-10 00:24:47,561 [ERROR] LogOutputStream:75 - [STDERR_REDIRECT] 
2026-08-10 00:24:48,560 [ERROR] LogOutputStream:75 - [STDERR_REDIRECT] [Fatal Error] :1:1: Premature end of file.
2026-08-10 00:24:48,560 [ERROR] LogOutputStream:75 - [STDERR_REDIRECT] 
2026-08-10 00:24:49,563 [ERROR] LogOutputStream:75 - [STDERR_REDIRECT] [Fatal Error] :1:1: Premature end of file.
2026-08-10 00:24:49,563 [ERROR] LogOutputStream:75 - [STDERR_REDIRECT] 
2026-08-10 00:24:50,565 [ERROR] LogOutputStream:75 - [STDERR_REDIRECT] [Fatal Error] :1:1: Premature end of file.
2026-08-10 00:24:50,565 [ERROR] LogOutputStream:75 - [STDERR_REDIRECT] 
2026-08-10 00:24:51,560 [ERROR] LogOutputStream:75 - [STDERR_REDIRECT] [Fatal Error] :1:1: Premature end of file.
2026-08-10 00:24:51,560 [ERROR] LogOutputStream:75 - [STDERR_REDIRECT] 
2026-08-10 00:24:52,562 [ERROR] LogOutputStream:75 - [STDERR_REDIRECT] [Fatal Error] :1:1: Premature end of file.
2026-08-10 00:24:52,563 [ERROR] LogOutputStream:75 - [STDERR_REDIRECT] 
2026-08-10 00:24:53,566 [ERROR] LogOutputStream:75 - [STDERR_REDIRECT] [Fatal Error] :1:1: Premature end of file.
2026-08-10 00:24:53,567 [ERROR] LogOutputStream:75 - [STDERR_REDIRECT] 
2026-08-10 00:24:54,567 [ERROR] LogOutputStream:75 - [STDERR_REDIRECT] [Fatal Error] :1:1: Premature end of file.
2026-08-10 00:24:54,567 [ERROR] LogOutputStream:75 - [STDERR_REDIRECT] 
2026-08-10 00:24:55,566 [ERROR] LogOutputStream:75 - [STDERR_REDIRECT] [Fatal Error] :1:1: Premature end of file.
2026-08-10 00:24:55,566 [ERROR] LogOutputStream:75 - [STDERR_REDIRECT] 
2026-08-10 00:24:56,565 [ERROR] LogOutputStream:75 - [STDERR_REDIRECT] [Fatal Error] :1:1: Premature end of file.
2026-08-10 00:24:56,565 [ERROR] LogOutputStream:75 - [STDERR_REDIRECT] 
2026-08-10 00:24:57,565 [ERROR] LogOutputStream:75 - [STDERR_REDIRECT] [Fatal Error] :1:1: Premature end of file.
2026-08-10 00:24:57,565 [ERROR] LogOutputStream:75 - [STDERR_REDIRECT] 
2026-08-10 00:24:58,565 [ERROR] LogOutputStream:75 - [STDERR_REDIRECT] [Fatal Error] :1:1: Premature end of file.
2026-08-10 00:24:58,565 [ERROR] LogOutputStream:75 - [STDERR_REDIRECT] 
2026-08-10 00:24:59,565 [ERROR] LogOutputStream:75 - [STDERR_REDIRECT] [Fatal Error] :1:1: Premature end of file.
2026-08-10 00:24:59,565 [ERROR] LogOutputStream:75 - [STDERR_REDIRECT] 
2026-08-10 00:25:00,567 [ERROR] LogOutputStream:75 - [STDERR_REDIRECT] [Fatal Error] :1:1: Premature end of file.
2026-08-10 00:25:00,567 [ERROR] LogOutputStream:75 - [STDERR_REDIRECT] 
2026-08-10 00:25:01,564 [ERROR] LogOutputStream:75 - [STDERR_REDIRECT] [Fatal Error] :1:1: Premature end of file.
2026-08-10 00:25:01,564 [ERROR] LogOutputStream:75 - [STDERR_REDIRECT] 
2026-08-10 00:25:02,559 [ERROR] LogOutputStream:75 - [STDERR_REDIRECT] [Fatal Error] :1:1: Premature end of file.
2026-08-10 00:25:02,559 [ERROR] LogOutputStream:75 - [STDERR_REDIRECT] 
2026-08-10 00:25:03,562 [ERROR] LogOutputStream:75 - [STDERR_REDIRECT] [Fatal Error] :1:1: Premature end of file.
2026-08-10 00:25:03,562 [ERROR] LogOutputStream:75 - [STDERR_REDIRECT] 
2026-08-10 00:25:04,559 [ERROR] LogOutputStream:75 - [STDERR_REDIRECT] [Fatal Error] :1:1: Premature end of file.
2026-08-10 00:25:04,559 [ERROR] LogOutputStream:75 - [STDERR_REDIRECT] 
2026-08-10 00:25:05,561 [ERROR] LogOutputStream:75 - [STDERR_REDIRECT] [Fatal Error] :1:1: Premature end of file.
2026-08-10 00:25:05,561 [ERROR] LogOutputStream:75 - [STDERR_REDIRECT] 
2026-08-10 00:25:06,560 [ERROR] LogOutputStream:75 - [STDERR_REDIRECT] [Fatal Error] :1:1: Premature end of file.
2026-08-10 00:25:06,560 [ERROR] LogOutputStream:75 - [STDERR_REDIRECT] 
2026-08-10 00:25:07,569 [ERROR] LogOutputStream:75 - [STDERR_REDIRECT] [Fatal Error] :1:1: Premature end of file.
2026-08-10 00:25:07,569 [ERROR] LogOutputStream:75 - [STDERR_REDIRECT] 
2026-08-10 00:25:08,561 [ERROR] LogOutputStream:75 - [STDERR_REDIRECT] [Fatal Error] :1:1: Premature end of file.
2026-08-10 00:25:08,561 [ERROR] LogOutputStream:75 - [STDERR_REDIRECT] 
2026-08-10 00:25:09,561 [ERROR] LogOutputStream:75 - [STDERR_REDIRECT] [Fatal Error] :1:1: Premature end of file.
2026-08-10 00:25:09,561 [ERROR] LogOutputStream:75 - [STDERR_REDIRECT] 
2026-08-10 00:25:10,560 [ERROR] LogOutputStream:75 - [STDERR_REDIRECT] [Fatal Error] :1:1: Premature end of file.
2026-08-10 00:25:10,560 [ERROR] LogOutputStream:75 - [STDERR_REDIRECT] 
2026-08-10 00:25:11,558 [ERROR] LogOutputStream:75 - [STDERR_REDIRECT] [Fatal Error] :1:1: Premature end of file.
2026-08-10 00:25:11,558 [ERROR] LogOutputStream:75 - [STDERR_REDIRECT] 
2026-08-10 00:25:12,560 [ERROR] LogOutputStream:75 - [STDERR_REDIRECT] [Fatal Error] :1:1: Premature end of file.
2026-08-10 00:25:12,560 [ERROR] LogOutputStream:75 - [STDERR_REDIRECT] 
2026-08-10 00:25:13,562 [ERROR] LogOutputStream:75 - [STDERR_REDIRECT] [Fatal Error] :1:1: Premature end of file.
2026-08-10 00:25:13,562 [ERROR] LogOutputStream:75 - [STDERR_REDIRECT] 
2026-08-10 00:25:14,561 [ERROR] LogOutputStream:75 - [STDERR_REDIRECT] [Fatal Error] :1:1: Premature end of file.
2026-08-10 00:25:14,561 [ERROR] LogOutputStream:75 - [STDERR_REDIRECT] 
2026-08-10 00:25:15,560 [ERROR] LogOutputStream:75 - [STDERR_REDIRECT] [Fatal Error] :1:1: Premature end of file.
2026-08-10 00:25:15,560 [ERROR] LogOutputStream:75 - [STDERR_REDIRECT] 
2026-08-10 00:25:16,562 [ERROR] LogOutputStream:75 - [STDERR_REDIRECT] [Fatal Error] :1:1: Premature end of file.
2026-08-10 00:25:16,562 [ERROR] LogOutputStream:75 - [STDERR_REDIRECT] 
2026-08-10 00:25:17,559 [ERROR] LogOutputStream:75 - [STDERR_REDIRECT] [Fatal Error] :1:1: Premature end of file.
2026-08-10 00:25:17,559 [ERROR] LogOutputStream:75 - [STDERR_REDIRECT] 
2026-08-10 00:25:18,562 [ERROR] LogOutputStream:75 - [STDERR_REDIRECT] [Fatal Error] :1:1: Premature end of file.
2026-08-10 00:25:18,562 [ERROR] LogOutputStream:75 - [STDERR_REDIRECT] 
2026-08-10 00:25:19,561 [ERROR] LogOutputStream:75 - [STDERR_REDIRECT] [Fatal Error] :1:1: Premature end of file.
2026-08-10 00:25:19,561 [ERROR] LogOutputStream:75 - [STDERR_REDIRECT] 
2026-08-10 00:25:20,561 [ERROR] LogOutputStream:75 - [STDERR_REDIRECT] [Fatal Error] :1:1: Premature end of file.
2026-08-10 00:25:20,562 [ERROR] LogOutputStream:75 - [STDERR_REDIRECT] 
2026-08-10 00:25:21,562 [ERROR] LogOutputStream:75 - [STDERR_REDIRECT] [Fatal Error] :1:1: Premature end of file.
2026-08-10 00:25:21,563 [ERROR] LogOutputStream:75 - [STDERR_REDIRECT] 
2026-08-10 00:25:22,561 [ERROR] LogOutputStream:75 - [STDERR_REDIRECT] [Fatal Error] :1:1: Premature end of file.
2026-08-10 00:25:22,561 [ERROR] LogOutputStream:75 - [STDERR_REDIRECT] 
2026-08-10 00:25:23,562 [ERROR] LogOutputStream:75 - [STDERR_REDIRECT] [Fatal Error] :1:1: Premature end of file.
2026-08-10 00:25:23,563 [ERROR] LogOutputStream:75 - [STDERR_REDIRECT] 
2026-08-10 00:25:24,561 [ERROR] LogOutputStream:75 - [STDERR_REDIRECT] [Fatal Error] :1:1: Premature end of file.
2026-08-10 00:25:24,561 [ERROR] LogOutputStream:75 - [STDERR_REDIRECT] 
2026-08-10 00:25:25,560 [ERROR] LogOutputStream:75 - [STDERR_REDIRECT] [Fatal Error] :1:1: Premature end of file.
2026-08-10 00:25:25,560 [ERROR] LogOutputStream:75 - [STDERR_REDIRECT] 
2026-08-10 00:25:26,562 [ERROR] LogOutputStream:75 - [STDERR_REDIRECT] [Fatal Error] :1:1: Premature end of file.
2026-08-10 00:25:26,562 [ERROR] LogOutputStream:75 - [STDERR_REDIRECT] 
2026-08-10 00:25:27,560 [ERROR] LogOutputStream:75 - [STDERR_REDIRECT] [Fatal Error] :1:1: Premature end of file.
2026-08-10 00:25:27,561 [ERROR] LogOutputStream:75 - [STDERR_REDIRECT] 
2026-08-10 00:25:28,560 [ERROR] LogOutputStream:75 - [STDERR_REDIRECT] [Fatal Error] :1:1: Premature end of file.
2026-08-10 00:25:28,560 [ERROR] LogOutputStream:75 - [STDERR_REDIRECT] 
2026-08-10 00:25:29,562 [ERROR] LogOutputStream:75 - [STDERR_REDIRECT] [Fatal Error] :1:1: Premature end of file.
2026-08-10 00:25:29,562 [ERROR] LogOutputStream:75 - [STDERR_REDIRECT] 
2026-08-10 00:25:30,561 [ERROR] LogOutputStream:75 - [STDERR_REDIRECT] [Fatal Error] :1:1: Premature end of file.
2026-08-10 00:25:30,561 [ERROR] LogOutputStream:75 - [STDERR_REDIRECT] 
2026-08-10 00:25:31,560 [ERROR] LogOutputStream:75 - [STDERR_REDIRECT] [Fatal Error] :1:1: Premature end of file.
2026-08-10 00:25:31,560 [ERROR] LogOutputStream:75 - [STDERR_REDIRECT] 
2026-08-10 00:25:32,561 [ERROR] LogOutputStream:75 - [STDERR_REDIRECT] [Fatal Error] :1:1: Premature end of file.
2026-08-10 00:25:32,561 [ERROR] LogOutputStream:75 - [STDERR_REDIRECT] 
2026-08-10 00:25:33,567 [ERROR] LogOutputStream:75 - [STDERR_REDIRECT] [Fatal Error] :1:1: Premature end of file.
2026-08-10 00:25:33,567 [ERROR] LogOutputStream:75 - [STDERR_REDIRECT] 
2026-08-10 00:25:34,562 [ERROR] LogOutputStream:75 - [STDERR_REDIRECT] [Fatal Error] :1:1: Premature end of file.
2026-08-10 00:25:34,562 [ERROR] LogOutputStream:75 - [STDERR_REDIRECT] 
2026-08-10 00:25:35,560 [ERROR] LogOutputStream:75 - [STDERR_REDIRECT] [Fatal Error] :1:1: Premature end of file.
2026-08-10 00:25:35,560 [ERROR] LogOutputStream:75 - [STDERR_REDIRECT] 
2026-08-10 00:25:36,560 [ERROR] LogOutputStream:75 - [STDERR_REDIRECT] [Fatal Error] :1:1: Premature end of file.
2026-08-10 00:25:36,560 [ERROR] LogOutputStream:75 - [STDERR_REDIRECT] 
2026-08-10 00:25:37,561 [ERROR] LogOutputStream:75 - [STDERR_REDIRECT] [Fatal Error] :1:1: Premature end of file.
2026-08-10 00:25:37,561 [ERROR] LogOutputStream:75 - [STDERR_REDIRECT] 
2026-08-10 00:25:38,560 [ERROR] LogOutputStream:75 - [STDERR_REDIRECT] [Fatal Error] :1:1: Premature end of file.
2026-08-10 00:25:38,560 [ERROR] LogOutputStream:75 - [STDERR_REDIRECT] 
2026-08-10 00:25:39,560 [ERROR] LogOutputStream:75 - [STDERR_REDIRECT] [Fatal Error] :1:1: Premature end of file.
2026-08-10 00:25:39,560 [ERROR] LogOutputStream:75 - [STDERR_REDIRECT] 
2026-08-10 00:25:40,561 [ERROR] LogOutputStream:75 - [STDERR_REDIRECT] [Fatal Error] :1:1: Premature end of file.
2026-08-10 00:25:40,561 [ERROR] LogOutputStream:75 - [STDERR_REDIRECT] 
2026-08-10 00:25:41,549 [ERROR] LogOutputStream:75 - [STDERR_REDIRECT] [Fatal Error] :1:1: Premature end of file.
2026-08-10 00:25:41,549 [ERROR] LogOutputStream:75 - [STDERR_REDIRECT] 
2026-08-10 00:25:42,561 [ERROR] LogOutputStream:75 - [STDERR_REDIRECT] [Fatal Error] :1:1: Premature end of file.
2026-08-10 00:25:42,561 [ERROR] LogOutputStream:75 - [STDERR_REDIRECT] 
2026-08-10 00:25:43,561 [ERROR] LogOutputStream:75 - [STDERR_REDIRECT] [Fatal Error] :1:1: Premature end of file.
2026-08-10 00:25:43,561 [ERROR] LogOutputStream:75 - [STDERR_REDIRECT] 
2026-08-10 00:25:44,563 [ERROR] LogOutputStream:75 - [STDERR_REDIRECT] [Fatal Error] :1:1: Premature end of file.
2026-08-10 00:25:44,563 [ERROR] LogOutputStream:75 - [STDERR_REDIRECT] 
2026-08-10 00:25:45,556 [ERROR] LogOutputStream:75 - [STDERR_REDIRECT] [Fatal Error] :1:1: Premature end of file.
2026-08-10 00:25:45,556 [ERROR] LogOutputStream:75 - [STDERR_REDIRECT] 
2026-08-10 00:25:46,569 [ERROR] LogOutputStream:75 - [STDERR_REDIRECT] [Fatal Error] :1:1: Premature end of file.
2026-08-10 00:25:46,569 [ERROR] LogOutputStream:75 - [STDERR_REDIRECT] 
2026-08-10 00:25:47,556 [ERROR] LogOutputStream:75 - [STDERR_REDIRECT] [Fatal Error] :1:1: Premature end of file.
2026-08-10 00:25:47,556 [ERROR] LogOutputStream:75 - [STDERR_REDIRECT] 
2026-08-10 00:25:48,571 [ERROR] LogOutputStream:75 - [STDERR_REDIRECT] [Fatal Error] :1:1: Premature end of file.
2026-08-10 00:25:48,571 [ERROR] LogOutputStream:75 - [STDERR_REDIRECT] 
2026-08-10 00:25:49,550 [ERROR] LogOutputStream:75 - [STDERR_REDIRECT] [Fatal Error] :1:1: Premature end of file.
2026-08-10 00:25:49,550 [ERROR] LogOutputStream:75 - [STDERR_REDIRECT] 
2026-08-10 00:25:50,560 [ERROR] LogOutputStream:75 - [STDERR_REDIRECT] [Fatal Error] :1:1: Premature end of file.
2026-08-10 00:25:50,560 [ERROR] LogOutputStream:75 - [STDERR_REDIRECT] 
2026-08-10 00:25:51,561 [ERROR] LogOutputStream:75 - [STDERR_REDIRECT] [Fatal Error] :1:1: Premature end of file.
2026-08-10 00:25:51,561 [ERROR] LogOutputStream:75 - [STDERR_REDIRECT] 
2026-08-10 00:25:52,561 [ERROR] LogOutputStream:75 - [STDERR_REDIRECT] [Fatal Error] :1:1: Premature end of file.
2026-08-10 00:25:52,561 [ERROR] LogOutputStream:75 - [STDERR_REDIRECT] 
2026-08-10 00:25:53,572 [ERROR] LogOutputStream:75 - [STDERR_REDIRECT] [Fatal Error] :1:1: Premature end of file.
2026-08-10 00:25:53,572 [ERROR] LogOutputStream:75 - [STDERR_REDIRECT] 
2026-08-10 00:25:54,550 [ERROR] LogOutputStream:75 - [STDERR_REDIRECT] [Fatal Error] :1:1: Premature end of file.
2026-08-10 00:25:54,550 [ERROR] LogOutputStream:75 - [STDERR_REDIRECT] 
2026-08-10 00:25:55,560 [ERROR] LogOutputStream:75 - [STDERR_REDIRECT] [Fatal Error] :1:1: Premature end of file.
2026-08-10 00:25:55,560 [ERROR] LogOutputStream:75 - [STDERR_REDIRECT] 
2026-08-10 00:25:56,559 [ERROR] LogOutputStream:75 - [STDERR_REDIRECT] [Fatal Error] :1:1: Premature end of file.
2026-08-10 00:25:56,559 [ERROR] LogOutputStream:75 - [STDERR_REDIRECT] 
2026-08-10 00:25:57,559 [ERROR] LogOutputStream:75 - [STDERR_REDIRECT] [Fatal Error] :1:1: Premature end of file.
2026-08-10 00:25:57,559 [ERROR] LogOutputStream:75 - [STDERR_REDIRECT] 
2026-08-10 00:25:58,566 [ERROR] LogOutputStream:75 - [STDERR_REDIRECT] [Fatal Error] :1:1: Premature end of file.
2026-08-10 00:25:58,566 [ERROR] LogOutputStream:75 - [STDERR_REDIRECT] 
2026-08-10 00:25:59,570 [ERROR] LogOutputStream:75 - [STDERR_REDIRECT] [Fatal Error] :1:1: Premature end of file.
2026-08-10 00:25:59,570 [ERROR] LogOutputStream:75 - [STDERR_REDIRECT] 
2026-08-10 00:26:00,550 [ERROR] LogOutputStream:75 - [STDERR_REDIRECT] [Fatal Error] :1:1: Premature end of file.
2026-08-10 00:26:00,550 [ERROR] LogOutputStream:75 - [STDERR_REDIRECT] 
2026-08-10 00:26:01,566 [ERROR] LogOutputStream:75 - [STDERR_REDIRECT] [Fatal Error] :1:1: Premature end of file.
2026-08-10 00:26:01,566 [ERROR] LogOutputStream:75 - [STDERR_REDIRECT] 
2026-08-10 00:26:02,557 [ERROR] LogOutputStream:75 - [STDERR_REDIRECT] [Fatal Error] :1:1: Premature end of file.
2026-08-10 00:26:02,557 [ERROR] LogOutputStream:75 - [STDERR_REDIRECT] 
2026-08-10 00:26:03,559 [ERROR] LogOutputStream:75 - [STDERR_REDIRECT] [Fatal Error] :1:1: Premature end of file.
2026-08-10 00:26:03,559 [ERROR] LogOutputStream:75 - [STDERR_REDIRECT] 
2026-08-10 00:26:04,561 [ERROR] LogOutputStream:75 - [STDERR_REDIRECT] [Fatal Error] :1:1: Premature end of file.
2026-08-10 00:26:04,561 [ERROR] LogOutputStream:75 - [STDERR_REDIRECT] 
2026-08-10 00:26:05,549 [ERROR] LogOutputStream:75 - [STDERR_REDIRECT] [Fatal Error] :1:1: Premature end of file.
2026-08-10 00:26:05,549 [ERROR] LogOutputStream:75 - [STDERR_REDIRECT] 
2026-08-10 00:26:06,580 [ERROR] LogOutputStream:75 - [STDERR_REDIRECT] [Fatal Error] :1:1: Premature end of file.
2026-08-10 00:26:06,580 [ERROR] LogOutputStream:75 - [STDERR_REDIRECT] 
2026-08-10 00:26:07,556 [ERROR] LogOutputStream:75 - [STDERR_REDIRECT] [Fatal Error] :1:1: Premature end of file.
2026-08-10 00:26:07,556 [ERROR] LogOutputStream:75 - [STDERR_REDIRECT] 
2026-08-10 00:26:08,572 [ERROR] LogOutputStream:75 - [STDERR_REDIRECT] [Fatal Error] :1:1: Premature end of file.
2026-08-10 00:26:08,572 [ERROR] LogOutputStream:75 - [STDERR_REDIRECT] 
2026-08-10 00:26:09,551 [ERROR] LogOutputStream:75 - [STDERR_REDIRECT] [Fatal Error] :1:1: Premature end of file.
2026-08-10 00:26:09,551 [ERROR] LogOutputStream:75 - [STDERR_REDIRECT] 
2026-08-10 00:26:10,564 [ERROR] LogOutputStream:75 - [STDERR_REDIRECT] [Fatal Error] :1:1: Premature end of file.
2026-08-10 00:26:10,564 [ERROR] LogOutputStream:75 - [STDERR_REDIRECT] 
2026-08-10 00:26:11,573 [ERROR] LogOutputStream:75 - [STDERR_REDIRECT] [Fatal Error] :1:1: Premature end of file.
2026-08-10 00:26:11,573 [ERROR] LogOutputStream:75 - [STDERR_REDIRECT] 
2026-08-10 00:26:12,556 [ERROR] LogOutputStream:75 - [STDERR_REDIRECT] [Fatal Error] :1:1: Premature end of file.
2026-08-10 00:26:12,556 [ERROR] LogOutputStream:75 - [STDERR_REDIRECT] 
2026-08-10 00:26:13,564 [ERROR] LogOutputStream:75 - [STDERR_REDIRECT] [Fatal Error] :1:1: Premature end of file.
2026-08-10 00:26:13,564 [ERROR] LogOutputStream:75 - [STDERR_REDIRECT] 
2026-08-10 00:26:14,559 [ERROR] LogOutputStream:75 - [STDERR_REDIRECT] [Fatal Error] :1:1: Premature end of file.
2026-08-10 00:26:14,559 [ERROR] LogOutputStream:75 - [STDERR_REDIRECT] 
2026-08-10 00:26:15,576 [ERROR] LogOutputStream:75 - [STDERR_REDIRECT] [Fatal Error] :1:1: Premature end of file.
2026-08-10 00:26:15,576 [ERROR] LogOutputStream:75 - [STDERR_REDIRECT] 
2026-08-10 00:26:16,552 [ERROR] LogOutputStream:75 - [STDERR_REDIRECT] [Fatal Error] :1:1: Premature end of file.
2026-08-10 00:26:16,552 [ERROR] LogOutputStream:75 - [STDERR_REDIRECT] 
2026-08-10 00:26:17,549 [ERROR] LogOutputStream:75 - [STDERR_REDIRECT] [Fatal Error] :1:1: Premature end of file.
2026-08-10 00:26:17,549 [ERROR] LogOutputStream:75 - [STDERR_REDIRECT] 
2026-08-10 00:26:18,562 [ERROR] LogOutputStream:75 - [STDERR_REDIRECT] [Fatal Error] :1:1: Premature end of file.
2026-08-10 00:26:18,562 [ERROR] LogOutputStream:75 - [STDERR_REDIRECT] 
2026-08-10 00:26:19,561 [ERROR] LogOutputStream:75 - [STDERR_REDIRECT] [Fatal Error] :1:1: Premature end of file.
2026-08-10 00:26:19,561 [ERROR] LogOutputStream:75 - [STDERR_REDIRECT] 
2026-08-10 00:26:20,562 [ERROR] LogOutputStream:75 - [STDERR_REDIRECT] [Fatal Error] :1:1: Premature end of file.
2026-08-10 00:26:20,562 [ERROR] LogOutputStream:75 - [STDERR_REDIRECT] 
2026-08-10 00:26:21,560 [ERROR] LogOutputStream:75 - [STDERR_REDIRECT] [Fatal Error] :1:1: Premature end of file.
2026-08-10 00:26:21,560 [ERROR] LogOutputStream:75 - [STDERR_REDIRECT] 
2026-08-10 00:26:22,562 [ERROR] LogOutputStream:75 - [STDERR_REDIRECT] [Fatal Error] :1:1: Premature end of file.
2026-08-10 00:26:22,562 [ERROR] LogOutputStream:75 - [STDERR_REDIRECT] 
2026-08-10 00:26:23,573 [ERROR] LogOutputStream:75 - [STDERR_REDIRECT] [Fatal Error] :1:1: Premature end of file.
2026-08-10 00:26:23,573 [ERROR] LogOutputStream:75 - [STDERR_REDIRECT] 
2026-08-10 00:26:24,557 [ERROR] LogOutputStream:75 - [STDERR_REDIRECT] [Fatal Error] :1:1: Premature end of file.
2026-08-10 00:26:24,557 [ERROR] LogOutputStream:75 - [STDERR_REDIRECT] 
2026-08-10 00:26:25,555 [ERROR] LogOutputStream:75 - [STDERR_REDIRECT] [Fatal Error] :1:1: Premature end of file.
2026-08-10 00:26:25,555 [ERROR] LogOutputStream:75 - [STDERR_REDIRECT] 
2026-08-10 00:26:26,561 [ERROR] LogOutputStream:75 - [STDERR_REDIRECT] [Fatal Error] :1:1: Premature end of file.
2026-08-10 00:26:26,561 [ERROR] LogOutputStream:75 - [STDERR_REDIRECT] 
2026-08-10 00:26:27,563 [ERROR] LogOutputStream:75 - [STDERR_REDIRECT] [Fatal Error] :1:1: Premature end of file.
2026-08-10 00:26:27,563 [ERROR] LogOutputStream:75 - [STDERR_REDIRECT] 
2026-08-10 00:26:28,556 [ERROR] LogOutputStream:75 - [STDERR_REDIRECT] [Fatal Error] :1:1: Premature end of file.
2026-08-10 00:26:28,556 [ERROR] LogOutputStream:75 - [STDERR_REDIRECT] 
2026-08-10 00:26:29,560 [ERROR] LogOutputStream:75 - [STDERR_REDIRECT] [Fatal Error] :1:1: Premature end of file.
2026-08-10 00:26:29,560 [ERROR] LogOutputStream:75 - [STDERR_REDIRECT] 
2026-08-10 00:26:30,561 [ERROR] LogOutputStream:75 - [STDERR_REDIRECT] [Fatal Error] :1:1: Premature end of file.
2026-08-10 00:26:30,561 [ERROR] LogOutputStream:75 - [STDERR_REDIRECT] 
2026-08-10 00:26:31,562 [ERROR] LogOutputStream:75 - [STDERR_REDIRECT] [Fatal Error] :1:1: Premature end of file.
2026-08-10 00:26:31,562 [ERROR] LogOutputStream:75 - [STDERR_REDIRECT] 
2026-08-10 00:26:32,573 [ERROR] LogOutputStream:75 - [STDERR_REDIRECT] [Fatal Error] :1:1: Premature end of file.
2026-08-10 00:26:32,573 [ERROR] LogOutputStream:75 - [STDERR_REDIRECT] 
2026-08-10 00:26:33,553 [ERROR] LogOutputStream:75 - [STDERR_REDIRECT] [Fatal Error] :1:1: Premature end of file.
2026-08-10 00:26:33,553 [ERROR] LogOutputStream:75 - [STDERR_REDIRECT] 
2026-08-10 00:26:34,556 [ERROR] LogOutputStream:75 - [STDERR_REDIRECT] [Fatal Error] :1:1: Premature end of file.
2026-08-10 00:26:34,556 [ERROR] LogOutputStream:75 - [STDERR_REDIRECT] 
2026-08-10 00:26:35,559 [ERROR] LogOutputStream:75 - [STDERR_REDIRECT] [Fatal Error] :1:1: Premature end of file.
2026-08-10 00:26:35,559 [ERROR] LogOutputStream:75 - [STDERR_REDIRECT] 
2026-08-10 00:26:36,563 [ERROR] LogOutputStream:75 - [STDERR_REDIRECT] [Fatal Error] :1:1: Premature end of file.
2026-08-10 00:26:36,563 [ERROR] LogOutputStream:75 - [STDERR_REDIRECT] 
2026-08-10 00:26:37,564 [ERROR] LogOutputStream:75 - [STDERR_REDIRECT] [Fatal Error] :1:1: Premature end of file.
2026-08-10 00:26:37,564 [ERROR] LogOutputStream:75 - [STDERR_REDIRECT] 
2026-08-10 00:26:38,550 [ERROR] LogOutputStream:75 - [STDERR_REDIRECT] [Fatal Error] :1:1: Premature end of file.
2026-08-10 00:26:38,550 [ERROR] LogOutputStream:75 - [STDERR_REDIRECT] 
2026-08-10 00:26:39,575 [ERROR] LogOutputStream:75 - [STDERR_REDIRECT] [Fatal Error] :1:1: Premature end of file.
2026-08-10 00:26:39,575 [ERROR] LogOutputStream:75 - [STDERR_REDIRECT] 
2026-08-10 00:26:40,550 [ERROR] LogOutputStream:75 - [STDERR_REDIRECT] [Fatal Error] :1:1: Premature end of file.
2026-08-10 00:26:40,550 [ERROR] LogOutputStream:75 - [STDERR_REDIRECT] 
2026-08-10 00:26:41,561 [ERROR] LogOutputStream:75 - [STDERR_REDIRECT] [Fatal Error] :1:1: Premature end of file.
2026-08-10 00:26:41,561 [ERROR] LogOutputStream:75 - [STDERR_REDIRECT] 
2026-08-10 00:26:42,562 [ERROR] LogOutputStream:75 - [STDERR_REDIRECT] [Fatal Error] :1:1: Premature end of file.
2026-08-10 00:26:42,562 [ERROR] LogOutputStream:75 - [STDERR_REDIRECT] 
2026-08-10 00:26:43,565 [ERROR] LogOutputStream:75 - [STDERR_REDIRECT] [Fatal Error] :1:1: Premature end of file.
2026-08-10 00:26:43,565 [ERROR] LogOutputStream:75 - [STDERR_REDIRECT] 
2026-08-10 00:26:44,562 [ERROR] LogOutputStream:75 - [STDERR_REDIRECT] [Fatal Error] :1:1: Premature end of file.
2026-08-10 00:26:44,562 [ERROR] LogOutputStream:75 - [STDERR_REDIRECT] 
2026-08-10 00:26:45,563 [ERROR] LogOutputStream:75 - [STDERR_REDIRECT] [Fatal Error] :1:1: Premature end of file.
2026-08-10 00:26:45,563 [ERROR] LogOutputStream:75 - [STDERR_REDIRECT] 
2026-08-10 00:26:46,557 [ERROR] LogOutputStream:75 - [STDERR_REDIRECT] [Fatal Error] :1:1: Premature end of file.
2026-08-10 00:26:46,557 [ERROR] LogOutputStream:75 - [STDERR_REDIRECT] 
2026-08-10 00:26:47,573 [ERROR] LogOutputStream:75 - [STDERR_REDIRECT] [Fatal Error] :1:1: Premature end of file.
2026-08-10 00:26:47,573 [ERROR] LogOutputStream:75 - [STDERR_REDIRECT] 
2026-08-10 00:26:48,579 [ERROR] LogOutputStream:75 - [STDERR_REDIRECT] [Fatal Error] :1:1: Premature end of file.
2026-08-10 00:26:48,579 [ERROR] LogOutputStream:75 - [STDERR_REDIRECT] 
2026-08-10 00:26:49,557 [ERROR] LogOutputStream:75 - [STDERR_REDIRECT] [Fatal Error] :1:1: Premature end of file.
2026-08-10 00:26:49,557 [ERROR] LogOutputStream:75 - [STDERR_REDIRECT] 
2026-08-10 00:26:50,560 [ERROR] LogOutputStream:75 - [STDERR_REDIRECT] [Fatal Error] :1:1: Premature end of file.
2026-08-10 00:26:50,560 [ERROR] LogOutputStream:75 - [STDERR_REDIRECT] 
2026-08-10 00:26:51,559 [ERROR] LogOutputStream:75 - [STDERR_REDIRECT] [Fatal Error] :1:1: Premature end of file.
2026-08-10 00:26:51,559 [ERROR] LogOutputStream:75 - [STDERR_REDIRECT] 
2026-08-10 00:26:52,559 [ERROR] LogOutputStream:75 - [STDERR_REDIRECT] [Fatal Error] :1:1: Premature end of file.
2026-08-10 00:26:52,559 [ERROR] LogOutputStream:75 - [STDERR_REDIRECT] 
2026-08-10 00:26:53,560 [ERROR] LogOutputStream:75 - [STDERR_REDIRECT] [Fatal Error] :1:1: Premature end of file.
2026-08-10 00:26:53,560 [ERROR] LogOutputStream:75 - [STDERR_REDIRECT] 
2026-08-10 00:26:54,562 [ERROR] LogOutputStream:75 - [STDERR_REDIRECT] [Fatal Error] :1:1: Premature end of file.
2026-08-10 00:26:54,562 [ERROR] LogOutputStream:75 - [STDERR_REDIRECT] 
2026-08-10 00:26:55,561 [ERROR] LogOutputStream:75 - [STDERR_REDIRECT] [Fatal Error] :1:1: Premature end of file.
2026-08-10 00:26:55,561 [ERROR] LogOutputStream:75 - [STDERR_REDIRECT] 
2026-08-10 00:26:56,561 [ERROR] LogOutputStream:75 - [STDERR_REDIRECT] [Fatal Error] :1:1: Premature end of file.
2026-08-10 00:26:56,561 [ERROR] LogOutputStream:75 - [STDERR_REDIRECT] 
2026-08-10 00:26:57,560 [ERROR] LogOutputStream:75 - [STDERR_REDIRECT] [Fatal Error] :1:1: Premature end of file.
2026-08-10 00:26:57,560 [ERROR] LogOutputStream:75 - [STDERR_REDIRECT] 
2026-08-10 00:26:58,560 [ERROR] LogOutputStream:75 - [STDERR_REDIRECT] [Fatal Error] :1:1: Premature end of file.
2026-08-10 00:26:58,561 [ERROR] LogOutputStream:75 - [STDERR_REDIRECT] 
2026-08-10 00:26:59,560 [ERROR] LogOutputStream:75 - [STDERR_REDIRECT] [Fatal Error] :1:1: Premature end of file.
2026-08-10 00:26:59,561 [ERROR] LogOutputStream:75 - [STDERR_REDIRECT] 
2026-08-10 00:27:00,561 [ERROR] LogOutputStream:75 - [STDERR_REDIRECT] [Fatal Error] :1:1: Premature end of file.
2026-08-10 00:27:00,561 [ERROR] LogOutputStream:75 - [STDERR_REDIRECT] 
2026-08-10 00:27:01,560 [ERROR] LogOutputStream:75 - [STDERR_REDIRECT] [Fatal Error] :1:1: Premature end of file.
2026-08-10 00:27:01,560 [ERROR] LogOutputStream:75 - [STDERR_REDIRECT] 
2026-08-10 00:27:02,561 [ERROR] LogOutputStream:75 - [STDERR_REDIRECT] [Fatal Error] :1:1: Premature end of file.
2026-08-10 00:27:02,561 [ERROR] LogOutputStream:75 - [STDERR_REDIRECT] 
2026-08-10 00:27:03,560 [ERROR] LogOutputStream:75 - [STDERR_REDIRECT] [Fatal Error] :1:1: Premature end of file.
2026-08-10 00:27:03,560 [ERROR] LogOutputStream:75 - [STDERR_REDIRECT] 
2026-08-10 00:27:04,562 [ERROR] LogOutputStream:75 - [STDERR_REDIRECT] [Fatal Error] :1:1: Premature end of file.
2026-08-10 00:27:04,562 [ERROR] LogOutputStream:75 - [STDERR_REDIRECT] 
2026-08-10 00:27:05,560 [ERROR] LogOutputStream:75 - [STDERR_REDIRECT] [Fatal Error] :1:1: Premature end of file.
2026-08-10 00:27:05,560 [ERROR] LogOutputStream:75 - [STDERR_REDIRECT] 
2026-08-10 00:27:06,560 [ERROR] LogOutputStream:75 - [STDERR_REDIRECT] [Fatal Error] :1:1: Premature end of file.
2026-08-10 00:27:06,560 [ERROR] LogOutputStream:75 - [STDERR_REDIRECT] 
2026-08-10 00:27:07,560 [ERROR] LogOutputStream:75 - [STDERR_REDIRECT] [Fatal Error] :1:1: Premature end of file.
2026-08-10 00:27:07,560 [ERROR] LogOutputStream:75 - [STDERR_REDIRECT] 
2026-08-10 00:27:08,560 [ERROR] LogOutputStream:75 - [STDERR_REDIRECT] [Fatal Error] :1:1: Premature end of file.
2026-08-10 00:27:08,560 [ERROR] LogOutputStream:75 - [STDERR_REDIRECT] 
2026-08-10 00:27:09,561 [ERROR] LogOutputStream:75 - [STDERR_REDIRECT] [Fatal Error] :1:1: Premature end of file.
2026-08-10 00:27:09,561 [ERROR] LogOutputStream:75 - [STDERR_REDIRECT] 
2026-08-10 00:27:10,561 [ERROR] LogOutputStream:75 - [STDERR_REDIRECT] [Fatal Error] :1:1: Premature end of file.
2026-08-10 00:27:10,561 [ERROR] LogOutputStream:75 - [STDERR_REDIRECT] 
2026-08-10 00:27:11,561 [ERROR] LogOutputStream:75 - [STDERR_REDIRECT] [Fatal Error] :1:1: Premature end of file.
2026-08-10 00:27:11,561 [ERROR] LogOutputStream:75 - [STDERR_REDIRECT] 
2026-08-10 00:27:12,561 [ERROR] LogOutputStream:75 - [STDERR_REDIRECT] [Fatal Error] :1:1: Premature end of file.
2026-08-10 00:27:12,561 [ERROR] LogOutputStream:75 - [STDERR_REDIRECT] 
2026-08-10 00:27:13,560 [ERROR] LogOutputStream:75 - [STDERR_REDIRECT] [Fatal Error] :1:1: Premature end of file.
2026-08-10 00:27:13,560 [ERROR] LogOutputStream:75 - [STDERR_REDIRECT] 
2026-08-10 00:27:14,561 [ERROR] LogOutputStream:75 - [STDERR_REDIRECT] [Fatal Error] :1:1: Premature end of file.
2026-08-10 00:27:14,561 [ERROR] LogOutputStream:75 - [STDERR_REDIRECT] 
2026-08-10 00:27:15,561 [ERROR] LogOutputStream:75 - [STDERR_REDIRECT] [Fatal Error] :1:1: Premature end of file.
2026-08-10 00:27:15,561 [ERROR] LogOutputStream:75 - [STDERR_REDIRECT] 
2026-08-10 00:27:16,561 [ERROR] LogOutputStream:75 - [STDERR_REDIRECT] [Fatal Error] :1:1: Premature end of file.
2026-08-10 00:27:16,561 [ERROR] LogOutputStream:75 - [STDERR_REDIRECT] 
2026-08-10 00:27:17,561 [ERROR] LogOutputStream:75 - [STDERR_REDIRECT] [Fatal Error] :1:1: Premature end of file.
2026-08-10 00:27:17,561 [ERROR] LogOutputStream:75 - [STDERR_REDIRECT] 
2026-08-10 00:27:18,561 [ERROR] LogOutputStream:75 - [STDERR_REDIRECT] [Fatal Error] :1:1: Premature end of file.
2026-08-10 00:27:18,561 [ERROR] LogOutputStream:75 - [STDERR_REDIRECT] 
2026-08-10 00:27:19,559 [ERROR] LogOutputStream:75 - [STDERR_REDIRECT] [Fatal Error] :1:1: Premature end of file.
2026-08-10 00:27:19,559 [ERROR] LogOutputStream:75 - [STDERR_REDIRECT] 
2026-08-10 00:27:20,558 [ERROR] LogOutputStream:75 - [STDERR_REDIRECT] [Fatal Error] :1:1: Premature end of file.
2026-08-10 00:27:20,559 [ERROR] LogOutputStream:75 - [STDERR_REDIRECT] 
2026-08-10 00:27:21,561 [ERROR] LogOutputStream:75 - [STDERR_REDIRECT] [Fatal Error] :1:1: Premature end of file.
2026-08-10 00:27:21,561 [ERROR] LogOutputStream:75 - [STDERR_REDIRECT] 
2026-08-10 00:27:22,559 [ERROR] LogOutputStream:75 - [STDERR_REDIRECT] [Fatal Error] :1:1: Premature end of file.
2026-08-10 00:27:22,561 [ERROR] LogOutputStream:75 - [STDERR_REDIRECT] 
2026-08-10 00:27:23,563 [ERROR] LogOutputStream:75 - [STDERR_REDIRECT] [Fatal Error] :1:1: Premature end of file.
2026-08-10 00:27:23,564 [ERROR] LogOutputStream:75 - [STDERR_REDIRECT] 
2026-08-10 00:27:24,562 [ERROR] LogOutputStream:75 - [STDERR_REDIRECT] [Fatal Error] :1:1: Premature end of file.
2026-08-10 00:27:24,562 [ERROR] LogOutputStream:75 - [STDERR_REDIRECT] 
2026-08-10 00:27:25,559 [ERROR] LogOutputStream:75 - [STDERR_REDIRECT] [Fatal Error] :1:1: Premature end of file.
2026-08-10 00:27:25,559 [ERROR] LogOutputStream:75 - [STDERR_REDIRECT] 
2026-08-10 00:27:26,560 [ERROR] LogOutputStream:75 - [STDERR_REDIRECT] [Fatal Error] :1:1: Premature end of file.
2026-08-10 00:27:26,560 [ERROR] LogOutputStream:75 - [STDERR_REDIRECT] 
2026-08-10 00:27:27,560 [ERROR] LogOutputStream:75 - [STDERR_REDIRECT] [Fatal Error] :1:1: Premature end of file.
2026-08-10 00:27:27,561 [ERROR] LogOutputStream:75 - [STDERR_REDIRECT] 
2026-08-10 00:27:28,560 [ERROR] LogOutputStream:75 - [STDERR_REDIRECT] [Fatal Error] :1:1: Premature end of file.
2026-08-10 00:27:28,560 [ERROR] LogOutputStream:75 - [STDERR_REDIRECT] 
2026-08-10 00:27:29,559 [ERROR] LogOutputStream:75 - [STDERR_REDIRECT] [Fatal Error] :1:1: Premature end of file.
2026-08-10 00:27:29,559 [ERROR] LogOutputStream:75 - [STDERR_REDIRECT] 
2026-08-10 00:27:30,561 [ERROR] LogOutputStream:75 - [STDERR_REDIRECT] [Fatal Error] :1:1: Premature end of file.
2026-08-10 00:27:30,561 [ERROR] LogOutputStream:75 - [STDERR_REDIRECT] 
2026-08-10 00:27:31,565 [ERROR] LogOutputStream:75 - [STDERR_REDIRECT] [Fatal Error] :1:1: Premature end of file.
2026-08-10 00:27:31,565 [ERROR] LogOutputStream:75 - [STDERR_REDIRECT] 
2026-08-10 00:27:32,562 [ERROR] LogOutputStream:75 - [STDERR_REDIRECT] [Fatal Error] :1:1: Premature end of file.
2026-08-10 00:27:32,562 [ERROR] LogOutputStream:75 - [STDERR_REDIRECT] 
2026-08-10 00:27:33,561 [ERROR] LogOutputStream:75 - [STDERR_REDIRECT] [Fatal Error] :1:1: Premature end of file.
2026-08-10 00:27:33,561 [ERROR] LogOutputStream:75 - [STDERR_REDIRECT] 
2026-08-10 00:27:34,561 [ERROR] LogOutputStream:75 - [STDERR_REDIRECT] [Fatal Error] :1:1: Premature end of file.
2026-08-10 00:27:34,561 [ERROR] LogOutputStream:75 - [STDERR_REDIRECT] 
2026-08-10 00:27:35,562 [ERROR] LogOutputStream:75 - [STDERR_REDIRECT] [Fatal Error] :1:1: Premature end of file.
2026-08-10 00:27:35,562 [ERROR] LogOutputStream:75 - [STDERR_REDIRECT] 
2026-08-10 00:27:36,561 [ERROR] LogOutputStream:75 - [STDERR_REDIRECT] [Fatal Error] :1:1: Premature end of file.
2026-08-10 00:27:36,561 [ERROR] LogOutputStream:75 - [STDERR_REDIRECT] 
2026-08-10 00:27:37,561 [ERROR] LogOutputStream:75 - [STDERR_REDIRECT] [Fatal Error] :1:1: Premature end of file.
2026-08-10 00:27:37,561 [ERROR] LogOutputStream:75 - [STDERR_REDIRECT] 
2026-08-10 00:27:38,560 [ERROR] LogOutputStream:75 - [STDERR_REDIRECT] [Fatal Error] :1:1: Premature end of file.
2026-08-10 00:27:38,560 [ERROR] LogOutputStream:75 - [STDERR_REDIRECT] 
2026-08-10 00:27:39,563 [ERROR] LogOutputStream:75 - [STDERR_REDIRECT] [Fatal Error] :1:1: Premature end of file.
2026-08-10 00:27:39,563 [ERROR] LogOutputStream:75 - [STDERR_REDIRECT] 
2026-08-10 00:27:40,569 [ERROR] LogOutputStream:75 - [STDERR_REDIRECT] [Fatal Error] :1:1: Premature end of file.
2026-08-10 00:27:40,570 [ERROR] LogOutputStream:75 - [STDERR_REDIRECT] 
2026-08-10 00:27:41,562 [ERROR] LogOutputStream:75 - [STDERR_REDIRECT] [Fatal Error] :1:1: Premature end of file.
2026-08-10 00:27:41,562 [ERROR] LogOutputStream:75 - [STDERR_REDIRECT] 
2026-08-10 00:27:42,562 [ERROR] LogOutputStream:75 - [STDERR_REDIRECT] [Fatal Error] :1:1: Premature end of file.
2026-08-10 00:27:42,562 [ERROR] LogOutputStream:75 - [STDERR_REDIRECT] 
2026-08-10 00:27:43,562 [ERROR] LogOutputStream:75 - [STDERR_REDIRECT] [Fatal Error] :1:1: Premature end of file.
2026-08-10 00:27:43,562 [ERROR] LogOutputStream:75 - [STDERR_REDIRECT] 
2026-08-10 00:27:44,560 [ERROR] LogOutputStream:75 - [STDERR_REDIRECT] [Fatal Error] :1:1: Premature end of file.
2026-08-10 00:27:44,560 [ERROR] LogOutputStream:75 - [STDERR_REDIRECT] 
2026-08-10 00:27:45,563 [ERROR] LogOutputStream:75 - [STDERR_REDIRECT] [Fatal Error] :1:1: Premature end of file.
2026-08-10 00:27:45,563 [ERROR] LogOutputStream:75 - [STDERR_REDIRECT] 
2026-08-10 00:27:46,561 [ERROR] LogOutputStream:75 - [STDERR_REDIRECT] [Fatal Error] :1:1: Premature end of file.
2026-08-10 00:27:46,561 [ERROR] LogOutputStream:75 - [STDERR_REDIRECT] 
2026-08-10 00:27:47,577 [ERROR] LogOutputStream:75 - [STDERR_REDIRECT] [Fatal Error] :1:1: Premature end of file.
2026-08-10 00:27:47,577 [ERROR] LogOutputStream:75 - [STDERR_REDIRECT] 
2026-08-10 00:27:48,561 [ERROR] LogOutputStream:75 - [STDERR_REDIRECT] [Fatal Error] :1:1: Premature end of file.
2026-08-10 00:27:48,561 [ERROR] LogOutputStream:75 - [STDERR_REDIRECT] 
2026-08-10 00:27:49,552 [ERROR] LogOutputStream:75 - [STDERR_REDIRECT] [Fatal Error] :1:1: Premature end of file.
2026-08-10 00:27:49,552 [ERROR] LogOutputStream:75 - [STDERR_REDIRECT] 
2026-08-10 00:27:50,560 [ERROR] LogOutputStream:75 - [STDERR_REDIRECT] [Fatal Error] :1:1: Premature end of file.
2026-08-10 00:27:50,560 [ERROR] LogOutputStream:75 - [STDERR_REDIRECT] 
2026-08-10 00:27:51,561 [ERROR] LogOutputStream:75 - [STDERR_REDIRECT] [Fatal Error] :1:1: Premature end of file.
2026-08-10 00:27:51,561 [ERROR] LogOutputStream:75 - [STDERR_REDIRECT] 
2026-08-10 00:27:52,562 [ERROR] LogOutputStream:75 - [STDERR_REDIRECT] [Fatal Error] :1:1: Premature end of file.
2026-08-10 00:27:52,562 [ERROR] LogOutputStream:75 - [STDERR_REDIRECT] 
2026-08-10 00:27:53,560 [ERROR] LogOutputStream:75 - [STDERR_REDIRECT] [Fatal Error] :1:1: Premature end of file.
2026-08-10 00:27:53,560 [ERROR] LogOutputStream:75 - [STDERR_REDIRECT] 
2026-08-10 00:27:54,562 [ERROR] LogOutputStream:75 - [STDERR_REDIRECT] [Fatal Error] :1:1: Premature end of file.
2026-08-10 00:27:54,562 [ERROR] LogOutputStream:75 - [STDERR_REDIRECT] 
2026-08-10 00:27:55,314 [ERROR] LogOutputStream:75 - [STDERR_REDIRECT] 
2026-08-10 00:27:55,314 [ERROR] LogOutputStream:75 - [STDERR_REDIRECT] 
2026-08-10 10:09:13,863 [INFO] Activator:176 - 


2026-08-10 10:09:13,866 [INFO] Activator:177 - !SESSION log4j initialized
2026-08-10 10:09:20,682 [INFO] LogOutputStream:77 - [STDOUT_REDIRECT] 
2026-08-10 10:09:31,450 [INFO] ApplicationProperties:184 - Using Application install path: C:\ST\STM32CubeIDE_1.15.1\STM32CubeIDE\plugins\com.st.stm32cube.common.mx_6.11.1.202404110753
2026-08-10 10:09:31,467 [INFO] DbMcusXml:78 - Set database path to: C:\ST\STM32CubeIDE_1.15.1\STM32CubeIDE\plugins\com.st.stm32cube.common.mx_6.11.1.202404110753\\db\/mcu/
2026-08-10 10:09:31,467 [INFO] ApiDb:274 - Set plugin database path to: C:\ST\STM32CubeIDE_1.15.1\STM32CubeIDE\plugins\com.st.stm32cube.common.mx_6.11.1.202404110753\\db\/plugins/boardmanager/
2026-08-10 10:09:31,468 [WARN] ApiDb:259 - Overriding images path with different value:  => C:\ST\STM32CubeIDE_1.15.1\STM32CubeIDE\plugins\com.st.stm32cube.common.mx_6.11.1.202404110753\\db\/plugins/mcufinder/images/
2026-08-10 10:09:31,485 [INFO] ApiDb:250 - Set database path to: C:\Users\dryem.EMRE\.stmcufinder\plugins\mcufinder//mcu/
2026-08-10 10:09:31,486 [INFO] DbMcusAds:125 - Set database path to: C:\Users\dryem.EMRE\.stmcufinder\plugins\mcufinder//mcu/
2026-08-10 10:09:31,487 [INFO] CrossReferenceDbSqlite:203 - Set database path to: C:\Users\dryem.EMRE\.stmcufinder\plugins\mcufinder//mcu/cs/
2026-08-10 10:09:31,595 [INFO] RulesReader:64 - Compatibility file has been processed (297 Rules)
2026-08-10 10:09:31,687 [INFO] DbMcusXml:78 - Set database path to: C:\ST\STM32CubeIDE_1.15.1\STM32CubeIDE\plugins\com.st.stm32cube.common.mx_6.11.1.202404110753\\db\/mcu/
2026-08-10 10:09:31,687 [INFO] ApiDb:274 - Set plugin database path to: C:\ST\STM32CubeIDE_1.15.1\STM32CubeIDE\plugins\com.st.stm32cube.common.mx_6.11.1.202404110753\\db\/plugins/boardmanager/
2026-08-10 10:09:31,687 [INFO] ApiDb:261 - Set plugin images path to: C:\ST\STM32CubeIDE_1.15.1\STM32CubeIDE\plugins\com.st.stm32cube.common.mx_6.11.1.202404110753\\db\/plugins/mcufinder/images/
2026-08-10 10:09:31,687 [WARN] DbFile:41 - Overriding database path with different value: C:\Users\dryem.EMRE\.stmcufinder\plugins\mcufinder/ => C:\Users\dryem.EMRE\.stmcufinder\plugins\mcufinder
2026-08-10 10:09:31,687 [INFO] ApiDb:250 - Set database path to: C:\Users\dryem.EMRE\.stmcufinder\plugins\mcufinder//mcu/
2026-08-10 10:09:31,687 [WARN] DbFile:41 - Overriding database path with different value: C:\Users\dryem.EMRE\.stmcufinder\plugins\mcufinder/ => C:\Users\dryem.EMRE\.stmcufinder\plugins\mcufinder
2026-08-10 10:09:31,687 [INFO] DbMcusAds:125 - Set database path to: C:\Users\dryem.EMRE\.stmcufinder\plugins\mcufinder//mcu/
2026-08-10 10:09:31,688 [WARN] DbFile:41 - Overriding database path with different value: C:\Users\dryem.EMRE\.stmcufinder\plugins\mcufinder/ => C:\Users\dryem.EMRE\.stmcufinder\plugins\mcufinder
2026-08-10 10:09:31,688 [WARN] DbFile:41 - Overriding database path with different value: C:\Users\dryem.EMRE\.stmcufinder\plugins\mcufinder/ => C:\Users\dryem.EMRE\.stmcufinder\plugins\mcufinder
2026-08-10 10:09:31,688 [INFO] CrossReferenceDbSqlite:203 - Set database path to: C:\Users\dryem.EMRE\.stmcufinder\plugins\mcufinder//mcu/cs/
2026-08-10 10:09:31,767 [INFO] MainPanel:264 - HeapMemory: 268435456
2026-08-10 10:09:31,865 [INFO] DbMcusXml:78 - Set database path to: C:\ST\STM32CubeIDE_1.15.1\STM32CubeIDE\plugins\com.st.stm32cube.common.mx_6.11.1.202404110753\\db\/mcu/
2026-08-10 10:09:31,865 [INFO] ApiDb:274 - Set plugin database path to: C:\ST\STM32CubeIDE_1.15.1\STM32CubeIDE\plugins\com.st.stm32cube.common.mx_6.11.1.202404110753\\db\/plugins/boardmanager/
2026-08-10 10:09:31,866 [INFO] ApiDb:261 - Set plugin images path to: C:\ST\STM32CubeIDE_1.15.1\STM32CubeIDE\plugins\com.st.stm32cube.common.mx_6.11.1.202404110753\\db\/plugins/mcufinder/images/
2026-08-10 10:09:31,866 [WARN] DbFile:41 - Overriding database path with different value: C:\Users\dryem.EMRE\.stmcufinder\plugins\mcufinder/ => C:\Users\dryem.EMRE\.stmcufinder\plugins\mcufinder
2026-08-10 10:09:31,866 [INFO] ApiDb:250 - Set database path to: C:\Users\dryem.EMRE\.stmcufinder\plugins\mcufinder//mcu/
2026-08-10 10:09:31,866 [WARN] DbFile:41 - Overriding database path with different value: C:\Users\dryem.EMRE\.stmcufinder\plugins\mcufinder/ => C:\Users\dryem.EMRE\.stmcufinder\plugins\mcufinder
2026-08-10 10:09:31,866 [INFO] DbMcusAds:125 - Set database path to: C:\Users\dryem.EMRE\.stmcufinder\plugins\mcufinder//mcu/
2026-08-10 10:09:31,866 [WARN] DbFile:41 - Overriding database path with different value: C:\Users\dryem.EMRE\.stmcufinder\plugins\mcufinder/ => C:\Users\dryem.EMRE\.stmcufinder\plugins\mcufinder
2026-08-10 10:09:31,866 [WARN] DbFile:41 - Overriding database path with different value: C:\Users\dryem.EMRE\.stmcufinder\plugins\mcufinder/ => C:\Users\dryem.EMRE\.stmcufinder\plugins\mcufinder
2026-08-10 10:09:31,866 [INFO] CrossReferenceDbSqlite:203 - Set database path to: C:\Users\dryem.EMRE\.stmcufinder\plugins\mcufinder//mcu/cs/
2026-08-10 10:09:31,885 [INFO] ApplicationProperties:184 - Using Application install path: C:\ST\STM32CubeIDE_1.15.1\STM32CubeIDE\plugins\com.st.stm32cube.common.mx_6.11.1.202404110753
2026-08-10 10:09:31,887 [INFO] PluginManage:196 - Search for loadable plugins [exclusion list=, ]
2026-08-10 10:09:31,888 [INFO] PluginManage:310 - Check plugin analytics
2026-08-10 10:09:32,063 [INFO] AnalyticsPlugin:253 - Accepted Software Licenses: STM32CubeMX.6.18.0
2026-08-10 10:09:32,064 [INFO] AnalyticsPlugin:255 - Accepted CMSIS Pack Licenses: 
2026-08-10 10:09:32,065 [INFO] AnalyticsPlugin:257 - Accepted Firmware Licenses: FW.F4.1.28.0,FW.F4.1.28.3
2026-08-10 10:09:32,068 [INFO] PluginManage:359 - Loaded plugin analytics (category:tool,tabindex:-1)
2026-08-10 10:09:32,069 [INFO] PluginManage:310 - Check plugin cadmodel
2026-08-10 10:09:32,088 [INFO] CADModel:105 - Init CAD model plugin
2026-08-10 10:09:32,088 [INFO] PluginManage:359 - Loaded plugin cadmodel (category:power,tabindex:5)
2026-08-10 10:09:32,088 [INFO] PluginManage:310 - Check plugin clock
2026-08-10 10:09:32,111 [INFO] PluginManage:359 - Loaded plugin clock (category:base,tabindex:2)
2026-08-10 10:09:32,112 [INFO] PluginManage:310 - Check plugin ddr
2026-08-10 10:09:32,114 [INFO] PluginManage:359 - Loaded plugin ddr (category:tool,tabindex:6)
2026-08-10 10:09:32,114 [INFO] PluginManage:310 - Check plugin filemanager
2026-08-10 10:09:32,255 [INFO] PluginManage:359 - Loaded plugin filemanager (category:base,tabindex:10)
2026-08-10 10:09:32,255 [INFO] PluginManage:310 - Check plugin ipmanager
2026-08-10 10:09:32,263 [INFO] PluginManage:359 - Loaded plugin ipmanager (category:base,tabindex:5)
2026-08-10 10:09:32,263 [INFO] PluginManage:310 - Check plugin lpbam
2026-08-10 10:09:32,282 [INFO] PluginManage:359 - Loaded plugin lpbam (category:base,tabindex:0)
2026-08-10 10:09:32,282 [INFO] PluginManage:310 - Check plugin memorymap
2026-08-10 10:09:32,307 [INFO] PluginManage:359 - Loaded plugin memorymap (category:base,tabindex:4)
2026-08-10 10:09:32,307 [INFO] PluginManage:310 - Check plugin pinoutandconfiguration
2026-08-10 10:09:32,324 [INFO] PluginManage:359 - Loaded plugin pinoutandconfiguration (category:base,tabindex:1)
2026-08-10 10:09:32,324 [INFO] PluginManage:310 - Check plugin pinoutconfig
2026-08-10 10:09:32,419 [WARN] SupportedApi:132 - Cannot load RTOS API schema: s4s-elt-must-match.1: The content of 'definitions' must match (annotation?, (simpleType | complexType)?, (unique | key | keyref)*)). A problem was found starting at: attribute.
2026-08-10 10:09:32,557 [INFO] PluginManage:359 - Loaded plugin pinoutconfig (category:base,tabindex:0)
2026-08-10 10:09:32,557 [INFO] PluginManage:310 - Check plugin power
2026-08-10 10:09:32,584 [INFO] PluginManage:359 - Loaded plugin power (category:power,tabindex:4)
2026-08-10 10:09:32,584 [INFO] PluginManage:310 - Check plugin projectmanager
2026-08-10 10:09:32,607 [INFO] PluginManage:359 - Loaded plugin projectmanager (category:projectmanager,tabindex:3)
2026-08-10 10:09:32,608 [INFO] PluginManage:310 - Check plugin thirdparty
2026-08-10 10:09:32,919 [INFO] PluginManage:359 - Loaded plugin thirdparty (category:base,tabindex:-1)
2026-08-10 10:09:32,919 [WARN] IntegrityCheckThread:84 - waiting for thirdparty lock release [integrity check]
2026-08-10 10:09:32,919 [INFO] PluginManage:310 - Check plugin tools
2026-08-10 10:09:32,919 [INFO] IntegrityCheckThread:86 - entering critical section [integrity check]
2026-08-10 10:09:32,919 [INFO] ThirdPartyUpdaterWithRetryManager:70 - Updater plugin not ready yet. [1/15]
2026-08-10 10:09:32,959 [INFO] PluginManage:359 - Loaded plugin tools (category:base,tabindex:7)
2026-08-10 10:09:32,959 [INFO] PluginManage:310 - Check plugin tutovideos
2026-08-10 10:09:33,176 [INFO] PluginManage:359 - Loaded plugin tutovideos (category:base,tabindex:-1)
2026-08-10 10:09:33,176 [INFO] PluginManage:310 - Check plugin updater
2026-08-10 10:09:33,186 [INFO] PluginManage:359 - Loaded plugin updater (category:base,tabindex:12)
2026-08-10 10:09:33,186 [INFO] PluginManage:310 - Check plugin userauth
2026-08-10 10:09:33,191 [INFO] UserAuth:114 - Init User Auth plugin
2026-08-10 10:09:33,191 [INFO] PluginManage:359 - Loaded plugin userauth (category:base,tabindex:14)
2026-08-10 10:09:33,192 [INFO] PluginManage:283 - PluginManage : Loaded plugins [17]
2026-08-10 10:09:33,394 [INFO] PinOutPanel:1561 - setPackage(No Configuration,No Configuration)
2026-08-10 10:09:33,465 [INFO] CADModel:165 - CPN selected for project level
2026-08-10 10:09:33,465 [INFO] CADModel:114 - Register for checkConnection events
2026-08-10 10:09:33,489 [INFO] IPUIPlugin:80 - create IPUIPlugin
2026-08-10 10:09:33,489 [INFO] PluginManager:220 - loadIPPluginJar : add adc
2026-08-10 10:09:33,535 [INFO] IPUIPlugin:80 - create IPUIPlugin
2026-08-10 10:09:33,535 [INFO] PluginManager:220 - loadIPPluginJar : add aes
2026-08-10 10:09:33,590 [INFO] IPUIPlugin:80 - create IPUIPlugin
2026-08-10 10:09:33,590 [INFO] PluginManager:220 - loadIPPluginJar : add can
2026-08-10 10:09:33,618 [INFO] IPUIPlugin:80 - create IPUIPlugin
2026-08-10 10:09:33,619 [INFO] PluginManager:220 - loadIPPluginJar : add comp
2026-08-10 10:09:33,658 [INFO] IPUIPlugin:80 - create IPUIPlugin
2026-08-10 10:09:33,658 [INFO] PluginManager:220 - loadIPPluginJar : add cryp
2026-08-10 10:09:33,691 [INFO] IPUIPlugin:80 - create IPUIPlugin
2026-08-10 10:09:33,691 [INFO] PluginManager:220 - loadIPPluginJar : add dfsdm
2026-08-10 10:09:33,708 [INFO] IPUIPlugin:80 - create IPUIPlugin
2026-08-10 10:09:33,708 [INFO] PluginManager:220 - loadIPPluginJar : add dma
2026-08-10 10:09:33,759 [INFO] IPUIPlugin:80 - create IPUIPlugin
2026-08-10 10:09:33,759 [INFO] PluginManager:220 - loadIPPluginJar : add dma3
2026-08-10 10:09:33,812 [INFO] IPUIPlugin:80 - create IPUIPlugin
2026-08-10 10:09:33,812 [INFO] PluginManager:220 - loadIPPluginJar : add extmemmanager
2026-08-10 10:09:33,835 [INFO] IPUIPlugin:80 - create IPUIPlugin
2026-08-10 10:09:33,835 [INFO] PluginManager:220 - loadIPPluginJar : add fatfs
2026-08-10 10:09:33,895 [INFO] IPUIPlugin:80 - create IPUIPlugin
2026-08-10 10:09:33,895 [INFO] PluginManager:220 - loadIPPluginJar : add fmc
2026-08-10 10:09:33,911 [INFO] IPUIPlugin:80 - create IPUIPlugin
2026-08-10 10:09:33,912 [INFO] PluginManager:220 - loadIPPluginJar : add freertos
2026-08-10 10:09:33,935 [INFO] IPUIPlugin:80 - create IPUIPlugin
2026-08-10 10:09:33,935 [INFO] PluginManager:220 - loadIPPluginJar : add genericplugin
2026-08-10 10:09:34,041 [INFO] IPUIPlugin:80 - create IPUIPlugin
2026-08-10 10:09:34,041 [INFO] PluginManager:220 - loadIPPluginJar : add gfxmmu
2026-08-10 10:09:34,187 [INFO] IPUIPlugin:80 - create IPUIPlugin
2026-08-10 10:09:34,187 [INFO] PluginManager:220 - loadIPPluginJar : add gic
2026-08-10 10:09:34,201 [INFO] IPUIPlugin:80 - create IPUIPlugin
2026-08-10 10:09:34,201 [INFO] PluginManager:220 - loadIPPluginJar : add gpio
2026-08-10 10:09:34,307 [INFO] IPUIPlugin:80 - create IPUIPlugin
2026-08-10 10:09:34,307 [INFO] PluginManager:220 - loadIPPluginJar : add gtzc
2026-08-10 10:09:34,344 [INFO] IPUIPlugin:80 - create IPUIPlugin
2026-08-10 10:09:34,344 [INFO] PluginManager:220 - loadIPPluginJar : add hash
2026-08-10 10:09:34,402 [INFO] IPUIPlugin:80 - create IPUIPlugin
2026-08-10 10:09:34,403 [INFO] PluginManager:220 - loadIPPluginJar : add i2c
2026-08-10 10:09:34,451 [INFO] IPUIPlugin:80 - create IPUIPlugin
2026-08-10 10:09:34,451 [INFO] PluginManager:220 - loadIPPluginJar : add i2s
2026-08-10 10:09:34,497 [INFO] IPUIPlugin:80 - create IPUIPlugin
2026-08-10 10:09:34,497 [INFO] PluginManager:220 - loadIPPluginJar : add i3c
2026-08-10 10:09:34,627 [INFO] IPUIPlugin:80 - create IPUIPlugin
2026-08-10 10:09:34,627 [INFO] PluginManager:220 - loadIPPluginJar : add ipddr
2026-08-10 10:09:34,726 [INFO] IPUIPlugin:80 - create IPUIPlugin
2026-08-10 10:09:34,726 [INFO] PluginManager:220 - loadIPPluginJar : add linkedlist
2026-08-10 10:09:34,763 [INFO] IPUIPlugin:80 - create IPUIPlugin
2026-08-10 10:09:34,763 [INFO] PluginManager:220 - loadIPPluginJar : add lorawan
2026-08-10 10:09:34,813 [INFO] IPUIPlugin:80 - create IPUIPlugin
2026-08-10 10:09:34,813 [INFO] PluginManager:220 - loadIPPluginJar : add ltdc
2026-08-10 10:09:34,826 [INFO] IPUIPlugin:80 - create IPUIPlugin
2026-08-10 10:09:34,826 [INFO] PluginManager:220 - loadIPPluginJar : add mdma
2026-08-10 10:09:34,839 [INFO] IPUIPlugin:80 - create IPUIPlugin
2026-08-10 10:09:34,839 [INFO] PluginManager:220 - loadIPPluginJar : add nvic
2026-08-10 10:09:34,877 [INFO] IPUIPlugin:80 - create IPUIPlugin
2026-08-10 10:09:34,877 [INFO] PluginManager:220 - loadIPPluginJar : add opamp
2026-08-10 10:09:34,947 [INFO] IPUIPlugin:80 - create IPUIPlugin
2026-08-10 10:09:34,947 [INFO] PluginManager:220 - loadIPPluginJar : add openamp
2026-08-10 10:09:34,999 [INFO] IPUIPlugin:80 - create IPUIPlugin
2026-08-10 10:09:34,999 [INFO] PluginManager:220 - loadIPPluginJar : add pdm2pcm
2026-08-10 10:09:35,013 [INFO] IPUIPlugin:80 - create IPUIPlugin
2026-08-10 10:09:35,015 [INFO] PluginManager:220 - loadIPPluginJar : add plateformsettings
2026-08-10 10:09:35,040 [INFO] IPUIPlugin:80 - create IPUIPlugin
2026-08-10 10:09:35,040 [INFO] PluginManager:220 - loadIPPluginJar : add quadspi
2026-08-10 10:09:35,055 [INFO] IPUIPlugin:80 - create IPUIPlugin
2026-08-10 10:09:35,055 [INFO] PluginManager:220 - loadIPPluginJar : add resmgrutility
2026-08-10 10:09:35,115 [INFO] IPUIPlugin:80 - create IPUIPlugin
2026-08-10 10:09:35,115 [INFO] PluginManager:220 - loadIPPluginJar : add sai
2026-08-10 10:09:35,156 [INFO] IPUIPlugin:80 - create IPUIPlugin
2026-08-10 10:09:35,156 [INFO] PluginManager:220 - loadIPPluginJar : add spi
2026-08-10 10:09:35,235 [INFO] IPUIPlugin:80 - create IPUIPlugin
2026-08-10 10:09:35,235 [INFO] PluginManager:220 - loadIPPluginJar : add stm32_wpan
2026-08-10 10:09:35,262 [INFO] IPUIPlugin:80 - create IPUIPlugin
2026-08-10 10:09:35,262 [INFO] PluginManager:220 - loadIPPluginJar : add tim
2026-08-10 10:09:35,331 [INFO] IPUIPlugin:80 - create IPUIPlugin
2026-08-10 10:09:35,331 [INFO] PluginManager:220 - loadIPPluginJar : add touchsensing
2026-08-10 10:09:35,357 [INFO] IPUIPlugin:80 - create IPUIPlugin
2026-08-10 10:09:35,357 [INFO] PluginManager:220 - loadIPPluginJar : add tracer_emb
2026-08-10 10:09:35,384 [INFO] IPUIPlugin:80 - create IPUIPlugin
2026-08-10 10:09:35,384 [INFO] PluginManager:220 - loadIPPluginJar : add ts
2026-08-10 10:09:35,408 [INFO] IPUIPlugin:80 - create IPUIPlugin
2026-08-10 10:09:35,409 [INFO] PluginManager:220 - loadIPPluginJar : add tsc
2026-08-10 10:09:35,435 [INFO] IPUIPlugin:80 - create IPUIPlugin
2026-08-10 10:09:35,436 [INFO] PluginManager:220 - loadIPPluginJar : add ucpd
2026-08-10 10:09:35,486 [INFO] IPUIPlugin:80 - create IPUIPlugin
2026-08-10 10:09:35,486 [INFO] PluginManager:220 - loadIPPluginJar : add usart
2026-08-10 10:09:35,536 [INFO] IPUIPlugin:80 - create IPUIPlugin
2026-08-10 10:09:35,536 [INFO] PluginManager:220 - loadIPPluginJar : add usbx
2026-08-10 10:09:35,657 [INFO] CADModel:165 - CPN selected for project level
2026-08-10 10:09:35,657 [INFO] CADModel:114 - Register for checkConnection events
2026-08-10 10:09:35,657 [FATAL] Updater:308 - Updater called before beeing initialized
2026-08-10 10:09:35,658 [ERROR] CADModel:125 - Updater not yet initialized, retry later 
2026-08-10 10:09:35,788 [INFO] CADModel:165 - CPN selected for project level
2026-08-10 10:09:35,788 [INFO] CADModel:114 - Register for checkConnection events
2026-08-10 10:09:35,788 [FATAL] Updater:308 - Updater called before beeing initialized
2026-08-10 10:09:35,788 [ERROR] CADModel:125 - Updater not yet initialized, retry later 
2026-08-10 10:09:35,791 [FATAL] Updater:308 - Updater called before beeing initialized
2026-08-10 10:09:35,886 [FATAL] Updater:308 - Updater called before beeing initialized
2026-08-10 10:09:35,897 [INFO] DbMcusAds:53 - JSON generation date=Wed Jul 15 12:44:54 TRT 2026 (1784108694001)
2026-08-10 10:09:35,897 [FATAL] Updater:308 - Updater called before beeing initialized
2026-08-10 10:09:35,921 [INFO] ThirdPartyUpdaterWithRetryManager:70 - Updater plugin not ready yet. [2/15]
2026-08-10 10:09:35,938 [WARN] DetailPanel:346 - Failed to get advertising image, set to default
2026-08-10 10:09:36,028 [FATAL] Updater:308 - Updater called before beeing initialized
2026-08-10 10:09:36,029 [FATAL] Updater:308 - Updater called before beeing initialized
2026-08-10 10:09:36,029 [FATAL] Updater:308 - Updater called before beeing initialized
2026-08-10 10:09:36,029 [WARN] DetailPanel:346 - Failed to get advertising image, set to default
2026-08-10 10:09:36,030 [FATAL] Updater:308 - Updater called before beeing initialized
2026-08-10 10:09:36,091 [ERROR] Updater:1120 - MainUpdater not yet initialized. External WinMGr cannot be set.
2026-08-10 10:09:36,103 [INFO] Updater:1056 - Updater Version found : 6.11.1
2026-08-10 10:09:36,118 [INFO] ApplicationProperties:184 - Using Application install path: C:\ST\STM32CubeIDE_1.15.1\STM32CubeIDE\plugins\com.st.stm32cube.common.mx_6.11.1.202404110753
2026-08-10 10:09:37,695 [ERROR] LogOutputStream:75 - [STDERR_REDIRECT] Aug 10, 2026 10:09:37 AM java.util.prefs.WindowsPreferences <init>
2026-08-10 10:09:37,697 [ERROR] LogOutputStream:75 - [STDERR_REDIRECT] WARNING: Could not open/create prefs root node Software\JavaSoft\Prefs at root 0xffffffff80000002. Windows RegCreateKeyEx(...) returned error code 5.
2026-08-10 10:09:37,698 [ERROR] LogOutputStream:75 - [STDERR_REDIRECT] 
2026-08-10 10:09:38,157 [INFO] MainUpdater:2873 - connection check result : 10
2026-08-10 10:09:38,158 [INFO] MainUpdater:290 - Updater Check For Update Now.
2026-08-10 10:09:38,158 [INFO] MicroXplorer:498 - Change Database Version : DB.6.0.111
2026-08-10 10:09:38,183 [INFO] McuFinderGlobals:63 - Set McuFinder mode to 2 (CubeIDE integrated)
2026-08-10 10:09:38,183 [INFO] UserAuth:179 - activating auth plugin
2026-08-10 10:09:38,186 [INFO] UserAuth:415 - Internet connection configuration mode: 1
2026-08-10 10:09:38,221 [INFO] JxBrowserEngine:152 - Initiate JxBrowser Engine with user profile folder
2026-08-10 10:09:38,402 [INFO] CheckServerUpdateThread:120 - End of CheckServer Thread
2026-08-10 10:09:39,263 [WARN] PackLoader:240 - Cannot read IP mode file for STMicroelectronics.X-CUBE-AZRTOS-H7.3.5.0
2026-08-10 10:09:39,291 [WARN] PackLoader:240 - Cannot read IP mode file for STMicroelectronics.FP-ATR-ASTRA1.2.0.3
2026-08-10 10:09:39,311 [WARN] PackLoader:240 - Cannot read IP mode file for STMicroelectronics.FP-ATR-ASTRA1.2.0.2
2026-08-10 10:09:39,331 [ERROR] Engine:466 - C:\Users\dryem.EMRE\.stm32cubemx\thirdparties\pdsc\STMicroelectronics.X-CUBE-SMBUS.2.1.1.pdsc: PDSC version is not supported
2026-08-10 10:09:39,367 [WARN] PackLoader:240 - Cannot read IP mode file for STMicroelectronics.X-CUBE-AZRTOS-F7.1.1.0
2026-08-10 10:09:39,389 [ERROR] Engine:466 - C:\Users\dryem.EMRE\.stm32cubemx\thirdparties\pdsc\STMicroelectronics.X-CUBE-FREERTOS.1.6.0.pdsc: PDSC version is not supported
2026-08-10 10:09:39,401 [ERROR] Engine:466 - C:\Users\dryem.EMRE\.stm32cubemx\thirdparties\pdsc\STMicroelectronics.FP-SNS-MOTENV1.5.1.0.pdsc: PDSC version is not supported
2026-08-10 10:09:39,439 [WARN] PackLoader:240 - Cannot read IP mode file for STMicroelectronics.X-CUBE-AZRTOS-H7RS.1.3.0
2026-08-10 10:09:39,458 [ERROR] Engine:466 - C:\Users\dryem.EMRE\.stm32cubemx\thirdparties\pdsc\WES.I-CUBE-Cesium.1.4.0.pdsc: PDSC version is not supported
2026-08-10 10:09:39,475 [WARN] PackLoader:240 - Cannot read IP mode file for STMicroelectronics.X-CUBE-DISPLAY.3.0.0
2026-08-10 10:09:39,497 [WARN] PackLoader:240 - Cannot read IP mode file for STMicroelectronics.X-CUBE-GNSS1.7.1.1
2026-08-10 10:09:39,514 [ERROR] Engine:466 - C:\Users\dryem.EMRE\.stm32cubemx\thirdparties\pdsc\STMicroelectronics.FP-SNS-MOTENVWB1.1.5.0.pdsc: PDSC version is not supported
2026-08-10 10:09:39,529 [WARN] PackLoader:240 - Cannot read IP mode file for wolfSSL.I-CUBE-wolfSSL.5.9.1
2026-08-10 10:09:39,542 [WARN] PackLoader:240 - Cannot read IP mode file for STMicroelectronics.X-CUBE-NFC10.1.0.0
2026-08-10 10:09:39,555 [ERROR] Engine:466 - C:\Users\dryem.EMRE\.stm32cubemx\thirdparties\pdsc\STMicroelectronics.X-CUBE-ST60.1.1.0.pdsc: PDSC version is not supported
2026-08-10 10:09:39,571 [WARN] PackLoader:240 - Cannot read IP mode file for emotas.I-CUBE-CANOPEN.1.3.0
2026-08-10 10:09:39,584 [WARN] PackLoader:240 - Cannot read IP mode file for wolfSSL.I-CUBE-wolfSSL.5.9.2
2026-08-10 10:09:39,595 [ERROR] Engine:466 - C:\Users\dryem.EMRE\.stm32cubemx\thirdparties\pdsc\STMicroelectronics.X-CUBE-WBA.1.1.0.pdsc: PDSC version is not supported
2026-08-10 10:09:39,608 [ERROR] Engine:466 - C:\Users\dryem.EMRE\.stm32cubemx\thirdparties\pdsc\STMicroelectronics.FP-SNS-STBOX1.2.1.0.pdsc: PDSC version is not supported
2026-08-10 10:09:39,620 [WARN] PackLoader:240 - Cannot read IP mode file for STMicroelectronics.FP-SNS-SMARTAG2.1.2.0
2026-08-10 10:09:39,631 [ERROR] Engine:466 - C:\Users\dryem.EMRE\.stm32cubemx\thirdparties\pdsc\STMicroelectronics.FP-SNS-FLIGHT1.5.1.0.pdsc: PDSC version is not supported
2026-08-10 10:09:39,649 [INFO] LogOutputStream:77 - [STDOUT_REDIRECT] 1 : Invalid condition id : UX_CORESTACK_Condition cause : null
2026-08-10 10:09:39,650 [INFO] LogOutputStream:77 - [STDOUT_REDIRECT] 1 : Invalid condition id : UX_CORESTACK_Condition cause : null
2026-08-10 10:09:39,651 [INFO] LogOutputStream:77 - [STDOUT_REDIRECT] 1 : Invalid condition id : UX_CORESTACK_Condition cause : null
2026-08-10 10:09:39,652 [INFO] LogOutputStream:77 - [STDOUT_REDIRECT] 1 : Invalid condition id : UX_CORESTACK_Condition cause : null
2026-08-10 10:09:39,652 [INFO] LogOutputStream:77 - [STDOUT_REDIRECT] 1 : Invalid condition id : UX_CORESTACK_Condition cause : null
2026-08-10 10:09:39,655 [WARN] PackLoader:240 - Cannot read IP mode file for STMicroelectronics.X-CUBE-AZRTOS-WL.2.0.0
2026-08-10 10:09:39,670 [WARN] PackLoader:240 - Cannot read IP mode file for STMicroelectronics.X-CUBE-BLE2.3.3.0
2026-08-10 10:09:39,680 [ERROR] Engine:466 - C:\Users\dryem.EMRE\.stm32cubemx\thirdparties\pdsc\Avnet-IOTCONNECT.X-CUBE-iotc-st67-sdk.1.0.0.pdsc: PDSC version is not supported
2026-08-10 10:09:39,707 [WARN] PackLoader:240 - Cannot read IP mode file for Infineon.AIROC-Wi-Fi-Bluetooth-STM32.1.8.0
2026-08-10 10:09:39,726 [WARN] PackLoader:240 - Cannot read IP mode file for STMicroelectronics.X-CUBE-NFC9.1.0.0
2026-08-10 10:09:39,742 [WARN] PackLoader:240 - Cannot read IP mode file for STMicroelectronics.X-CUBE-BLE1.7.1.0
2026-08-10 10:09:39,759 [WARN] PackLoader:240 - Cannot read IP mode file for wolfSSL.I-CUBE-wolfMQTT.1.19.2
2026-08-10 10:09:39,786 [WARN] PackLoader:240 - Cannot read IP mode file for STMicroelectronics.X-CUBE-EEPRMA1.5.2.0
2026-08-10 10:09:39,804 [ERROR] Engine:466 - C:\Users\dryem.EMRE\.stm32cubemx\thirdparties\pdsc\STMicroelectronics.FP-SNS-STAIOTCFT.1.1.0.pdsc: PDSC version is not supported
2026-08-10 10:09:39,844 [WARN] PackLoader:240 - Cannot read IP mode file for STMicroelectronics.X-CUBE-AZRTOS-G0.1.1.0
2026-08-10 10:09:39,870 [WARN] PackLoader:240 - Cannot read IP mode file for STMicroelectronics.X-CUBE-NFC4.3.0.0
2026-08-10 10:09:39,899 [WARN] PackLoader:240 - Cannot read IP mode file for EmbeddedOffice.I-CUBE-FS-RTOS.1.0.1
2026-08-10 10:09:39,900 [ERROR] ConditionMgr:805 - Attr not supported : Dmpu
2026-08-10 10:09:39,900 [ERROR] ConditionMgr:805 - Attr not supported : Dmpu
2026-08-10 10:09:39,900 [ERROR] ConditionMgr:805 - Attr not supported : Dmpu
2026-08-10 10:09:39,900 [ERROR] ConditionMgr:805 - Attr not supported : Dmpu
2026-08-10 10:09:39,900 [ERROR] ConditionMgr:805 - Attr not supported : Dmpu
2026-08-10 10:09:39,900 [ERROR] ConditionMgr:805 - Attr not supported : Dmpu
2026-08-10 10:09:39,900 [ERROR] ConditionMgr:805 - Attr not supported : Dmpu
2026-08-10 10:09:39,900 [ERROR] ConditionMgr:805 - Attr not supported : Dmpu
2026-08-10 10:09:39,900 [ERROR] ConditionMgr:805 - Attr not supported : Dmpu
2026-08-10 10:09:39,900 [ERROR] ConditionMgr:805 - Attr not supported : Dmpu
2026-08-10 10:09:39,901 [ERROR] ConditionMgr:805 - Attr not supported : Dmpu
2026-08-10 10:09:39,901 [ERROR] ConditionMgr:805 - Attr not supported : Dmpu
2026-08-10 10:09:39,901 [ERROR] ConditionMgr:805 - Attr not supported : Dmpu
2026-08-10 10:09:39,901 [ERROR] ConditionMgr:805 - Attr not supported : Dmpu
2026-08-10 10:09:39,901 [ERROR] ConditionMgr:805 - Attr not supported : Dmpu
2026-08-10 10:09:39,921 [ERROR] ConditionMgr:805 - Attr not supported : Dmpu
2026-08-10 10:09:39,922 [ERROR] ConditionMgr:805 - Attr not supported : Dmpu
2026-08-10 10:09:39,922 [ERROR] ConditionMgr:805 - Attr not supported : Dmpu
2026-08-10 10:09:39,922 [ERROR] ConditionMgr:805 - Attr not supported : Dmpu
2026-08-10 10:09:39,922 [ERROR] ConditionMgr:805 - Attr not supported : Dmpu
2026-08-10 10:09:39,922 [ERROR] ConditionMgr:805 - Attr not supported : Dmpu
2026-08-10 10:09:39,922 [ERROR] ConditionMgr:805 - Attr not supported : Dmpu
2026-08-10 10:09:39,922 [ERROR] ConditionMgr:805 - Attr not supported : Dmpu
2026-08-10 10:09:39,922 [ERROR] ConditionMgr:805 - Attr not supported : Dmpu
2026-08-10 10:09:39,922 [ERROR] ConditionMgr:805 - Attr not supported : Dmpu
2026-08-10 10:09:39,923 [ERROR] ConditionMgr:805 - Attr not supported : Dmpu
2026-08-10 10:09:39,923 [ERROR] ConditionMgr:805 - Attr not supported : Dmpu
2026-08-10 10:09:39,923 [ERROR] ConditionMgr:805 - Attr not supported : Dmpu
2026-08-10 10:09:39,923 [ERROR] ConditionMgr:805 - Attr not supported : Dmpu
2026-08-10 10:09:39,923 [ERROR] ConditionMgr:805 - Attr not supported : Dmpu
2026-08-10 10:09:39,923 [ERROR] ConditionMgr:805 - Attr not supported : Dmpu
2026-08-10 10:09:39,923 [ERROR] ConditionMgr:805 - Attr not supported : Dmpu
2026-08-10 10:09:39,923 [ERROR] ConditionMgr:805 - Attr not supported : Dmpu
2026-08-10 10:09:39,923 [ERROR] ConditionMgr:805 - Attr not supported : Dmpu
2026-08-10 10:09:39,923 [ERROR] ConditionMgr:805 - Attr not supported : Dmpu
2026-08-10 10:09:39,923 [ERROR] ConditionMgr:805 - Attr not supported : Dmpu
2026-08-10 10:09:39,924 [ERROR] ConditionMgr:805 - Attr not supported : Dmpu
2026-08-10 10:09:39,924 [ERROR] ConditionMgr:805 - Attr not supported : Dmpu
2026-08-10 10:09:39,924 [ERROR] ConditionMgr:805 - Attr not supported : Dmpu
2026-08-10 10:09:39,924 [ERROR] ConditionMgr:805 - Attr not supported : Dmpu
2026-08-10 10:09:39,925 [ERROR] ConditionMgr:805 - Attr not supported : Dmpu
2026-08-10 10:09:39,925 [ERROR] ConditionMgr:805 - Attr not supported : Dmpu
2026-08-10 10:09:39,925 [ERROR] ConditionMgr:805 - Attr not supported : Dmpu
2026-08-10 10:09:39,925 [ERROR] ConditionMgr:805 - Attr not supported : Dmpu
2026-08-10 10:09:39,925 [ERROR] ConditionMgr:805 - Attr not supported : Dmpu
2026-08-10 10:09:39,925 [ERROR] ConditionMgr:805 - Attr not supported : Dmpu
2026-08-10 10:09:39,925 [ERROR] ConditionMgr:805 - Attr not supported : Dmpu
2026-08-10 10:09:39,925 [ERROR] ConditionMgr:805 - Attr not supported : Dmpu
2026-08-10 10:09:39,925 [ERROR] ConditionMgr:805 - Attr not supported : Dmpu
2026-08-10 10:09:39,925 [ERROR] ConditionMgr:805 - Attr not supported : Dmpu
2026-08-10 10:09:39,925 [ERROR] ConditionMgr:805 - Attr not supported : Dmpu
2026-08-10 10:09:39,925 [ERROR] ConditionMgr:805 - Attr not supported : Dmpu
2026-08-10 10:09:39,926 [ERROR] ConditionMgr:805 - Attr not supported : Dmpu
2026-08-10 10:09:39,926 [ERROR] ConditionMgr:805 - Attr not supported : Dmpu
2026-08-10 10:09:39,926 [ERROR] ConditionMgr:805 - Attr not supported : Dmpu
2026-08-10 10:09:39,926 [ERROR] ConditionMgr:805 - Attr not supported : Dmpu
2026-08-10 10:09:39,926 [ERROR] ConditionMgr:805 - Attr not supported : Dmpu
2026-08-10 10:09:39,926 [ERROR] ConditionMgr:805 - Attr not supported : Dmpu
2026-08-10 10:09:39,926 [ERROR] ConditionMgr:805 - Attr not supported : Dmpu
2026-08-10 10:09:39,926 [ERROR] ConditionMgr:805 - Attr not supported : Dmpu
2026-08-10 10:09:39,926 [ERROR] ConditionMgr:805 - Attr not supported : Dmpu
2026-08-10 10:09:39,926 [ERROR] ConditionMgr:805 - Attr not supported : Dmpu
2026-08-10 10:09:39,926 [ERROR] ConditionMgr:805 - Attr not supported : Dmpu
2026-08-10 10:09:39,926 [ERROR] ConditionMgr:805 - Attr not supported : Dmpu
2026-08-10 10:09:39,951 [WARN] PackLoader:240 - Cannot read IP mode file for wolfSSL.I-CUBE-wolfTPM.3.8.0
2026-08-10 10:09:39,973 [ERROR] Engine:466 - C:\Users\dryem.EMRE\.stm32cubemx\thirdparties\pdsc\STMicroelectronics.X-CUBE-TCPP.4.2.0.pdsc: PDSC version is not supported
2026-08-10 10:09:39,989 [WARN] PackLoader:240 - Cannot read IP mode file for RealThread.X-CUBE-RT-Thread_Nano.4.1.1
2026-08-10 10:09:40,004 [WARN] PackLoader:240 - Cannot read IP mode file for STMicroelectronics.FP-ATR-SIGFOX1.3.2.0
2026-08-10 10:09:40,020 [WARN] PackLoader:240 - Cannot read IP mode file for ITTIA_DB.I-CUBE-ITTIADB.8.9.0
2026-08-10 10:09:40,037 [ERROR] Engine:466 - C:\Users\dryem.EMRE\.stm32cubemx\thirdparties\pdsc\Cesanta.I-CUBE-Mongoose.7.21.7.pdsc: PDSC version is not supported
2026-08-10 10:09:40,063 [WARN] PackLoader:240 - Cannot read IP mode file for STMicroelectronics.X-CUBE-NFC6.3.2.0
2026-08-10 10:09:40,189 [WARN] PackLoader:240 - Cannot read IP mode file for STMicroelectronics.X-CUBE-AI.10.2.1
2026-08-10 10:09:40,242 [WARN] PackLoader:240 - Cannot read IP mode file for STMicroelectronics.X-CUBE-MEMS1.12.1.0
2026-08-10 10:09:40,418 [WARN] PackLoader:240 - Cannot read IP mode file for SEGGER.I-CUBE-embOS.1.3.1
2026-08-10 10:09:40,529 [WARN] PackLoader:240 - Cannot read IP mode file for STMicroelectronics.X-CUBE-NFC13.1.0.0
2026-08-10 10:09:40,551 [WARN] PackLoader:240 - Cannot read IP mode file for STMicroelectronics.X-CUBE-PM33A1.1.0.0
2026-08-10 10:09:40,621 [WARN] PackLoader:240 - Cannot read IP mode file for STMicroelectronics.X-CUBE-AZRTOS-F4.1.1.0
2026-08-10 10:09:40,647 [WARN] PackLoader:240 - Cannot read IP mode file for STMicroelectronics.X-CUBE-ISPU.2.1.0
2026-08-10 10:09:40,678 [ERROR] Engine:466 - C:\Users\dryem.EMRE\.stm32cubemx\thirdparties\pdsc\STMicroelectronics.X-CUBE-IPS.3.2.0.pdsc: PDSC version is not supported
2026-08-10 10:09:40,693 [ERROR] Engine:466 - C:\Users\dryem.EMRE\.stm32cubemx\thirdparties\pdsc\STMicroelectronics.eDS-WB_DPC_TT-BIDIR.2.1.1.pdsc: PDSC version is not supported
2026-08-10 10:09:40,717 [WARN] PackLoader:240 - Cannot read IP mode file for STMicroelectronics.X-CUBE-NFC12.1.0.0
2026-08-10 10:09:40,773 [WARN] PackLoader:240 - Cannot read IP mode file for STMicroelectronics.X-CUBE-AZRTOS-L5.2.0.0
2026-08-10 10:09:40,810 [WARN] PackLoader:240 - Cannot read IP mode file for STMicroelectronics.X-CUBE-ALGOBUILD.1.5.0
2026-08-10 10:09:40,840 [ERROR] Engine:466 - C:\Users\dryem.EMRE\.stm32cubemx\thirdparties\pdsc\STMicroelectronics.eDS-WB_DPC_VIENNA.1.2.0.pdsc: PDSC version is not supported
2026-08-10 10:09:40,937 [WARN] PackLoader:240 - Cannot read IP mode file for STMicroelectronics.X-CUBE-MEMS1.13.0.0
2026-08-10 10:09:41,086 [ERROR] Engine:466 - C:\Users\dryem.EMRE\.stm32cubemx\thirdparties\pdsc\STMicroelectronics.eDS-WB_DPC_3PH2L-BIDIR.1.1.1.pdsc: PDSC version is not supported
2026-08-10 10:09:41,104 [ERROR] Engine:466 - C:\Users\dryem.EMRE\.stm32cubemx\thirdparties\pdsc\STMicroelectronics.X-CUBE-ST67W61.1.3.0.pdsc: PDSC version is not supported
2026-08-10 10:09:41,126 [WARN] PackLoader:240 - Cannot read IP mode file for STMicroelectronics.X-CUBE-TOUCHGFX.4.26.1
2026-08-10 10:09:41,143 [WARN] PackLoader:240 - Cannot read IP mode file for STMicroelectronics.X-CUBE-DPower.1.3.0
2026-08-10 10:09:41,194 [WARN] ConditionMgr:438 - getConditionDescription Invalid condition id : LAN8742 Phy interface Condition cause : null
2026-08-10 10:09:41,195 [WARN] PackLoader:240 - Cannot read IP mode file for STMicroelectronics.X-CUBE-AZRTOS-L4.2.0.0
2026-08-10 10:09:41,196 [WARN] ConditionMgr:1039 - genDependencies : Invalid condition id : LAN8742 Phy interface Condition cause : null
2026-08-10 10:09:41,197 [WARN] ConditionMgr:1039 - genDependencies : Invalid condition id : LAN8742 Phy interface Condition cause : null
2026-08-10 10:09:41,197 [WARN] ConditionMgr:1039 - genDependencies : Invalid condition id : LAN8742 Phy interface Condition cause : null
2026-08-10 10:09:41,222 [WARN] PackLoader:240 - Cannot read IP mode file for STMicroelectronics.X-CUBE-SFXS2LP1.4.0.0
2026-08-10 10:09:41,247 [WARN] PackLoader:240 - Cannot read IP mode file for STMicroelectronics.X-CUBE-WB05N.2.1.0
2026-08-10 10:09:41,285 [WARN] ConditionMgr:438 - getConditionDescription Invalid condition id : UX DEVICE CLASS RTOS Condition cause : null
2026-08-10 10:09:41,285 [WARN] ConditionMgr:438 - getConditionDescription Invalid condition id : UX DEVICE CLASS RTOS Condition cause : null
2026-08-10 10:09:41,286 [WARN] PackLoader:240 - Cannot read IP mode file for STMicroelectronics.X-CUBE-AZRTOS-WB.2.0.0
2026-08-10 10:09:41,287 [WARN] ConditionMgr:1039 - genDependencies : Invalid condition id : UX DEVICE CLASS RTOS Condition cause : null
2026-08-10 10:09:41,287 [WARN] ConditionMgr:1039 - genDependencies : Invalid condition id : UX DEVICE CLASS RTOS Condition cause : null
2026-08-10 10:09:41,287 [WARN] ConditionMgr:1039 - genDependencies : Invalid condition id : UX DEVICE CLASS RTOS Condition cause : null
2026-08-10 10:09:41,287 [WARN] ConditionMgr:1039 - genDependencies : Invalid condition id : UX DEVICE CLASS RTOS Condition cause : null
2026-08-10 10:09:41,288 [WARN] ConditionMgr:1039 - genDependencies : Invalid condition id : UX DEVICE CLASS RTOS Condition cause : null
2026-08-10 10:09:41,305 [WARN] ConditionMgr:438 - getConditionDescription Invalid condition id : Cortex-A Device cause : null
2026-08-10 10:09:41,350 [WARN] ConditionMgr:1039 - genDependencies : Invalid condition id : Cortex-A Device cause : null
2026-08-10 10:09:41,350 [WARN] ConditionMgr:1039 - genDependencies : Invalid condition id : Cortex-A Device cause : null
2026-08-10 10:09:41,350 [WARN] ConditionMgr:1039 - genDependencies : Invalid condition id : Cortex-A Device cause : null
2026-08-10 10:09:41,375 [WARN] PackLoader:240 - Cannot read IP mode file for STMicroelectronics.X-CUBE-STSE01.2.0.0
2026-08-10 10:09:41,408 [WARN] PackLoader:240 - Cannot read IP mode file for STMicroelectronics.X-CUBE-SUBG2.5.0.0
2026-08-10 10:09:41,458 [WARN] PackLoader:240 - Cannot read IP mode file for STMicroelectronics.X-CUBE-AZRTOS-G4.2.0.0
2026-08-10 10:09:41,489 [WARN] PackLoader:240 - Cannot read IP mode file for wolfSSL.I-CUBE-wolfSSH.1.4.20
2026-08-10 10:09:41,525 [WARN] PackLoader:240 - Cannot read IP mode file for STMicroelectronics.X-CUBE-NFC7.2.0.0
2026-08-10 10:09:41,557 [ERROR] Engine:466 - C:\Users\dryem.EMRE\.stm32cubemx\thirdparties\pdsc\STMicroelectronics.X-CUBE-BLEMGR.4.2.0.pdsc: PDSC version is not supported
2026-08-10 10:09:41,581 [INFO] WebApp:161 - Instantiating new browser for Auth
2026-08-10 10:09:41,582 [WARN] PackLoader:240 - Cannot read IP mode file for STMicroelectronics.X-CUBE-ALS.1.0.2
2026-08-10 10:09:41,612 [ERROR] Engine:466 - C:\Users\dryem.EMRE\.stm32cubemx\thirdparties\pdsc\STMicroelectronics.X-CUBE-TOF1.3.4.3.pdsc: PDSC version is not supported
2026-08-10 10:09:41,612 [INFO] ThirdParty:978 - Integrity check success = true
2026-08-10 10:09:41,612 [INFO] IntegrityCheckThread:100 - exiting critical section [integrity check]
2026-08-10 10:09:41,612 [INFO] IntegrityCheckThread:103 - End integrity checks thread
2026-08-10 10:09:42,710 [INFO] WebApp:779 - Register for checkConnection events
2026-08-10 10:09:42,710 [INFO] WebApp:414 - Apply proxy settings
2026-08-10 10:09:42,710 [INFO] WebApp:499 - Chromium requires no authentication
2026-08-10 10:09:42,757 [INFO] WebApp:442 - Direct internet connection detected
2026-08-10 10:09:43,051 [INFO] WebApp:192 - Starting web application
2026-08-10 10:09:43,051 [INFO] WebApp:544 - Web application path used C:\ST\STM32CubeIDE_1.15.1\STM32CubeIDE\plugins\com.st.stm32cube.common.mx_6.11.1.202404110753\db\plugins\mcufinder\reactClient1\index.html
2026-08-10 10:09:43,321 [ERROR] LogOutputStream:75 - [STDERR_REDIRECT] [Fatal Error] :1:1: Premature end of file.
2026-08-10 10:09:43,322 [ERROR] LogOutputStream:75 - [STDERR_REDIRECT] 
2026-08-10 10:09:44,290 [ERROR] LogOutputStream:75 - [STDERR_REDIRECT] [Fatal Error] :1:1: Premature end of file.
2026-08-10 10:09:44,291 [ERROR] LogOutputStream:75 - [STDERR_REDIRECT] 
2026-08-10 10:09:45,292 [ERROR] LogOutputStream:75 - [STDERR_REDIRECT] [Fatal Error] :1:1: Premature end of file.
2026-08-10 10:09:45,292 [ERROR] LogOutputStream:75 - [STDERR_REDIRECT] 
2026-08-10 10:09:46,302 [ERROR] LogOutputStream:75 - [STDERR_REDIRECT] [Fatal Error] :1:1: Premature end of file.
2026-08-10 10:09:46,302 [ERROR] LogOutputStream:75 - [STDERR_REDIRECT] 
2026-08-10 10:09:47,304 [ERROR] LogOutputStream:75 - [STDERR_REDIRECT] [Fatal Error] :1:1: Premature end of file.
2026-08-10 10:09:47,304 [ERROR] LogOutputStream:75 - [STDERR_REDIRECT] 
2026-08-10 10:09:48,291 [ERROR] LogOutputStream:75 - [STDERR_REDIRECT] [Fatal Error] :1:1: Premature end of file.
2026-08-10 10:09:48,291 [ERROR] LogOutputStream:75 - [STDERR_REDIRECT] 
2026-08-10 10:09:49,290 [ERROR] LogOutputStream:75 - [STDERR_REDIRECT] [Fatal Error] :1:1: Premature end of file.
2026-08-10 10:09:49,290 [ERROR] LogOutputStream:75 - [STDERR_REDIRECT] 
2026-08-10 10:09:50,290 [ERROR] LogOutputStream:75 - [STDERR_REDIRECT] [Fatal Error] :1:1: Premature end of file.
2026-08-10 10:09:50,291 [ERROR] LogOutputStream:75 - [STDERR_REDIRECT] 
2026-08-10 10:09:51,289 [ERROR] LogOutputStream:75 - [STDERR_REDIRECT] [Fatal Error] :1:1: Premature end of file.
2026-08-10 10:09:51,289 [ERROR] LogOutputStream:75 - [STDERR_REDIRECT] 
2026-08-10 10:09:52,297 [ERROR] LogOutputStream:75 - [STDERR_REDIRECT] [Fatal Error] :1:1: Premature end of file.
2026-08-10 10:09:52,298 [ERROR] LogOutputStream:75 - [STDERR_REDIRECT] 
2026-08-10 10:09:53,295 [ERROR] LogOutputStream:75 - [STDERR_REDIRECT] [Fatal Error] :1:1: Premature end of file.
2026-08-10 10:09:53,295 [ERROR] LogOutputStream:75 - [STDERR_REDIRECT] 
2026-08-10 10:09:54,296 [ERROR] LogOutputStream:75 - [STDERR_REDIRECT] [Fatal Error] :1:1: Premature end of file.
2026-08-10 10:09:54,296 [ERROR] LogOutputStream:75 - [STDERR_REDIRECT] 
2026-08-10 10:09:55,291 [ERROR] LogOutputStream:75 - [STDERR_REDIRECT] [Fatal Error] :1:1: Premature end of file.
2026-08-10 10:09:55,291 [ERROR] LogOutputStream:75 - [STDERR_REDIRECT] 
2026-08-10 10:09:56,301 [ERROR] LogOutputStream:75 - [STDERR_REDIRECT] [Fatal Error] :1:1: Premature end of file.
2026-08-10 10:09:56,301 [ERROR] LogOutputStream:75 - [STDERR_REDIRECT] 
2026-08-10 10:09:57,289 [ERROR] LogOutputStream:75 - [STDERR_REDIRECT] [Fatal Error] :1:1: Premature end of file.
2026-08-10 10:09:57,290 [ERROR] LogOutputStream:75 - [STDERR_REDIRECT] 
2026-08-10 10:09:58,292 [ERROR] LogOutputStream:75 - [STDERR_REDIRECT] [Fatal Error] :1:1: Premature end of file.
2026-08-10 10:09:58,293 [ERROR] LogOutputStream:75 - [STDERR_REDIRECT] 
2026-08-10 10:09:59,289 [ERROR] LogOutputStream:75 - [STDERR_REDIRECT] [Fatal Error] :1:1: Premature end of file.
2026-08-10 10:09:59,290 [ERROR] LogOutputStream:75 - [STDERR_REDIRECT] 
2026-08-10 10:10:00,290 [ERROR] LogOutputStream:75 - [STDERR_REDIRECT] [Fatal Error] :1:1: Premature end of file.
2026-08-10 10:10:00,290 [ERROR] LogOutputStream:75 - [STDERR_REDIRECT] 
2026-08-10 10:10:01,290 [ERROR] LogOutputStream:75 - [STDERR_REDIRECT] [Fatal Error] :1:1: Premature end of file.
2026-08-10 10:10:01,290 [ERROR] LogOutputStream:75 - [STDERR_REDIRECT] 
2026-08-10 10:10:02,292 [ERROR] LogOutputStream:75 - [STDERR_REDIRECT] [Fatal Error] :1:1: Premature end of file.
2026-08-10 10:10:02,293 [ERROR] LogOutputStream:75 - [STDERR_REDIRECT] 
2026-08-10 10:10:03,290 [ERROR] LogOutputStream:75 - [STDERR_REDIRECT] [Fatal Error] :1:1: Premature end of file.
2026-08-10 10:10:03,290 [ERROR] LogOutputStream:75 - [STDERR_REDIRECT] 
2026-08-10 10:10:04,291 [ERROR] LogOutputStream:75 - [STDERR_REDIRECT] [Fatal Error] :1:1: Premature end of file.
2026-08-10 10:10:04,291 [ERROR] LogOutputStream:75 - [STDERR_REDIRECT] 
2026-08-10 10:10:05,294 [ERROR] LogOutputStream:75 - [STDERR_REDIRECT] [Fatal Error] :1:1: Premature end of file.
2026-08-10 10:10:05,295 [ERROR] LogOutputStream:75 - [STDERR_REDIRECT] 
2026-08-10 10:10:06,290 [ERROR] LogOutputStream:75 - [STDERR_REDIRECT] [Fatal Error] :1:1: Premature end of file.
2026-08-10 10:10:06,290 [ERROR] LogOutputStream:75 - [STDERR_REDIRECT] 
2026-08-10 10:10:07,288 [ERROR] LogOutputStream:75 - [STDERR_REDIRECT] [Fatal Error] :1:1: Premature end of file.
2026-08-10 10:10:07,289 [ERROR] LogOutputStream:75 - [STDERR_REDIRECT] 
2026-08-10 10:10:08,292 [ERROR] LogOutputStream:75 - [STDERR_REDIRECT] [Fatal Error] :1:1: Premature end of file.
2026-08-10 10:10:08,292 [ERROR] LogOutputStream:75 - [STDERR_REDIRECT] 
2026-08-10 10:10:09,290 [ERROR] LogOutputStream:75 - [STDERR_REDIRECT] [Fatal Error] :1:1: Premature end of file.
2026-08-10 10:10:09,291 [ERROR] LogOutputStream:75 - [STDERR_REDIRECT] 
2026-08-10 10:10:10,296 [ERROR] LogOutputStream:75 - [STDERR_REDIRECT] [Fatal Error] :1:1: Premature end of file.
2026-08-10 10:10:10,296 [ERROR] LogOutputStream:75 - [STDERR_REDIRECT] 
2026-08-10 10:10:11,309 [ERROR] LogOutputStream:75 - [STDERR_REDIRECT] [Fatal Error] :1:1: Premature end of file.
2026-08-10 10:10:11,309 [ERROR] LogOutputStream:75 - [STDERR_REDIRECT] 
2026-08-10 10:10:12,306 [ERROR] LogOutputStream:75 - [STDERR_REDIRECT] [Fatal Error] :1:1: Premature end of file.
2026-08-10 10:10:12,306 [ERROR] LogOutputStream:75 - [STDERR_REDIRECT] 
2026-08-10 10:10:13,295 [ERROR] LogOutputStream:75 - [STDERR_REDIRECT] [Fatal Error] :1:1: Premature end of file.
2026-08-10 10:10:13,295 [ERROR] LogOutputStream:75 - [STDERR_REDIRECT] 
2026-08-10 10:10:14,315 [ERROR] LogOutputStream:75 - [STDERR_REDIRECT] [Fatal Error] :1:1: Premature end of file.
2026-08-10 10:10:14,315 [ERROR] LogOutputStream:75 - [STDERR_REDIRECT] 
2026-08-10 10:10:15,304 [ERROR] LogOutputStream:75 - [STDERR_REDIRECT] [Fatal Error] :1:1: Premature end of file.
2026-08-10 10:10:15,304 [ERROR] LogOutputStream:75 - [STDERR_REDIRECT] 
2026-08-10 10:10:16,298 [ERROR] LogOutputStream:75 - [STDERR_REDIRECT] [Fatal Error] :1:1: Premature end of file.
2026-08-10 10:10:16,298 [ERROR] LogOutputStream:75 - [STDERR_REDIRECT] 
2026-08-10 10:10:17,300 [ERROR] LogOutputStream:75 - [STDERR_REDIRECT] [Fatal Error] :1:1: Premature end of file.
2026-08-10 10:10:17,301 [ERROR] LogOutputStream:75 - [STDERR_REDIRECT] 
2026-08-10 10:10:18,309 [ERROR] LogOutputStream:75 - [STDERR_REDIRECT] [Fatal Error] :1:1: Premature end of file.
2026-08-10 10:10:18,309 [ERROR] LogOutputStream:75 - [STDERR_REDIRECT] 
2026-08-10 10:10:19,300 [ERROR] LogOutputStream:75 - [STDERR_REDIRECT] [Fatal Error] :1:1: Premature end of file.
2026-08-10 10:10:19,300 [ERROR] LogOutputStream:75 - [STDERR_REDIRECT] 
2026-08-10 10:10:20,304 [ERROR] LogOutputStream:75 - [STDERR_REDIRECT] [Fatal Error] :1:1: Premature end of file.
2026-08-10 10:10:20,305 [ERROR] LogOutputStream:75 - [STDERR_REDIRECT] 
2026-08-10 10:10:21,303 [ERROR] LogOutputStream:75 - [STDERR_REDIRECT] [Fatal Error] :1:1: Premature end of file.
2026-08-10 10:10:21,304 [ERROR] LogOutputStream:75 - [STDERR_REDIRECT] 
2026-08-10 10:10:22,306 [ERROR] LogOutputStream:75 - [STDERR_REDIRECT] [Fatal Error] :1:1: Premature end of file.
2026-08-10 10:10:22,306 [ERROR] LogOutputStream:75 - [STDERR_REDIRECT] 
2026-08-10 10:10:23,307 [ERROR] LogOutputStream:75 - [STDERR_REDIRECT] [Fatal Error] :1:1: Premature end of file.
2026-08-10 10:10:23,308 [ERROR] LogOutputStream:75 - [STDERR_REDIRECT] 
2026-08-10 10:10:24,298 [ERROR] LogOutputStream:75 - [STDERR_REDIRECT] [Fatal Error] :1:1: Premature end of file.
2026-08-10 10:10:24,298 [ERROR] LogOutputStream:75 - [STDERR_REDIRECT] 
2026-08-10 10:10:25,306 [ERROR] LogOutputStream:75 - [STDERR_REDIRECT] [Fatal Error] :1:1: Premature end of file.
2026-08-10 10:10:25,307 [ERROR] LogOutputStream:75 - [STDERR_REDIRECT] 
2026-08-10 10:10:26,307 [ERROR] LogOutputStream:75 - [STDERR_REDIRECT] [Fatal Error] :1:1: Premature end of file.
2026-08-10 10:10:26,307 [ERROR] LogOutputStream:75 - [STDERR_REDIRECT] 
2026-08-10 10:10:27,298 [ERROR] LogOutputStream:75 - [STDERR_REDIRECT] [Fatal Error] :1:1: Premature end of file.
2026-08-10 10:10:27,298 [ERROR] LogOutputStream:75 - [STDERR_REDIRECT] 
2026-08-10 10:10:28,315 [ERROR] LogOutputStream:75 - [STDERR_REDIRECT] [Fatal Error] :1:1: Premature end of file.
2026-08-10 10:10:28,315 [ERROR] LogOutputStream:75 - [STDERR_REDIRECT] 
2026-08-10 10:10:29,297 [ERROR] LogOutputStream:75 - [STDERR_REDIRECT] [Fatal Error] :1:1: Premature end of file.
2026-08-10 10:10:29,297 [ERROR] LogOutputStream:75 - [STDERR_REDIRECT] 
2026-08-10 10:10:30,304 [ERROR] LogOutputStream:75 - [STDERR_REDIRECT] [Fatal Error] :1:1: Premature end of file.
2026-08-10 10:10:30,304 [ERROR] LogOutputStream:75 - [STDERR_REDIRECT] 
2026-08-10 10:10:31,311 [ERROR] LogOutputStream:75 - [STDERR_REDIRECT] [Fatal Error] :1:1: Premature end of file.
2026-08-10 10:10:31,312 [ERROR] LogOutputStream:75 - [STDERR_REDIRECT] 
2026-08-10 10:10:32,314 [ERROR] LogOutputStream:75 - [STDERR_REDIRECT] [Fatal Error] :1:1: Premature end of file.
2026-08-10 10:10:32,315 [ERROR] LogOutputStream:75 - [STDERR_REDIRECT] 
2026-08-10 10:10:33,301 [ERROR] LogOutputStream:75 - [STDERR_REDIRECT] [Fatal Error] :1:1: Premature end of file.
2026-08-10 10:10:33,301 [ERROR] LogOutputStream:75 - [STDERR_REDIRECT] 
2026-08-10 10:10:34,302 [ERROR] LogOutputStream:75 - [STDERR_REDIRECT] [Fatal Error] :1:1: Premature end of file.
2026-08-10 10:10:34,302 [ERROR] LogOutputStream:75 - [STDERR_REDIRECT] 
2026-08-10 10:10:35,303 [ERROR] LogOutputStream:75 - [STDERR_REDIRECT] [Fatal Error] :1:1: Premature end of file.
2026-08-10 10:10:35,303 [ERROR] LogOutputStream:75 - [STDERR_REDIRECT] 
2026-08-10 10:10:36,293 [ERROR] LogOutputStream:75 - [STDERR_REDIRECT] [Fatal Error] :1:1: Premature end of file.
2026-08-10 10:10:36,293 [ERROR] LogOutputStream:75 - [STDERR_REDIRECT] 
2026-08-10 10:10:37,294 [ERROR] LogOutputStream:75 - [STDERR_REDIRECT] [Fatal Error] :1:1: Premature end of file.
2026-08-10 10:10:37,296 [ERROR] LogOutputStream:75 - [STDERR_REDIRECT] 
2026-08-10 10:10:38,296 [ERROR] LogOutputStream:75 - [STDERR_REDIRECT] [Fatal Error] :1:1: Premature end of file.
2026-08-10 10:10:38,296 [ERROR] LogOutputStream:75 - [STDERR_REDIRECT] 
2026-08-10 10:10:39,295 [ERROR] LogOutputStream:75 - [STDERR_REDIRECT] [Fatal Error] :1:1: Premature end of file.
2026-08-10 10:10:39,296 [ERROR] LogOutputStream:75 - [STDERR_REDIRECT] 
2026-08-10 10:10:40,294 [ERROR] LogOutputStream:75 - [STDERR_REDIRECT] [Fatal Error] :1:1: Premature end of file.
2026-08-10 10:10:40,295 [ERROR] LogOutputStream:75 - [STDERR_REDIRECT] 
2026-08-10 10:10:41,290 [ERROR] LogOutputStream:75 - [STDERR_REDIRECT] [Fatal Error] :1:1: Premature end of file.
2026-08-10 10:10:41,290 [ERROR] LogOutputStream:75 - [STDERR_REDIRECT] 
2026-08-10 10:10:42,291 [ERROR] LogOutputStream:75 - [STDERR_REDIRECT] [Fatal Error] :1:1: Premature end of file.
2026-08-10 10:10:42,291 [ERROR] LogOutputStream:75 - [STDERR_REDIRECT] 
2026-08-10 10:10:43,291 [ERROR] LogOutputStream:75 - [STDERR_REDIRECT] [Fatal Error] :1:1: Premature end of file.
2026-08-10 10:10:43,291 [ERROR] LogOutputStream:75 - [STDERR_REDIRECT] 
2026-08-10 10:10:44,291 [ERROR] LogOutputStream:75 - [STDERR_REDIRECT] [Fatal Error] :1:1: Premature end of file.
2026-08-10 10:10:44,291 [ERROR] LogOutputStream:75 - [STDERR_REDIRECT] 
2026-08-10 10:10:45,294 [ERROR] LogOutputStream:75 - [STDERR_REDIRECT] [Fatal Error] :1:1: Premature end of file.
2026-08-10 10:10:45,295 [ERROR] LogOutputStream:75 - [STDERR_REDIRECT] 
2026-08-10 10:10:46,292 [ERROR] LogOutputStream:75 - [STDERR_REDIRECT] [Fatal Error] :1:1: Premature end of file.
2026-08-10 10:10:46,292 [ERROR] LogOutputStream:75 - [STDERR_REDIRECT] 
2026-08-10 10:10:47,289 [ERROR] LogOutputStream:75 - [STDERR_REDIRECT] [Fatal Error] :1:1: Premature end of file.
2026-08-10 10:10:47,290 [ERROR] LogOutputStream:75 - [STDERR_REDIRECT] 
2026-08-10 10:10:48,291 [ERROR] LogOutputStream:75 - [STDERR_REDIRECT] [Fatal Error] :1:1: Premature end of file.
2026-08-10 10:10:48,291 [ERROR] LogOutputStream:75 - [STDERR_REDIRECT] 
2026-08-10 10:10:49,293 [ERROR] LogOutputStream:75 - [STDERR_REDIRECT] [Fatal Error] :1:1: Premature end of file.
2026-08-10 10:10:49,293 [ERROR] LogOutputStream:75 - [STDERR_REDIRECT] 
2026-08-10 10:10:50,301 [ERROR] LogOutputStream:75 - [STDERR_REDIRECT] [Fatal Error] :1:1: Premature end of file.
2026-08-10 10:10:50,301 [ERROR] LogOutputStream:75 - [STDERR_REDIRECT] 
2026-08-10 10:10:51,293 [ERROR] LogOutputStream:75 - [STDERR_REDIRECT] [Fatal Error] :1:1: Premature end of file.
2026-08-10 10:10:51,293 [ERROR] LogOutputStream:75 - [STDERR_REDIRECT] 
2026-08-10 10:10:52,293 [ERROR] LogOutputStream:75 - [STDERR_REDIRECT] [Fatal Error] :1:1: Premature end of file.
2026-08-10 10:10:52,293 [ERROR] LogOutputStream:75 - [STDERR_REDIRECT] 
2026-08-10 10:10:53,289 [ERROR] LogOutputStream:75 - [STDERR_REDIRECT] [Fatal Error] :1:1: Premature end of file.
2026-08-10 10:10:53,289 [ERROR] LogOutputStream:75 - [STDERR_REDIRECT] 
2026-08-10 10:10:54,293 [ERROR] LogOutputStream:75 - [STDERR_REDIRECT] [Fatal Error] :1:1: Premature end of file.
2026-08-10 10:10:54,293 [ERROR] LogOutputStream:75 - [STDERR_REDIRECT] 
2026-08-10 10:10:55,295 [ERROR] LogOutputStream:75 - [STDERR_REDIRECT] [Fatal Error] :1:1: Premature end of file.
2026-08-10 10:10:55,296 [ERROR] LogOutputStream:75 - [STDERR_REDIRECT] 
2026-08-10 10:10:56,293 [ERROR] LogOutputStream:75 - [STDERR_REDIRECT] [Fatal Error] :1:1: Premature end of file.
2026-08-10 10:10:56,293 [ERROR] LogOutputStream:75 - [STDERR_REDIRECT] 
2026-08-10 10:10:57,296 [ERROR] LogOutputStream:75 - [STDERR_REDIRECT] [Fatal Error] :1:1: Premature end of file.
2026-08-10 10:10:57,296 [ERROR] LogOutputStream:75 - [STDERR_REDIRECT] 
2026-08-10 10:10:58,291 [ERROR] LogOutputStream:75 - [STDERR_REDIRECT] [Fatal Error] :1:1: Premature end of file.
2026-08-10 10:10:58,292 [ERROR] LogOutputStream:75 - [STDERR_REDIRECT] 
2026-08-10 10:10:59,305 [ERROR] LogOutputStream:75 - [STDERR_REDIRECT] [Fatal Error] :1:1: Premature end of file.
2026-08-10 10:10:59,305 [ERROR] LogOutputStream:75 - [STDERR_REDIRECT] 
2026-08-10 10:11:00,302 [ERROR] LogOutputStream:75 - [STDERR_REDIRECT] [Fatal Error] :1:1: Premature end of file.
2026-08-10 10:11:00,302 [ERROR] LogOutputStream:75 - [STDERR_REDIRECT] 
2026-08-10 10:11:01,292 [ERROR] LogOutputStream:75 - [STDERR_REDIRECT] [Fatal Error] :1:1: Premature end of file.
2026-08-10 10:11:01,292 [ERROR] LogOutputStream:75 - [STDERR_REDIRECT] 
2026-08-10 10:11:02,291 [ERROR] LogOutputStream:75 - [STDERR_REDIRECT] [Fatal Error] :1:1: Premature end of file.
2026-08-10 10:11:02,291 [ERROR] LogOutputStream:75 - [STDERR_REDIRECT] 
2026-08-10 10:11:03,292 [ERROR] LogOutputStream:75 - [STDERR_REDIRECT] [Fatal Error] :1:1: Premature end of file.
2026-08-10 10:11:03,292 [ERROR] LogOutputStream:75 - [STDERR_REDIRECT] 
2026-08-10 10:11:04,294 [ERROR] LogOutputStream:75 - [STDERR_REDIRECT] [Fatal Error] :1:1: Premature end of file.
2026-08-10 10:11:04,294 [ERROR] LogOutputStream:75 - [STDERR_REDIRECT] 
2026-08-10 10:11:04,383 [INFO] McuFinderGlobals:63 - Set McuFinder mode to 2 (CubeIDE integrated)
2026-08-10 10:11:04,406 [INFO] MainUpdater:2873 - connection check result : 10
2026-08-10 10:11:04,415 [INFO] MainUpdater:2873 - connection check result : 10
2026-08-10 10:11:04,600 [INFO] MicroXplorer:468 - Change Database Path : 
2026-08-10 10:11:04,601 [INFO] MicroXplorer:498 - Change Database Version : DB.6.0.111
2026-08-10 10:11:04,605 [WARN] ThirdParty:871 - waiting for thirdparty lock release [close project]
2026-08-10 10:11:04,605 [INFO] ThirdParty:873 - entering critical section [close project]
2026-08-10 10:11:04,606 [INFO] ThirdParty:883 - exiting critical section [close project]
2026-08-10 10:11:04,607 [INFO] PinOutPanel:1561 - setPackage(No Configuration,No Configuration)
2026-08-10 10:11:04,610 [INFO] UtilMem:75 - Begin LoadConfig() Used Memory: 886520864 Bytes (1003487232)
2026-08-10 10:11:04,610 [INFO] MicroXplorer:468 - Change Database Path : 
2026-08-10 10:11:04,610 [INFO] MicroXplorer:498 - Change Database Version : DB.6.0.111
2026-08-10 10:11:04,611 [INFO] OpenFileManager:312 - Change cursor
2026-08-10 10:11:04,652 [INFO] Mcu:2021 - Initializing MCU STM32F407V(E-G)Tx STM32F407VGTx STM32F407VGT6
2026-08-10 10:11:05,295 [ERROR] LogOutputStream:75 - [STDERR_REDIRECT] [Fatal Error] :1:1: Premature end of file.
2026-08-10 10:11:05,295 [ERROR] LogOutputStream:75 - [STDERR_REDIRECT] 
2026-08-10 10:11:06,299 [ERROR] LogOutputStream:75 - [STDERR_REDIRECT] [Fatal Error] :1:1: Premature end of file.
2026-08-10 10:11:06,300 [ERROR] LogOutputStream:75 - [STDERR_REDIRECT] 
2026-08-10 10:11:06,652 [INFO] Context:663 - Trying to add GPIOservice into a context  which must be forbidden
2026-08-10 10:11:07,240 [INFO] RtosManager:555 - Registered RTOS mode: class=CMSIS, group=RTOS, mode=CMSIS_V1, owner=FREERTOS
2026-08-10 10:11:07,241 [INFO] RtosManager:555 - Registered RTOS mode: class=CMSIS, group=RTOS2, mode=CMSIS_V2, owner=FREERTOS
2026-08-10 10:11:07,241 [INFO] RtosManager:555 - Registered RTOS mode: class=RTOS, group=Core, mode=CMSIS_V1, owner=FREERTOS
2026-08-10 10:11:07,241 [INFO] RtosManager:555 - Registered RTOS mode: class=RTOS, group=Core, mode=CMSIS_V2, owner=FREERTOS
2026-08-10 10:11:07,242 [WARN] ModelIntegratedComponent:184 - Missing modes for component STMicroelectronics:FreeRTOS:0.0.1:STMicroelectronics:RTOS:FreeRTOS:Core:::10.2.0:
2026-08-10 10:11:07,299 [ERROR] LogOutputStream:75 - [STDERR_REDIRECT] [Fatal Error] :1:1: Premature end of file.
2026-08-10 10:11:07,300 [ERROR] LogOutputStream:75 - [STDERR_REDIRECT] 
2026-08-10 10:11:07,314 [WARN] ModelIntegratedComponent:63 - No mode defined for component null
2026-08-10 10:11:07,315 [WARN] ModelIntegratedComponent:63 - No mode defined for component null
2026-08-10 10:11:07,315 [WARN] ModelIntegratedComponent:63 - No mode defined for component null
2026-08-10 10:11:07,315 [WARN] ModelIntegratedComponent:63 - No mode defined for component null
2026-08-10 10:11:07,315 [WARN] ModelIntegratedComponent:63 - No mode defined for component null
2026-08-10 10:11:07,315 [WARN] ModelIntegratedComponent:63 - No mode defined for component null
2026-08-10 10:11:07,315 [WARN] ModelIntegratedComponent:63 - No mode defined for component null
2026-08-10 10:11:07,315 [WARN] ModelIntegratedComponent:63 - No mode defined for component null
2026-08-10 10:11:07,315 [WARN] ModelIntegratedComponent:63 - No mode defined for component null
2026-08-10 10:11:07,315 [WARN] ModelIntegratedComponent:63 - No mode defined for component null
2026-08-10 10:11:07,315 [WARN] ModelIntegratedComponent:63 - No mode defined for component null
2026-08-10 10:11:07,315 [WARN] ModelIntegratedComponent:63 - No mode defined for component null
2026-08-10 10:11:07,315 [WARN] ModelIntegratedComponent:63 - No mode defined for component null
2026-08-10 10:11:07,315 [WARN] ModelIntegratedComponent:63 - No mode defined for component null
2026-08-10 10:11:07,316 [WARN] ModelIntegratedComponent:63 - No mode defined for component null
2026-08-10 10:11:07,316 [WARN] ModelIntegratedComponent:63 - No mode defined for component null
2026-08-10 10:11:07,316 [WARN] ModelIntegratedComponent:63 - No mode defined for component null
2026-08-10 10:11:07,316 [WARN] ModelIntegratedComponent:63 - No mode defined for component null
2026-08-10 10:11:07,316 [WARN] ModelIntegratedComponent:63 - No mode defined for component null
2026-08-10 10:11:07,316 [WARN] ModelIntegratedComponent:63 - No mode defined for component null
2026-08-10 10:11:07,316 [WARN] ModelIntegratedComponent:63 - No mode defined for component null
2026-08-10 10:11:07,316 [WARN] ModelIntegratedComponent:63 - No mode defined for component null
2026-08-10 10:11:07,316 [WARN] ModelIntegratedComponent:63 - No mode defined for component null
2026-08-10 10:11:07,316 [WARN] ModelIntegratedComponent:63 - No mode defined for component null
2026-08-10 10:11:07,316 [WARN] ModelIntegratedComponent:63 - No mode defined for component null
2026-08-10 10:11:07,316 [WARN] ModelIntegratedComponent:63 - No mode defined for component null
2026-08-10 10:11:07,316 [WARN] ModelIntegratedComponent:63 - No mode defined for component null
2026-08-10 10:11:07,316 [WARN] ModelIntegratedComponent:63 - No mode defined for component null
2026-08-10 10:11:07,316 [WARN] ModelIntegratedComponent:63 - No mode defined for component null
2026-08-10 10:11:07,316 [WARN] ModelIntegratedComponent:63 - No mode defined for component null
2026-08-10 10:11:07,316 [WARN] ModelIntegratedComponent:63 - No mode defined for component null
2026-08-10 10:11:07,316 [WARN] ModelIntegratedComponent:63 - No mode defined for component null
2026-08-10 10:11:07,316 [WARN] ModelIntegratedComponent:63 - No mode defined for component null
2026-08-10 10:11:07,316 [WARN] ModelIntegratedComponent:63 - No mode defined for component null
2026-08-10 10:11:07,405 [INFO] ThirdPartyModel:298 - Start build external matchings
2026-08-10 10:11:07,731 [INFO] ThirdPartyModel:316 - End build external matchings
2026-08-10 10:11:08,241 [INFO] ApiDb:581 - Connected to CubeFinder SQLite database (C:\Users\dryem.EMRE\.stmcufinder\plugins\mcufinder\mcu\cube-finder-db.db)
2026-08-10 10:11:08,295 [ERROR] LogOutputStream:75 - [STDERR_REDIRECT] [Fatal Error] :1:1: Premature end of file.
2026-08-10 10:11:08,296 [ERROR] LogOutputStream:75 - [STDERR_REDIRECT] 
2026-08-10 10:11:08,352 [INFO] ApiDb:668 - CubeFinder database Data Model version=2.1
2026-08-10 10:11:08,352 [INFO] ApiDb:669 - CubeFinder database Configuration version=3.0.42
2026-08-10 10:11:08,352 [INFO] ApiDb:670 - CubeFinder database generation date=2026-06-23 (1782213372)
2026-08-10 10:11:08,352 [INFO] ApiDb:671 - CubeFinder database FW Pack versions=[FP-ATR-ASTRA1_V2.0.0, FP-SNS-FLIGHT1_V5.1.0, FP-SNS-MOTENV1_V5.1.0, FP-SNS-MOTENVWB1_V1.5.0, FP-SNS-SMARTAG2_V1.2.0, FP-SNS-STBOX1_V2.1.0, STM32Cube_FW_C0_V1.4.0, STM32Cube_FW_F4_V1.28.3, STM32Cube_FW_F7_V1.17.4, STM32Cube_FW_G0_V1.6.3, STM32Cube_FW_G4_V1.6.2, STM32Cube_FW_H5_V1.7.0, STM32Cube_FW_H7RS_V1.3.0, STM32Cube_FW_H7_V1.13.0, STM32Cube_FW_L0_V1.12.2, STM32Cube_FW_L4_V1.18.2, STM32Cube_FW_L5_V1.6.0, STM32Cube_FW_N6_V1.4.0, STM32Cube_FW_U0_V1.3.0, STM32Cube_FW_U3_V1.4.0, STM32Cube_FW_U5_V1.9.0, STM32Cube_FW_WB0_V1.5.0, STM32Cube_FW_WBA_V1.10.0, STM32Cube_FW_WB_V1.24.0, STM32Cube_FW_WL3_V1.5.0, STM32Cube_FW_WL_V1.6.0, X-CUBE-ALGOBUILD_V1.5.0, X-CUBE-ALS_V1.0.2, X-CUBE-AZRTOS-F4_V1.1.0, X-CUBE-AZRTOS-F7_V1.1.0, X-CUBE-AZRTOS-G0_V1.1.0, X-CUBE-AZRTOS-G4_V2.0.0, X-CUBE-AZRTOS-H7RS_V1.1.0, X-CUBE-AZRTOS-H7_V3.5.0, X-CUBE-AZRTOS-L4_V2.0.0, X-CUBE-AZRTOS-L5_V2.0.0, X-CUBE-AZRTOS-WB_V2.0.0, X-CUBE-AZRTOS-WL_V2.0.0, X-CUBE-BLE1_V7.1.0, X-CUBE-BLE2_V3.3.0, X-CUBE-BLEMGR_V4.1.0, X-CUBE-EEPRMA1_V5.2.0, X-CUBE-FREERTOS_V1.5.0, X-CUBE-GNSS1_V7.1.1, X-CUBE-MEMS1_V12.1.0, X-CUBE-NFC4_V3.0.0, X-CUBE-NFC7_V2.0.0, X-CUBE-SFXS2LP1_V4.0.0, X-CUBE-ST67W61_V1.3.0, X-CUBE-SUBG2_V5.0.0, X-CUBE-TOF1_V3.4.3]
2026-08-10 10:11:08,516 [INFO] DbBoardsSqlite:226 - include board P-NUCLEO-WB55-NUCLEO as a kit item of type 'Nucleo-64'
2026-08-10 10:11:08,516 [INFO] DbBoardsSqlite:226 - include board P-NUCLEO-WB55-USBDONGLE as a kit item of type 'Nucleo USB Dongle'
2026-08-10 10:11:08,518 [INFO] DbBoardsSqlite:226 - include board STEVAL-IDP005V1 as a kit item of type 'Evaluation Board'
2026-08-10 10:11:08,518 [INFO] DbBoardsSqlite:226 - include board STEVAL-IDP005V2 as a kit item of type 'Evaluation Board'
2026-08-10 10:11:08,998 [INFO] ApiDb:240 - Found 483 in-development CPN: [B-G473E-ZEST1S, B-WB1M-WPAN1, B-WL5M-SUBG1, NUCLEO-C031C6, NUCLEO-H503RB, NUCLEO-H533RE, NUCLEO-H563ZI, NUCLEO-H7S3L8, NUCLEO-U031R8, NUCLEO-U083RC, NUCLEO-U545RE-Q, NUCLEO-U5A5ZJ-Q, NUCLEO-WBA52CG, NUCLEO-WBA55CG, STEVAL-PROTEUS1, STEVAL-SMARTAG2, STEVAL-STWINBX1, STM320518-EVAL, STM32C0116-DK, STM32C011D6Y3TR, STM32C011D6Y6TR, STM32C011F4P3, STM32C011F4P6, STM32C011F4U3, STM32C011F4U6TR, STM32C011F6P3, STM32C011F6P6, STM32C011F6U3, STM32C011F6U6TR, STM32C011J4M3, STM32C011J4M6, STM32C011J6M3, STM32C011J6M6, STM32C0316-DK, STM32C031C4T3, STM32C031C4T6, STM32C031C4U3, STM32C031C4U6, STM32C031C6T3, STM32C031C6T6, STM32C031C6U3, STM32C031C6U6, STM32C031F4P3, STM32C031F4P6, STM32C031F6P3, STM32C031F6P6, STM32C031G4U3, STM32C031G4U6, STM32C031G6U3, STM32C031G6U6, STM32C031K4T3, STM32C031K4T6, STM32C031K4U3, STM32C031K4U6, STM32C031K6T3, STM32C031K6T6, STM32C031K6U3, STM32C031K6U6, STM32G071K8TXN, STM32G071K8UXN, STM32G081GBU6N, STM32G081KBT6N, STM32G081KBUXN, STM32G0B1CCT6N, STM32G0B1KCT6, STM32G0B1NEY6TR, STM32G0B1RCT6N, STM32G0C1CCT6, STM32G0C1CCT6N, STM32G0C1CCU6N, STM32G0C1CET6N, STM32G0C1CEU6N, STM32G0C1KCT6, STM32G0C1NEY6TR, STM32G0C1RCI6N, STM32G0C1RCT6N, STM32G0C1REI6N, STM32G0C1RET6N, STM32G0C1VCI6, STM32G0C1VEI6, STM32G471CCT6, STM32G471CCU6, STM32G471CET3, STM32G471CET6, STM32G471CEU3, STM32G471CEU6, STM32G471MCT6, STM32G471MET3, STM32G471MET6, STM32G471MEY6TR, STM32G471QCT6, STM32G471QET3, STM32G471RCT6, STM32G471RET3, STM32G471RET6, STM32G471VCH6, STM32G471VCI6, STM32G471VCT6, STM32G471VEH3, STM32G471VEH6, STM32G471VEI3, STM32G471VEI6, STM32G471VET3, STM32G471VET6, STM32G474CCT6, STM32H503CBT6, STM32H503CBU6, STM32H503EBY6TR, STM32H503KBU6, STM32H503RBT6, STM32H523CCT6, STM32H523CCU6, STM32H523CET6, STM32H523CEU6, STM32H523HEY6TR, STM32H523RCT6, STM32H523RET6, STM32H523VCI6, STM32H523VCT6, STM32H523VEI6, STM32H523VET6, STM32H523ZCJ6, STM32H523ZCT6, STM32H523ZEJ6, STM32H523ZET6, STM32H533CET6, STM32H533CEU6, STM32H533HEY6TR, STM32H533RET6, STM32H533VEI6, STM32H533VET6, STM32H533ZEJ6, STM32H533ZET6, STM32H562AGI6, STM32H562AII6, STM32H562IGK6, STM32H562IGT6, STM32H562IIK6, STM32H562IIT6, STM32H562RGT6, STM32H562RGV6, STM32H562RIT6, STM32H562RIV6, STM32H562VGT6, STM32H562VIT6, STM32H562ZGT6, STM32H562ZIT6, STM32H563AGI6, STM32H563AII3Q, STM32H563AII6, STM32H563IGK6, STM32H563IGT6, STM32H563IIK3Q, STM32H563IIK6, STM32H563IIT3Q, STM32H563IIT6, STM32H563MIY3QTR, STM32H563RGT6, STM32H563RGV6, STM32H563RIT6, STM32H563RIV6, STM32H563VGT6, STM32H563VIT3Q, STM32H563VIT6, STM32H563ZGT6, STM32H563ZIT3Q, STM32H563ZIT6, STM32H573AII3Q, STM32H573AII6, STM32H573I-DK, STM32H573IIK3Q, STM32H573IIK6, STM32H573IIT3Q, STM32H573IIT6, STM32H573MIY3QTR, STM32H573RIT6, STM32H573RIV6, STM32H573VIT3Q, STM32H573VIT6, STM32H573ZIT3Q, STM32H573ZIT6, STM32H7R3A8I6, STM32H7R3I8K6, STM32H7R3I8T6, STM32H7R3L8H6, STM32H7R3L8H6H, STM32H7R3R8V6, STM32H7R3V8H6, STM32H7R3V8T6, STM32H7R3V8Y6, STM32H7R3Z8J6, STM32H7R3Z8T6, STM32H7R7A8I6, STM32H7R7I8K6, STM32H7R7I8T6, STM32H7R7L8H6, STM32H7R7L8H6H, STM32H7R7Z8J6, STM32H7S3A8I6, STM32H7S3I8K6, STM32H7S3I8T6, STM32H7S3L8H6, STM32H7S3L8H6H, STM32H7S3R8V6, STM32H7S3V8H6, STM32H7S3V8T6, STM32H7S3V8Y6, STM32H7S3Z8J6, STM32H7S3Z8T6, STM32H7S78-DK, STM32H7S7A8I6, STM32H7S7I8K6, STM32H7S7I8T6, STM32H7S7L8H6, STM32H7S7L8H6H, STM32H7S7Z8J6, STM32L4R5QGI6STR, STM32MP131AAE3, STM32MP131AAF3, STM32MP131AAG3, STM32MP131CAE3, STM32MP131CAF3, STM32MP131CAG3, STM32MP131DAE7, STM32MP131DAF7, STM32MP131DAG7, STM32MP131FAE7, STM32MP131FAF7, STM32MP131FAG7, STM32MP133AAE3, STM32MP133AAF3, STM32MP133AAG3, STM32MP133CAE3, STM32MP133CAF3, STM32MP133CAG3, STM32MP133DAE7, STM32MP133DAF7, STM32MP133DAG7, STM32MP133FAE7, STM32MP133FAF7, STM32MP133FAG7, STM32MP135AAE3, STM32MP135AAF3, STM32MP135AAG3, STM32MP135CAE3, STM32MP135CAF3, STM32MP135CAG3, STM32MP135DAE7, STM32MP135DAF7, STM32MP135DAG7, STM32MP135F-DK, STM32MP135FAE7, STM32MP135FAF7, STM32MP135FAF7T, STM32MP135FAF7U, STM32MP135FAG7, STM32U031C6T6, STM32U031C6U6, STM32U031C8T6, STM32U031C8U6, STM32U031F4P6, STM32U031F6P6, STM32U031F8P6, STM32U031G6Y6TR, STM32U031G8Y6TR, STM32U031K4U6, STM32U031K6U6, STM32U031K8U6, STM32U031R6I6, STM32U031R6T6, STM32U031R8I6, STM32U031R8T6, STM32U073C8T6, STM32U073C8U6, STM32U073CBT6, STM32U073CBU6, STM32U073CCT6, STM32U073CCU6, STM32U073H8Y6TR, STM32U073HBY6TR, STM32U073HCY6TR, STM32U073K8U6, STM32U073KBU6, STM32U073KCU6, STM32U073M8I6, STM32U073M8T6, STM32U073MBI6, STM32U073MBT6, STM32U073MCI6, STM32U073MCT6, STM32U073R8I6, STM32U073R8T6, STM32U073RBI6, STM32U073RBT6, STM32U073RCI6, STM32U073RCT6, STM32U083C-DK, STM32U083CCT6, STM32U083CCU6, STM32U083HCY6TR, STM32U083KCU6, STM32U083MCI6, STM32U083MCT6, STM32U083RCI6, STM32U083RCT6, STM32U535CBT6, STM32U535CBT6Q, STM32U535CBU6, STM32U535CBU6Q, STM32U535CCT6, STM32U535CCT6Q, STM32U535CCU6, STM32U535CCU6Q, STM32U535CET6, STM32U535CET6Q, STM32U535CEU6, STM32U535CEU6Q, STM32U535JEY6QTR, STM32U535NCY6QTR, STM32U535NEY6QTR, STM32U535RBI6, STM32U535RBI6Q, STM32U535RBT6, STM32U535RBT6Q, STM32U535RCI6, STM32U535RCI6Q, STM32U535RCT6, STM32U535RCT6Q, STM32U535REI6, STM32U535REI6Q, STM32U535RET6, STM32U535RET6Q, STM32U535VCI6, STM32U535VCI6Q, STM32U535VCT6, STM32U535VCT6Q, STM32U535VEI6, STM32U535VEI6Q, STM32U535VET6, STM32U535VET6Q, STM32U545CET6, STM32U545CET6Q, STM32U545CEU6, STM32U545CEU6Q, STM32U545JEY6QTR, STM32U545NEY6QTR, STM32U545REI6, STM32U545REI6Q, STM32U545RET6, STM32U545RET6Q, STM32U545VEI6, STM32U545VEI6Q, STM32U545VET6, STM32U545VET6Q, STM32U595AIH6, STM32U595AIH6Q, STM32U595AJH6, STM32U595AJH6Q, STM32U595QII6, STM32U595QII6Q, STM32U595QJI6, STM32U595QJI6Q, STM32U595RIT6, STM32U595RIT6Q, STM32U595RJT6, STM32U595RJT6Q, STM32U595VIT6, STM32U595VIT6Q, STM32U595VJT6, STM32U595VJT6Q, STM32U595ZIT6, STM32U595ZIT6Q, STM32U595ZIY6QTR, STM32U595ZJT6, STM32U595ZJT6Q, STM32U595ZJY6QTR, STM32U599BJY6QTR, STM32U599NIH6Q, STM32U599NJH6Q, STM32U599VIT6Q, STM32U599VJT6, STM32U599VJT6Q, STM32U599ZIT6Q, STM32U599ZIY6QTR, STM32U599ZJT6Q, STM32U599ZJY6QTR, STM32U5A5AJH6, STM32U5A5AJH6Q, STM32U5A5QII3Q , STM32U5A5QJI6, STM32U5A5QJI6Q, STM32U5A5RJT6, STM32U5A5RJT6Q, STM32U5A5VJT6, STM32U5A5VJT6Q, STM32U5A5ZJT6, STM32U5A5ZJT6Q, STM32U5A5ZJY6QTR, STM32U5A9BJY6QTR, STM32U5A9J-DK, STM32U5A9NJH6Q, STM32U5A9VJT6Q, STM32U5A9ZJT6Q, STM32U5A9ZJY6QTR, STM32U5F7VIT6, STM32U5F7VIT6Q, STM32U5F7VJT6, STM32U5F7VJT6Q, STM32U5F9BJY6QTR, STM32U5F9NJH6Q, STM32U5F9VIT6Q, STM32U5F9VJT6Q, STM32U5F9ZIJ6QTR, STM32U5F9ZIT6Q, STM32U5F9ZJJ6QTR, STM32U5F9ZJT6Q, STM32U5G7VJT6, STM32U5G7VJT6Q, STM32U5G9BJY6QTR, STM32U5G9J-DK1, STM32U5G9J-DK2, STM32U5G9NJH6Q, STM32U5G9VJT6Q, STM32U5G9ZJJ6QTR, STM32U5G9ZJT6Q, STM32WB1MMCH6, STM32WBA50KEU6, STM32WBA50KEU6TR, STM32WBA50KGU6, STM32WBA50KGU6TR, STM32WBA52CEU6, STM32WBA52CEU6TR, STM32WBA52CEU7, STM32WBA52CEU7TR, STM32WBA52CGU6, STM32WBA52CGU6TR, STM32WBA52CGU6U, STM32WBA52CGU7, STM32WBA52CGU7TR, STM32WBA52KEU6, STM32WBA52KEU6TR, STM32WBA52KGU6, STM32WBA52KGU6TR, STM32WBA54CEU6, STM32WBA54CEU6TR, STM32WBA54CEU7, STM32WBA54CEU7TR, STM32WBA54CGU6, STM32WBA54CGU6TR, STM32WBA54CGU7, STM32WBA54CGU7TR, STM32WBA54KEU6, STM32WBA54KEU6TR, STM32WBA54KEU7, STM32WBA54KEU7TR, STM32WBA54KGU6, STM32WBA54KGU6TR, STM32WBA54KGU7, STM32WBA54KGU7TR, STM32WBA55CEU6, STM32WBA55CEU6TR, STM32WBA55CEU7, STM32WBA55CEU7TR, STM32WBA55CGU6, STM32WBA55CGU6TR, STM32WBA55CGU6U, STM32WBA55CGU7, STM32WBA55CGU7TR, STM32WBA55G-DK1, STM32WBA55HEF6, STM32WBA55HEF7, STM32WBA55HGF6, STM32WBA55HGF7, STM32WBA55UEI6, STM32WBA55UEI6TR, STM32WBA55UEI7, STM32WBA55UEI7TR, STM32WBA55UGI6, STM32WBA55UGI6TR, STM32WBA55UGI7, STM32WBA55UGI7TR, STM32WL5MOCH6, STM32WL5MOCH6TR]
2026-08-10 10:11:09,001 [INFO] ApiDb:668 - CubeFinder database Data Model version=2.1
2026-08-10 10:11:09,001 [INFO] ApiDb:669 - CubeFinder database Configuration version=3.0.42
2026-08-10 10:11:09,001 [INFO] ApiDb:670 - CubeFinder database generation date=2026-06-23 (1782213372)
2026-08-10 10:11:09,001 [INFO] ApiDb:671 - CubeFinder database FW Pack versions=[FP-ATR-ASTRA1_V2.0.0, FP-SNS-FLIGHT1_V5.1.0, FP-SNS-MOTENV1_V5.1.0, FP-SNS-MOTENVWB1_V1.5.0, FP-SNS-SMARTAG2_V1.2.0, FP-SNS-STBOX1_V2.1.0, STM32Cube_FW_C0_V1.4.0, STM32Cube_FW_F4_V1.28.3, STM32Cube_FW_F7_V1.17.4, STM32Cube_FW_G0_V1.6.3, STM32Cube_FW_G4_V1.6.2, STM32Cube_FW_H5_V1.7.0, STM32Cube_FW_H7RS_V1.3.0, STM32Cube_FW_H7_V1.13.0, STM32Cube_FW_L0_V1.12.2, STM32Cube_FW_L4_V1.18.2, STM32Cube_FW_L5_V1.6.0, STM32Cube_FW_N6_V1.4.0, STM32Cube_FW_U0_V1.3.0, STM32Cube_FW_U3_V1.4.0, STM32Cube_FW_U5_V1.9.0, STM32Cube_FW_WB0_V1.5.0, STM32Cube_FW_WBA_V1.10.0, STM32Cube_FW_WB_V1.24.0, STM32Cube_FW_WL3_V1.5.0, STM32Cube_FW_WL_V1.6.0, X-CUBE-ALGOBUILD_V1.5.0, X-CUBE-ALS_V1.0.2, X-CUBE-AZRTOS-F4_V1.1.0, X-CUBE-AZRTOS-F7_V1.1.0, X-CUBE-AZRTOS-G0_V1.1.0, X-CUBE-AZRTOS-G4_V2.0.0, X-CUBE-AZRTOS-H7RS_V1.1.0, X-CUBE-AZRTOS-H7_V3.5.0, X-CUBE-AZRTOS-L4_V2.0.0, X-CUBE-AZRTOS-L5_V2.0.0, X-CUBE-AZRTOS-WB_V2.0.0, X-CUBE-AZRTOS-WL_V2.0.0, X-CUBE-BLE1_V7.1.0, X-CUBE-BLE2_V3.3.0, X-CUBE-BLEMGR_V4.1.0, X-CUBE-EEPRMA1_V5.2.0, X-CUBE-FREERTOS_V1.5.0, X-CUBE-GNSS1_V7.1.1, X-CUBE-MEMS1_V12.1.0, X-CUBE-NFC4_V3.0.0, X-CUBE-NFC7_V2.0.0, X-CUBE-SFXS2LP1_V4.0.0, X-CUBE-ST67W61_V1.3.0, X-CUBE-SUBG2_V5.0.0, X-CUBE-TOF1_V3.4.3]
2026-08-10 10:11:09,298 [ERROR] LogOutputStream:75 - [STDERR_REDIRECT] [Fatal Error] :1:1: Premature end of file.
2026-08-10 10:11:09,298 [ERROR] LogOutputStream:75 - [STDERR_REDIRECT] 
2026-08-10 10:11:10,295 [ERROR] LogOutputStream:75 - [STDERR_REDIRECT] [Fatal Error] :1:1: Premature end of file.
2026-08-10 10:11:10,295 [ERROR] LogOutputStream:75 - [STDERR_REDIRECT] 
2026-08-10 10:11:11,240 [INFO] ApiDb:240 - Found 483 in-development CPN: [B-G473E-ZEST1S, B-WB1M-WPAN1, B-WL5M-SUBG1, NUCLEO-C031C6, NUCLEO-H503RB, NUCLEO-H533RE, NUCLEO-H563ZI, NUCLEO-H7S3L8, NUCLEO-U031R8, NUCLEO-U083RC, NUCLEO-U545RE-Q, NUCLEO-U5A5ZJ-Q, NUCLEO-WBA52CG, NUCLEO-WBA55CG, STEVAL-PROTEUS1, STEVAL-SMARTAG2, STEVAL-STWINBX1, STM320518-EVAL, STM32C0116-DK, STM32C011D6Y3TR, STM32C011D6Y6TR, STM32C011F4P3, STM32C011F4P6, STM32C011F4U3, STM32C011F4U6TR, STM32C011F6P3, STM32C011F6P6, STM32C011F6U3, STM32C011F6U6TR, STM32C011J4M3, STM32C011J4M6, STM32C011J6M3, STM32C011J6M6, STM32C0316-DK, STM32C031C4T3, STM32C031C4T6, STM32C031C4U3, STM32C031C4U6, STM32C031C6T3, STM32C031C6T6, STM32C031C6U3, STM32C031C6U6, STM32C031F4P3, STM32C031F4P6, STM32C031F6P3, STM32C031F6P6, STM32C031G4U3, STM32C031G4U6, STM32C031G6U3, STM32C031G6U6, STM32C031K4T3, STM32C031K4T6, STM32C031K4U3, STM32C031K4U6, STM32C031K6T3, STM32C031K6T6, STM32C031K6U3, STM32C031K6U6, STM32G071K8TXN, STM32G071K8UXN, STM32G081GBU6N, STM32G081KBT6N, STM32G081KBUXN, STM32G0B1CCT6N, STM32G0B1KCT6, STM32G0B1NEY6TR, STM32G0B1RCT6N, STM32G0C1CCT6, STM32G0C1CCT6N, STM32G0C1CCU6N, STM32G0C1CET6N, STM32G0C1CEU6N, STM32G0C1KCT6, STM32G0C1NEY6TR, STM32G0C1RCI6N, STM32G0C1RCT6N, STM32G0C1REI6N, STM32G0C1RET6N, STM32G0C1VCI6, STM32G0C1VEI6, STM32G471CCT6, STM32G471CCU6, STM32G471CET3, STM32G471CET6, STM32G471CEU3, STM32G471CEU6, STM32G471MCT6, STM32G471MET3, STM32G471MET6, STM32G471MEY6TR, STM32G471QCT6, STM32G471QET3, STM32G471RCT6, STM32G471RET3, STM32G471RET6, STM32G471VCH6, STM32G471VCI6, STM32G471VCT6, STM32G471VEH3, STM32G471VEH6, STM32G471VEI3, STM32G471VEI6, STM32G471VET3, STM32G471VET6, STM32G474CCT6, STM32H503CBT6, STM32H503CBU6, STM32H503EBY6TR, STM32H503KBU6, STM32H503RBT6, STM32H523CCT6, STM32H523CCU6, STM32H523CET6, STM32H523CEU6, STM32H523HEY6TR, STM32H523RCT6, STM32H523RET6, STM32H523VCI6, STM32H523VCT6, STM32H523VEI6, STM32H523VET6, STM32H523ZCJ6, STM32H523ZCT6, STM32H523ZEJ6, STM32H523ZET6, STM32H533CET6, STM32H533CEU6, STM32H533HEY6TR, STM32H533RET6, STM32H533VEI6, STM32H533VET6, STM32H533ZEJ6, STM32H533ZET6, STM32H562AGI6, STM32H562AII6, STM32H562IGK6, STM32H562IGT6, STM32H562IIK6, STM32H562IIT6, STM32H562RGT6, STM32H562RGV6, STM32H562RIT6, STM32H562RIV6, STM32H562VGT6, STM32H562VIT6, STM32H562ZGT6, STM32H562ZIT6, STM32H563AGI6, STM32H563AII3Q, STM32H563AII6, STM32H563IGK6, STM32H563IGT6, STM32H563IIK3Q, STM32H563IIK6, STM32H563IIT3Q, STM32H563IIT6, STM32H563MIY3QTR, STM32H563RGT6, STM32H563RGV6, STM32H563RIT6, STM32H563RIV6, STM32H563VGT6, STM32H563VIT3Q, STM32H563VIT6, STM32H563ZGT6, STM32H563ZIT3Q, STM32H563ZIT6, STM32H573AII3Q, STM32H573AII6, STM32H573I-DK, STM32H573IIK3Q, STM32H573IIK6, STM32H573IIT3Q, STM32H573IIT6, STM32H573MIY3QTR, STM32H573RIT6, STM32H573RIV6, STM32H573VIT3Q, STM32H573VIT6, STM32H573ZIT3Q, STM32H573ZIT6, STM32H7R3A8I6, STM32H7R3I8K6, STM32H7R3I8T6, STM32H7R3L8H6, STM32H7R3L8H6H, STM32H7R3R8V6, STM32H7R3V8H6, STM32H7R3V8T6, STM32H7R3V8Y6, STM32H7R3Z8J6, STM32H7R3Z8T6, STM32H7R7A8I6, STM32H7R7I8K6, STM32H7R7I8T6, STM32H7R7L8H6, STM32H7R7L8H6H, STM32H7R7Z8J6, STM32H7S3A8I6, STM32H7S3I8K6, STM32H7S3I8T6, STM32H7S3L8H6, STM32H7S3L8H6H, STM32H7S3R8V6, STM32H7S3V8H6, STM32H7S3V8T6, STM32H7S3V8Y6, STM32H7S3Z8J6, STM32H7S3Z8T6, STM32H7S78-DK, STM32H7S7A8I6, STM32H7S7I8K6, STM32H7S7I8T6, STM32H7S7L8H6, STM32H7S7L8H6H, STM32H7S7Z8J6, STM32L4R5QGI6STR, STM32MP131AAE3, STM32MP131AAF3, STM32MP131AAG3, STM32MP131CAE3, STM32MP131CAF3, STM32MP131CAG3, STM32MP131DAE7, STM32MP131DAF7, STM32MP131DAG7, STM32MP131FAE7, STM32MP131FAF7, STM32MP131FAG7, STM32MP133AAE3, STM32MP133AAF3, STM32MP133AAG3, STM32MP133CAE3, STM32MP133CAF3, STM32MP133CAG3, STM32MP133DAE7, STM32MP133DAF7, STM32MP133DAG7, STM32MP133FAE7, STM32MP133FAF7, STM32MP133FAG7, STM32MP135AAE3, STM32MP135AAF3, STM32MP135AAG3, STM32MP135CAE3, STM32MP135CAF3, STM32MP135CAG3, STM32MP135DAE7, STM32MP135DAF7, STM32MP135DAG7, STM32MP135F-DK, STM32MP135FAE7, STM32MP135FAF7, STM32MP135FAF7T, STM32MP135FAF7U, STM32MP135FAG7, STM32U031C6T6, STM32U031C6U6, STM32U031C8T6, STM32U031C8U6, STM32U031F4P6, STM32U031F6P6, STM32U031F8P6, STM32U031G6Y6TR, STM32U031G8Y6TR, STM32U031K4U6, STM32U031K6U6, STM32U031K8U6, STM32U031R6I6, STM32U031R6T6, STM32U031R8I6, STM32U031R8T6, STM32U073C8T6, STM32U073C8U6, STM32U073CBT6, STM32U073CBU6, STM32U073CCT6, STM32U073CCU6, STM32U073H8Y6TR, STM32U073HBY6TR, STM32U073HCY6TR, STM32U073K8U6, STM32U073KBU6, STM32U073KCU6, STM32U073M8I6, STM32U073M8T6, STM32U073MBI6, STM32U073MBT6, STM32U073MCI6, STM32U073MCT6, STM32U073R8I6, STM32U073R8T6, STM32U073RBI6, STM32U073RBT6, STM32U073RCI6, STM32U073RCT6, STM32U083C-DK, STM32U083CCT6, STM32U083CCU6, STM32U083HCY6TR, STM32U083KCU6, STM32U083MCI6, STM32U083MCT6, STM32U083RCI6, STM32U083RCT6, STM32U535CBT6, STM32U535CBT6Q, STM32U535CBU6, STM32U535CBU6Q, STM32U535CCT6, STM32U535CCT6Q, STM32U535CCU6, STM32U535CCU6Q, STM32U535CET6, STM32U535CET6Q, STM32U535CEU6, STM32U535CEU6Q, STM32U535JEY6QTR, STM32U535NCY6QTR, STM32U535NEY6QTR, STM32U535RBI6, STM32U535RBI6Q, STM32U535RBT6, STM32U535RBT6Q, STM32U535RCI6, STM32U535RCI6Q, STM32U535RCT6, STM32U535RCT6Q, STM32U535REI6, STM32U535REI6Q, STM32U535RET6, STM32U535RET6Q, STM32U535VCI6, STM32U535VCI6Q, STM32U535VCT6, STM32U535VCT6Q, STM32U535VEI6, STM32U535VEI6Q, STM32U535VET6, STM32U535VET6Q, STM32U545CET6, STM32U545CET6Q, STM32U545CEU6, STM32U545CEU6Q, STM32U545JEY6QTR, STM32U545NEY6QTR, STM32U545REI6, STM32U545REI6Q, STM32U545RET6, STM32U545RET6Q, STM32U545VEI6, STM32U545VEI6Q, STM32U545VET6, STM32U545VET6Q, STM32U595AIH6, STM32U595AIH6Q, STM32U595AJH6, STM32U595AJH6Q, STM32U595QII6, STM32U595QII6Q, STM32U595QJI6, STM32U595QJI6Q, STM32U595RIT6, STM32U595RIT6Q, STM32U595RJT6, STM32U595RJT6Q, STM32U595VIT6, STM32U595VIT6Q, STM32U595VJT6, STM32U595VJT6Q, STM32U595ZIT6, STM32U595ZIT6Q, STM32U595ZIY6QTR, STM32U595ZJT6, STM32U595ZJT6Q, STM32U595ZJY6QTR, STM32U599BJY6QTR, STM32U599NIH6Q, STM32U599NJH6Q, STM32U599VIT6Q, STM32U599VJT6, STM32U599VJT6Q, STM32U599ZIT6Q, STM32U599ZIY6QTR, STM32U599ZJT6Q, STM32U599ZJY6QTR, STM32U5A5AJH6, STM32U5A5AJH6Q, STM32U5A5QII3Q , STM32U5A5QJI6, STM32U5A5QJI6Q, STM32U5A5RJT6, STM32U5A5RJT6Q, STM32U5A5VJT6, STM32U5A5VJT6Q, STM32U5A5ZJT6, STM32U5A5ZJT6Q, STM32U5A5ZJY6QTR, STM32U5A9BJY6QTR, STM32U5A9J-DK, STM32U5A9NJH6Q, STM32U5A9VJT6Q, STM32U5A9ZJT6Q, STM32U5A9ZJY6QTR, STM32U5F7VIT6, STM32U5F7VIT6Q, STM32U5F7VJT6, STM32U5F7VJT6Q, STM32U5F9BJY6QTR, STM32U5F9NJH6Q, STM32U5F9VIT6Q, STM32U5F9VJT6Q, STM32U5F9ZIJ6QTR, STM32U5F9ZIT6Q, STM32U5F9ZJJ6QTR, STM32U5F9ZJT6Q, STM32U5G7VJT6, STM32U5G7VJT6Q, STM32U5G9BJY6QTR, STM32U5G9J-DK1, STM32U5G9J-DK2, STM32U5G9NJH6Q, STM32U5G9VJT6Q, STM32U5G9ZJJ6QTR, STM32U5G9ZJT6Q, STM32WB1MMCH6, STM32WBA50KEU6, STM32WBA50KEU6TR, STM32WBA50KGU6, STM32WBA50KGU6TR, STM32WBA52CEU6, STM32WBA52CEU6TR, STM32WBA52CEU7, STM32WBA52CEU7TR, STM32WBA52CGU6, STM32WBA52CGU6TR, STM32WBA52CGU6U, STM32WBA52CGU7, STM32WBA52CGU7TR, STM32WBA52KEU6, STM32WBA52KEU6TR, STM32WBA52KGU6, STM32WBA52KGU6TR, STM32WBA54CEU6, STM32WBA54CEU6TR, STM32WBA54CEU7, STM32WBA54CEU7TR, STM32WBA54CGU6, STM32WBA54CGU6TR, STM32WBA54CGU7, STM32WBA54CGU7TR, STM32WBA54KEU6, STM32WBA54KEU6TR, STM32WBA54KEU7, STM32WBA54KEU7TR, STM32WBA54KGU6, STM32WBA54KGU6TR, STM32WBA54KGU7, STM32WBA54KGU7TR, STM32WBA55CEU6, STM32WBA55CEU6TR, STM32WBA55CEU7, STM32WBA55CEU7TR, STM32WBA55CGU6, STM32WBA55CGU6TR, STM32WBA55CGU6U, STM32WBA55CGU7, STM32WBA55CGU7TR, STM32WBA55G-DK1, STM32WBA55HEF6, STM32WBA55HEF7, STM32WBA55HGF6, STM32WBA55HGF7, STM32WBA55UEI6, STM32WBA55UEI6TR, STM32WBA55UEI7, STM32WBA55UEI7TR, STM32WBA55UGI6, STM32WBA55UGI6TR, STM32WBA55UGI7, STM32WBA55UGI7TR, STM32WL5MOCH6, STM32WL5MOCH6TR]
2026-08-10 10:11:11,245 [INFO] DbMcus:218 - Found 5240 MCUs, 5087 are supported
2026-08-10 10:11:11,245 [INFO] ApiDb:423 - Load user favorites file C:\Users\dryem.EMRE/.stm32cubeide/favorites.mcus.txt: 0 item(s)
2026-08-10 10:11:11,246 [INFO] ApiDb:427 - User favorites MCUs=[]
2026-08-10 10:11:11,246 [INFO] DbMcus:224 - Set 0 / 0 favorites MCUs
2026-08-10 10:11:11,305 [ERROR] LogOutputStream:75 - [STDERR_REDIRECT] [Fatal Error] :1:1: Premature end of file.
2026-08-10 10:11:11,305 [ERROR] LogOutputStream:75 - [STDERR_REDIRECT] 
2026-08-10 10:11:11,728 [INFO] BoardInfo:889 - No configuration file found for board B-WBA5M-WPAN
2026-08-10 10:11:11,728 [INFO] DbBoards:161 - Board is not supported: B-WBA5M-WPAN
2026-08-10 10:11:11,734 [INFO] BoardInfo:889 - No configuration file found for board NUCLEO-C051C8
2026-08-10 10:11:11,735 [INFO] DbBoards:161 - Board is not supported: NUCLEO-C051C8
2026-08-10 10:11:11,736 [INFO] BoardInfo:889 - No configuration file found for board NUCLEO-C071RB
2026-08-10 10:11:11,736 [INFO] DbBoards:161 - Board is not supported: NUCLEO-C071RB
2026-08-10 10:11:11,737 [INFO] BoardInfo:889 - No configuration file found for board NUCLEO-C092RC
2026-08-10 10:11:11,738 [INFO] DbBoards:161 - Board is not supported: NUCLEO-C092RC
2026-08-10 10:11:11,789 [INFO] BoardInfo:889 - No configuration file found for board NUCLEO-H5E5ZJ
2026-08-10 10:11:11,790 [INFO] DbBoards:161 - Board is not supported: NUCLEO-H5E5ZJ
2026-08-10 10:11:11,832 [INFO] BoardInfo:889 - No configuration file found for board NUCLEO-N657X0-Q
2026-08-10 10:11:11,832 [INFO] DbBoards:161 - Board is not supported: NUCLEO-N657X0-Q
2026-08-10 10:11:11,837 [INFO] BoardInfo:889 - No configuration file found for board NUCLEO-U385RG-Q
2026-08-10 10:11:11,837 [INFO] DbBoards:161 - Board is not supported: NUCLEO-U385RG-Q
2026-08-10 10:11:11,838 [INFO] BoardInfo:889 - No configuration file found for board NUCLEO-U3C5ZI-Q
2026-08-10 10:11:11,838 [INFO] DbBoards:161 - Board is not supported: NUCLEO-U3C5ZI-Q
2026-08-10 10:11:11,843 [INFO] BoardInfo:889 - No configuration file found for board NUCLEO-WB05KZ
2026-08-10 10:11:11,843 [INFO] DbBoards:161 - Board is not supported: NUCLEO-WB05KZ
2026-08-10 10:11:11,844 [INFO] BoardInfo:889 - No configuration file found for board NUCLEO-WB07CC
2026-08-10 10:11:11,844 [INFO] DbBoards:161 - Board is not supported: NUCLEO-WB07CC
2026-08-10 10:11:11,846 [INFO] BoardInfo:889 - No configuration file found for board NUCLEO-WB09KE
2026-08-10 10:11:11,846 [INFO] DbBoards:161 - Board is not supported: NUCLEO-WB09KE
2026-08-10 10:11:11,849 [INFO] BoardInfo:889 - No configuration file found for board NUCLEO-WBA25CE1
2026-08-10 10:11:11,850 [INFO] DbBoards:161 - Board is not supported: NUCLEO-WBA25CE1
2026-08-10 10:11:11,853 [INFO] BoardInfo:889 - No configuration file found for board NUCLEO-WBA65RI
2026-08-10 10:11:11,853 [INFO] DbBoards:161 - Board is not supported: NUCLEO-WBA65RI
2026-08-10 10:11:11,855 [INFO] BoardInfo:889 - No configuration file found for board NUCLEO-WL33CC1
2026-08-10 10:11:11,855 [INFO] DbBoards:161 - Board is not supported: NUCLEO-WL33CC1
2026-08-10 10:11:11,856 [INFO] BoardInfo:889 - No configuration file found for board NUCLEO-WL33CC2
2026-08-10 10:11:11,856 [INFO] DbBoards:161 - Board is not supported: NUCLEO-WL33CC2
2026-08-10 10:11:11,857 [INFO] BoardInfo:889 - No configuration file found for board NUCLEO-WL3RKB1
2026-08-10 10:11:11,857 [INFO] DbBoards:161 - Board is not supported: NUCLEO-WL3RKB1
2026-08-10 10:11:11,858 [INFO] BoardInfo:889 - No configuration file found for board NUCLEO-WL3RKB2
2026-08-10 10:11:11,858 [INFO] DbBoards:161 - Board is not supported: NUCLEO-WL3RKB2
2026-08-10 10:11:11,865 [INFO] BoardInfo:889 - No configuration file found for board P-NUCLEO-WB55
2026-08-10 10:11:11,865 [INFO] DbBoards:161 - Kit is not supported: P-NUCLEO-WB55
2026-08-10 10:11:11,870 [INFO] BoardInfo:889 - No configuration file found for board STEVAL-BFA001V1B
2026-08-10 10:11:11,870 [INFO] DbBoards:161 - Kit is not supported: STEVAL-BFA001V1B
2026-08-10 10:11:11,871 [INFO] BoardInfo:889 - No configuration file found for board STEVAL-BFA001V2B
2026-08-10 10:11:11,871 [INFO] DbBoards:161 - Kit is not supported: STEVAL-BFA001V2B
2026-08-10 10:11:11,973 [INFO] BoardInfo:889 - No configuration file found for board STM32H5F5J-DK
2026-08-10 10:11:11,974 [INFO] DbBoards:161 - Board is not supported: STM32H5F5J-DK
2026-08-10 10:11:12,037 [INFO] BoardInfo:889 - No configuration file found for board STM32MP215F-DK
2026-08-10 10:11:12,037 [INFO] DbBoards:161 - Board is not supported: STM32MP215F-DK
2026-08-10 10:11:12,039 [INFO] BoardInfo:889 - No configuration file found for board STM32MP257F-DK
2026-08-10 10:11:12,041 [INFO] DbBoards:161 - Board is not supported: STM32MP257F-DK
2026-08-10 10:11:12,043 [INFO] BoardInfo:889 - No configuration file found for board STM32MP257F-EV1
2026-08-10 10:11:12,043 [INFO] DbBoards:161 - Board is not supported: STM32MP257F-EV1
2026-08-10 10:11:12,045 [INFO] BoardInfo:889 - No configuration file found for board STM32N6570-DK
2026-08-10 10:11:12,045 [INFO] DbBoards:161 - Board is not supported: STM32N6570-DK
2026-08-10 10:11:12,060 [INFO] BoardInfo:889 - No configuration file found for board STM32WBA65I-DK1
2026-08-10 10:11:12,061 [INFO] DbBoards:161 - Board is not supported: STM32WBA65I-DK1
2026-08-10 10:11:12,061 [INFO] DbBoards:168 - Found 218 boards, 192 are supported
2026-08-10 10:11:12,061 [INFO] DbBoards:169 - Found 218 boards, 8 of them is supported for  Bsp
2026-08-10 10:11:12,065 [INFO] ApiDb:423 - Load user favorites file C:\Users\dryem.EMRE/.stm32cubeide/favorites.boards.txt: 0 item(s)
2026-08-10 10:11:12,065 [INFO] ApiDb:427 - User favorites Boards=[]
2026-08-10 10:11:12,066 [INFO] DbBoards:198 - Set 0 / 0 favorites Boards
2026-08-10 10:11:12,147 [INFO] UtilMem:75 - End LoadConfig() Used Memory: 825997880 Bytes (1073741824)
2026-08-10 10:11:12,321 [ERROR] LogOutputStream:75 - [STDERR_REDIRECT] [Fatal Error] :1:1: Premature end of file.
2026-08-10 10:11:12,322 [ERROR] LogOutputStream:75 - [STDERR_REDIRECT] 
2026-08-10 10:11:12,398 [WARN] ThirdParty:833 - waiting for thirdparty lock release [change project]
2026-08-10 10:11:12,398 [INFO] ThirdParty:835 - entering critical section [change project]
2026-08-10 10:11:12,398 [INFO] ThirdParty:1030 - CMSIS Pack Vendor :STMicroelectronics X-CUBE-AZRTOS-H7 3.5.0
2026-08-10 10:11:12,398 [INFO] ThirdParty:1030 - CMSIS Pack Vendor :STMicroelectronics X-CUBE-PM33A1 1.0.0
2026-08-10 10:11:12,398 [INFO] ThirdParty:1030 - CMSIS Pack Vendor :STMicroelectronics USBPD 4.1
2026-08-10 10:11:12,398 [INFO] ThirdParty:1030 - CMSIS Pack Vendor :STMicroelectronics X-CUBE-NFC9 1.0.0
2026-08-10 10:11:12,398 [INFO] ThirdParty:1030 - CMSIS Pack Vendor :STMicroelectronics USB_HOST 2.0.0
2026-08-10 10:11:12,398 [INFO] ThirdParty:1030 - CMSIS Pack Vendor :STMicroelectronics FP-ATR-ASTRA1 2.0.3
2026-08-10 10:11:12,398 [INFO] ThirdParty:1030 - CMSIS Pack Vendor :STMicroelectronics X-CUBE-AZRTOS-F4 1.1.0
2026-08-10 10:11:12,398 [INFO] ThirdParty:1030 - CMSIS Pack Vendor :STMicroelectronics LIBJPEG 8.0.0
2026-08-10 10:11:12,398 [INFO] ThirdParty:1030 - CMSIS Pack Vendor :STMicroelectronics FP-ATR-ASTRA1 2.0.2
2026-08-10 10:11:12,399 [INFO] ThirdParty:1030 - CMSIS Pack Vendor :STMicroelectronics X-CUBE-BLE1 7.1.0
2026-08-10 10:11:12,399 [INFO] ThirdParty:1030 - CMSIS Pack Vendor :wolfSSL I-CUBE-wolfMQTT 1.19.2
2026-08-10 10:11:12,399 [INFO] ThirdParty:1030 - CMSIS Pack Vendor :STMicroelectronics USB_DEVICE 3.0.0
2026-08-10 10:11:12,399 [INFO] ThirdParty:1030 - CMSIS Pack Vendor :STMicroelectronics X-CUBE-ISPU 2.1.0
2026-08-10 10:11:12,399 [INFO] ThirdParty:1030 - CMSIS Pack Vendor :STMicroelectronics X-CUBE-EEPRMA1 5.2.0
2026-08-10 10:11:12,399 [INFO] ThirdParty:1030 - CMSIS Pack Vendor :STMicroelectronics X-CUBE-AZRTOS-WB 2.0.0
2026-08-10 10:11:12,399 [INFO] ThirdParty:1030 - CMSIS Pack Vendor :STMicroelectronics X-CUBE-NFC12 1.0.0
2026-08-10 10:11:12,399 [INFO] ThirdParty:1030 - CMSIS Pack Vendor :STMicroelectronics X-CUBE-AZRTOS-F7 1.1.0
2026-08-10 10:11:12,399 [INFO] ThirdParty:1030 - CMSIS Pack Vendor :STMicroelectronics X-CUBE-AZRTOS-L5 2.0.0
2026-08-10 10:11:12,399 [INFO] ThirdParty:1030 - CMSIS Pack Vendor :STMicroelectronics USB_DEVICE 2.0.0
2026-08-10 10:11:12,399 [INFO] ThirdParty:1030 - CMSIS Pack Vendor :quantropi X-CUBE-qispace-sdk-base 2.1.0
2026-08-10 10:11:12,399 [INFO] ThirdParty:1030 - CMSIS Pack Vendor :STMicroelectronics X-CUBE-STSE01 2.0.0
2026-08-10 10:11:12,399 [INFO] ThirdParty:1030 - CMSIS Pack Vendor :STMicroelectronics X-CUBE-ALGOBUILD 1.5.0
2026-08-10 10:11:12,400 [INFO] ThirdParty:1030 - CMSIS Pack Vendor :STMicroelectronics FreeRTOS 0.0.1
2026-08-10 10:11:12,400 [INFO] ThirdParty:1030 - CMSIS Pack Vendor :STMicroelectronics X-CUBE-AZRTOS-H7RS 1.3.0
2026-08-10 10:11:12,400 [INFO] ThirdParty:1030 - CMSIS Pack Vendor :STMicroelectronics X-CUBE-AZRTOS-G0 1.1.0
2026-08-10 10:11:12,400 [INFO] ThirdParty:1030 - CMSIS Pack Vendor :STMicroelectronics X-CUBE-NFC4 3.0.0
2026-08-10 10:11:12,400 [INFO] ThirdParty:1030 - CMSIS Pack Vendor :STMicroelectronics X-CUBE-SUBG2 5.0.0
2026-08-10 10:11:12,400 [INFO] ThirdParty:1030 - CMSIS Pack Vendor :STMicroelectronics STM32_WPAN 1.0.0
2026-08-10 10:11:12,400 [INFO] ThirdParty:1030 - CMSIS Pack Vendor :EmbeddedOffice I-CUBE-FS-RTOS 1.0.1
2026-08-10 10:11:12,400 [INFO] ThirdParty:1030 - CMSIS Pack Vendor :STMicroelectronics lwIP 2.0.3
2026-08-10 10:11:12,400 [INFO] ThirdParty:1030 - CMSIS Pack Vendor :STMicroelectronics X-CUBE-MEMS1 13.0.0
2026-08-10 10:11:12,400 [INFO] ThirdParty:1030 - CMSIS Pack Vendor :STMicroelectronics USB_HOST 1.0.0
2026-08-10 10:11:12,400 [INFO] ThirdParty:1030 - CMSIS Pack Vendor :STMicroelectronics X-CUBE-AZRTOS-G4 2.0.0
2026-08-10 10:11:12,401 [INFO] ThirdParty:1030 - CMSIS Pack Vendor :STMicroelectronics PDM2PCM 3.1.0
2026-08-10 10:11:12,401 [INFO] ThirdParty:1030 - CMSIS Pack Vendor :STMicroelectronics PDM2PCM 3.3.0
2026-08-10 10:11:12,401 [INFO] ThirdParty:1030 - CMSIS Pack Vendor :wolfSSL I-CUBE-wolfTPM 3.8.0
2026-08-10 10:11:12,401 [INFO] ThirdParty:1030 - CMSIS Pack Vendor :STMicroelectronics X-CUBE-DISPLAY 3.0.0
2026-08-10 10:11:12,401 [INFO] ThirdParty:1030 - CMSIS Pack Vendor :wolfSSL I-CUBE-wolfSSH 1.4.20
2026-08-10 10:11:12,401 [INFO] ThirdParty:1030 - CMSIS Pack Vendor :STMicroelectronics X-CUBE-NFC7 2.0.0
2026-08-10 10:11:12,401 [INFO] ThirdParty:1030 - CMSIS Pack Vendor :STMicroelectronics X-CUBE-GNSS1 7.1.1
2026-08-10 10:11:12,401 [INFO] ThirdParty:1030 - CMSIS Pack Vendor :RealThread X-CUBE-RT-Thread_Nano 4.1.1
2026-08-10 10:11:12,401 [INFO] ThirdParty:1030 - CMSIS Pack Vendor :wolfSSL I-CUBE-wolfSSL 5.9.1
2026-08-10 10:11:12,401 [INFO] ThirdParty:1030 - CMSIS Pack Vendor :STMicroelectronics FP-ATR-SIGFOX1 3.2.0
2026-08-10 10:11:12,401 [INFO] ThirdParty:1030 - CMSIS Pack Vendor :STMicroelectronics X-CUBE-NFC10 1.0.0
2026-08-10 10:11:12,401 [INFO] ThirdParty:1030 - CMSIS Pack Vendor :STMicroelectronics HAL Drivers 0.0.0
2026-08-10 10:11:12,401 [INFO] ThirdParty:1030 - CMSIS Pack Vendor :STMicroelectronics MBEDTLS 2.16.2
2026-08-10 10:11:12,401 [INFO] ThirdParty:1030 - CMSIS Pack Vendor :STMicroelectronics X-CUBE-ALS 1.0.2
2026-08-10 10:11:12,401 [INFO] ThirdParty:1030 - CMSIS Pack Vendor :emotas I-CUBE-CANOPEN 1.3.0
2026-08-10 10:11:12,401 [INFO] ThirdParty:1030 - CMSIS Pack Vendor :wolfSSL I-CUBE-wolfSSL 5.9.2
2026-08-10 10:11:12,401 [INFO] ThirdParty:1030 - CMSIS Pack Vendor :STMicroelectronics MBEDTLS 2.14.1
2026-08-10 10:11:12,402 [INFO] ThirdParty:1030 - CMSIS Pack Vendor :ITTIA_DB I-CUBE-ITTIADB 8.9.0
2026-08-10 10:11:12,402 [INFO] ThirdParty:1030 - CMSIS Pack Vendor :STMicroelectronics X-CUBE-TOUCHGFX 4.26.1
2026-08-10 10:11:12,402 [INFO] ThirdParty:1030 - CMSIS Pack Vendor :STMicroelectronics X-CUBE-NFC6 3.2.0
2026-08-10 10:11:12,402 [INFO] ThirdParty:1030 - CMSIS Pack Vendor :STMicroelectronics X-CUBE-AI 10.2.1
2026-08-10 10:11:12,402 [INFO] ThirdParty:1030 - CMSIS Pack Vendor :STMicroelectronics ThreadX 1.0.0
2026-08-10 10:11:12,402 [INFO] ThirdParty:1030 - CMSIS Pack Vendor :STMicroelectronics FP-SNS-SMARTAG2 1.2.0
2026-08-10 10:11:12,402 [INFO] ThirdParty:1030 - CMSIS Pack Vendor :STMicroelectronics X-CUBE-MEMS1 12.1.0
2026-08-10 10:11:12,402 [INFO] ThirdParty:1030 - CMSIS Pack Vendor :STMicroelectronics X-CUBE-AZRTOS-WL 2.0.0
2026-08-10 10:11:12,402 [INFO] ThirdParty:1030 - CMSIS Pack Vendor :SEGGER I-CUBE-embOS 1.3.1
2026-08-10 10:11:12,402 [INFO] ThirdParty:1030 - CMSIS Pack Vendor :STMicroelectronics X-CUBE-DPower 1.3.0
2026-08-10 10:11:12,402 [INFO] ThirdParty:1030 - CMSIS Pack Vendor :STMicroelectronics USB_DEVICE 1.0.0
2026-08-10 10:11:12,402 [INFO] ThirdParty:1030 - CMSIS Pack Vendor :STMicroelectronics X-CUBE-AZRTOS-L4 2.0.0
2026-08-10 10:11:12,402 [INFO] ThirdParty:1030 - CMSIS Pack Vendor :STMicroelectronics ThreadX 0.0.2
2026-08-10 10:11:12,402 [INFO] ThirdParty:1030 - CMSIS Pack Vendor :STMicroelectronics lwIP 2.1.2
2026-08-10 10:11:12,403 [INFO] ThirdParty:1030 - CMSIS Pack Vendor :STMicroelectronics X-CUBE-SFXS2LP1 4.0.0
2026-08-10 10:11:12,403 [INFO] ThirdParty:1030 - CMSIS Pack Vendor :STMicroelectronics X-CUBE-BLE2 3.3.0
2026-08-10 10:11:12,403 [INFO] ThirdParty:1030 - CMSIS Pack Vendor :Infineon AIROC-Wi-Fi-Bluetooth-STM32 1.8.0
2026-08-10 10:11:12,403 [INFO] ThirdParty:1030 - CMSIS Pack Vendor :STMicroelectronics X-CUBE-NFC13 1.0.0
2026-08-10 10:11:12,403 [INFO] ThirdParty:1030 - CMSIS Pack Vendor :STMicroelectronics PDM2PCM 3.2.0
2026-08-10 10:11:12,403 [INFO] ThirdParty:1030 - CMSIS Pack Vendor :STMicroelectronics X-CUBE-WB05N 2.1.0
2026-08-10 10:11:12,403 [INFO] ThirdParty:841 - exiting critical section [change project]
2026-08-10 10:11:12,950 [INFO] PinOutPanel:1561 - setPackage(No Configuration,No Configuration)
2026-08-10 10:11:12,951 [INFO] PinOutPanel:1561 - setPackage(STM32F407VGTx,LQFP100)
2026-08-10 10:11:13,300 [ERROR] LogOutputStream:75 - [STDERR_REDIRECT] [Fatal Error] :1:1: Premature end of file.
2026-08-10 10:11:13,300 [ERROR] LogOutputStream:75 - [STDERR_REDIRECT] 
2026-08-10 10:11:13,400 [INFO] UtilMem:75 - Before build in PCC Used Memory: 802975448 Bytes (1073741824)
2026-08-10 10:11:14,302 [ERROR] LogOutputStream:75 - [STDERR_REDIRECT] [Fatal Error] :1:1: Premature end of file.
2026-08-10 10:11:14,303 [ERROR] LogOutputStream:75 - [STDERR_REDIRECT] 
2026-08-10 10:11:14,788 [INFO] UtilMem:75 - After build in PCC Used Memory: 780283064 Bytes (1073741824)
2026-08-10 10:11:14,822 [INFO] IPUIPlugin:80 - create IPUIPlugin
2026-08-10 10:11:14,822 [INFO] IPUIPlugin:80 - create IPUIPlugin
2026-08-10 10:11:14,822 [INFO] IPUIPlugin:80 - create IPUIPlugin
2026-08-10 10:11:14,822 [INFO] IPUIPlugin:80 - create IPUIPlugin
2026-08-10 10:11:14,822 [INFO] IPUIPlugin:80 - create IPUIPlugin
2026-08-10 10:11:14,822 [INFO] IPUIPlugin:80 - create IPUIPlugin
2026-08-10 10:11:14,822 [INFO] IPUIPlugin:80 - create IPUIPlugin
2026-08-10 10:11:14,822 [INFO] IPUIPlugin:80 - create IPUIPlugin
2026-08-10 10:11:14,822 [INFO] IPUIPlugin:80 - create IPUIPlugin
2026-08-10 10:11:14,822 [INFO] IPUIPlugin:80 - create IPUIPlugin
2026-08-10 10:11:14,822 [INFO] IPUIPlugin:80 - create IPUIPlugin
2026-08-10 10:11:14,823 [INFO] IPUIPlugin:80 - create IPUIPlugin
2026-08-10 10:11:14,823 [INFO] IPUIPlugin:80 - create IPUIPlugin
2026-08-10 10:11:14,823 [INFO] IPUIPlugin:80 - create IPUIPlugin
2026-08-10 10:11:14,823 [INFO] IPUIPlugin:80 - create IPUIPlugin
2026-08-10 10:11:14,823 [INFO] IPUIPlugin:80 - create IPUIPlugin
2026-08-10 10:11:14,823 [INFO] IPUIPlugin:80 - create IPUIPlugin
2026-08-10 10:11:14,823 [INFO] IPUIPlugin:80 - create IPUIPlugin
2026-08-10 10:11:14,823 [INFO] IPUIPlugin:80 - create IPUIPlugin
2026-08-10 10:11:14,823 [INFO] IPUIPlugin:80 - create IPUIPlugin
2026-08-10 10:11:14,823 [INFO] IPUIPlugin:80 - create IPUIPlugin
2026-08-10 10:11:14,824 [INFO] IPUIPlugin:80 - create IPUIPlugin
2026-08-10 10:11:14,824 [INFO] IPUIPlugin:80 - create IPUIPlugin
2026-08-10 10:11:14,824 [INFO] IPUIPlugin:80 - create IPUIPlugin
2026-08-10 10:11:14,824 [INFO] IPUIPlugin:80 - create IPUIPlugin
2026-08-10 10:11:14,824 [INFO] IPUIPlugin:80 - create IPUIPlugin
2026-08-10 10:11:14,825 [INFO] IPUIPlugin:80 - create IPUIPlugin
2026-08-10 10:11:14,825 [INFO] IPUIPlugin:80 - create IPUIPlugin
2026-08-10 10:11:14,825 [INFO] IPUIPlugin:80 - create IPUIPlugin
2026-08-10 10:11:14,826 [INFO] IPUIPlugin:80 - create IPUIPlugin
2026-08-10 10:11:14,826 [INFO] IPUIPlugin:80 - create IPUIPlugin
2026-08-10 10:11:14,826 [INFO] IPUIPlugin:80 - create IPUIPlugin
2026-08-10 10:11:14,826 [INFO] IPUIPlugin:80 - create IPUIPlugin
2026-08-10 10:11:14,826 [INFO] IPUIPlugin:80 - create IPUIPlugin
2026-08-10 10:11:14,827 [INFO] IPUIPlugin:80 - create IPUIPlugin
2026-08-10 10:11:14,827 [INFO] IPUIPlugin:80 - create IPUIPlugin
2026-08-10 10:11:14,827 [INFO] IPUIPlugin:80 - create IPUIPlugin
2026-08-10 10:11:14,827 [INFO] IPUIPlugin:80 - create IPUIPlugin
2026-08-10 10:11:14,827 [INFO] IPUIPlugin:80 - create IPUIPlugin
2026-08-10 10:11:14,827 [INFO] IPUIPlugin:80 - create IPUIPlugin
2026-08-10 10:11:14,828 [INFO] IPUIPlugin:80 - create IPUIPlugin
2026-08-10 10:11:14,828 [INFO] IPUIPlugin:80 - create IPUIPlugin
2026-08-10 10:11:14,828 [INFO] IPUIPlugin:80 - create IPUIPlugin
2026-08-10 10:11:14,828 [INFO] IPUIPlugin:80 - create IPUIPlugin
2026-08-10 10:11:14,828 [INFO] IPUIPlugin:80 - create IPUIPlugin
2026-08-10 10:11:14,829 [INFO] IPUIPlugin:80 - create IPUIPlugin
2026-08-10 10:11:14,829 [INFO] IPUIPlugin:80 - create IPUIPlugin
2026-08-10 10:11:14,829 [INFO] IPUIPlugin:80 - create IPUIPlugin
2026-08-10 10:11:14,829 [INFO] IPUIPlugin:80 - create IPUIPlugin
2026-08-10 10:11:14,830 [INFO] IPUIPlugin:80 - create IPUIPlugin
2026-08-10 10:11:14,830 [INFO] IPUIPlugin:80 - create IPUIPlugin
2026-08-10 10:11:14,830 [INFO] IPUIPlugin:80 - create IPUIPlugin
2026-08-10 10:11:14,831 [INFO] IPUIPlugin:80 - create IPUIPlugin
2026-08-10 10:11:14,831 [INFO] IPUIPlugin:80 - create IPUIPlugin
2026-08-10 10:11:14,832 [INFO] IPUIPlugin:80 - create IPUIPlugin
2026-08-10 10:11:14,833 [INFO] IPUIPlugin:80 - create IPUIPlugin
2026-08-10 10:11:14,833 [INFO] IPUIPlugin:80 - create IPUIPlugin
2026-08-10 10:11:14,833 [INFO] IPUIPlugin:80 - create IPUIPlugin
2026-08-10 10:11:14,966 [INFO] ApiDbMcu:508 - Load IP Config File for PDM2PCM
2026-08-10 10:11:14,977 [WARN] IP:2120 - I2C_Coeff_DF not found: check if there is a RefParameter without a condition.
2026-08-10 10:11:14,977 [WARN] IP:2120 - Analog_Filter not found: check if there is a RefParameter without a condition.
2026-08-10 10:11:15,277 [INFO] CADModel:165 - CPN selected for project levelSTM32F407VGT6
2026-08-10 10:11:15,277 [INFO] CADModel:114 - Register for checkConnection events
2026-08-10 10:11:15,302 [ERROR] LogOutputStream:75 - [STDERR_REDIRECT] [Fatal Error] :1:1: Premature end of file.
2026-08-10 10:11:15,303 [ERROR] LogOutputStream:75 - [STDERR_REDIRECT] 
2026-08-10 10:11:15,334 [INFO] OpenFileManager:343 - Restore cursor
2026-08-10 10:11:15,501 [WARN] IP:2120 - I2C_Coeff_DF not found: check if there is a RefParameter without a condition.
2026-08-10 10:11:15,501 [WARN] IP:2120 - Analog_Filter not found: check if there is a RefParameter without a condition.
2026-08-10 10:11:15,501 [WARN] IP:2120 - I2C_Coeff_DF not found: check if there is a RefParameter without a condition.
2026-08-10 10:11:15,502 [WARN] IP:2120 - Analog_Filter not found: check if there is a RefParameter without a condition.
2026-08-10 10:11:16,295 [ERROR] LogOutputStream:75 - [STDERR_REDIRECT] [Fatal Error] :1:1: Premature end of file.
2026-08-10 10:11:16,295 [ERROR] LogOutputStream:75 - [STDERR_REDIRECT] 
2026-08-10 10:11:17,295 [ERROR] LogOutputStream:75 - [STDERR_REDIRECT] [Fatal Error] :1:1: Premature end of file.
2026-08-10 10:11:17,296 [ERROR] LogOutputStream:75 - [STDERR_REDIRECT] 
2026-08-10 10:11:18,319 [ERROR] LogOutputStream:75 - [STDERR_REDIRECT] [Fatal Error] :1:1: Premature end of file.
2026-08-10 10:11:18,321 [ERROR] LogOutputStream:75 - [STDERR_REDIRECT] 
2026-08-10 10:11:19,303 [ERROR] LogOutputStream:75 - [STDERR_REDIRECT] [Fatal Error] :1:1: Premature end of file.
2026-08-10 10:11:19,303 [ERROR] LogOutputStream:75 - [STDERR_REDIRECT] 
2026-08-10 10:11:20,311 [ERROR] LogOutputStream:75 - [STDERR_REDIRECT] [Fatal Error] :1:1: Premature end of file.
2026-08-10 10:11:20,312 [ERROR] LogOutputStream:75 - [STDERR_REDIRECT] 
2026-08-10 10:11:21,309 [ERROR] LogOutputStream:75 - [STDERR_REDIRECT] [Fatal Error] :1:1: Premature end of file.
2026-08-10 10:11:21,310 [ERROR] LogOutputStream:75 - [STDERR_REDIRECT] 
2026-08-10 10:11:22,293 [ERROR] LogOutputStream:75 - [STDERR_REDIRECT] [Fatal Error] :1:1: Premature end of file.
2026-08-10 10:11:22,294 [ERROR] LogOutputStream:75 - [STDERR_REDIRECT] 
2026-08-10 10:11:23,295 [ERROR] LogOutputStream:75 - [STDERR_REDIRECT] [Fatal Error] :1:1: Premature end of file.
2026-08-10 10:11:23,295 [ERROR] LogOutputStream:75 - [STDERR_REDIRECT] 
2026-08-10 10:11:24,304 [ERROR] LogOutputStream:75 - [STDERR_REDIRECT] [Fatal Error] :1:1: Premature end of file.
2026-08-10 10:11:24,304 [ERROR] LogOutputStream:75 - [STDERR_REDIRECT] 
2026-08-10 10:11:25,293 [ERROR] LogOutputStream:75 - [STDERR_REDIRECT] [Fatal Error] :1:1: Premature end of file.
2026-08-10 10:11:25,293 [ERROR] LogOutputStream:75 - [STDERR_REDIRECT] 
2026-08-10 10:11:26,294 [ERROR] LogOutputStream:75 - [STDERR_REDIRECT] [Fatal Error] :1:1: Premature end of file.
2026-08-10 10:11:26,295 [ERROR] LogOutputStream:75 - [STDERR_REDIRECT] 
2026-08-10 10:11:27,305 [ERROR] LogOutputStream:75 - [STDERR_REDIRECT] [Fatal Error] :1:1: Premature end of file.
2026-08-10 10:11:27,305 [ERROR] LogOutputStream:75 - [STDERR_REDIRECT] 
2026-08-10 10:11:28,304 [ERROR] LogOutputStream:75 - [STDERR_REDIRECT] [Fatal Error] :1:1: Premature end of file.
2026-08-10 10:11:28,305 [ERROR] LogOutputStream:75 - [STDERR_REDIRECT] 
2026-08-10 10:11:29,291 [ERROR] LogOutputStream:75 - [STDERR_REDIRECT] [Fatal Error] :1:1: Premature end of file.
2026-08-10 10:11:29,291 [ERROR] LogOutputStream:75 - [STDERR_REDIRECT] 
2026-08-10 10:11:30,301 [ERROR] LogOutputStream:75 - [STDERR_REDIRECT] [Fatal Error] :1:1: Premature end of file.
2026-08-10 10:11:30,301 [ERROR] LogOutputStream:75 - [STDERR_REDIRECT] 
2026-08-10 10:11:31,300 [ERROR] LogOutputStream:75 - [STDERR_REDIRECT] [Fatal Error] :1:1: Premature end of file.
2026-08-10 10:11:31,300 [ERROR] LogOutputStream:75 - [STDERR_REDIRECT] 
2026-08-10 10:11:32,297 [ERROR] LogOutputStream:75 - [STDERR_REDIRECT] [Fatal Error] :1:1: Premature end of file.
2026-08-10 10:11:32,298 [ERROR] LogOutputStream:75 - [STDERR_REDIRECT] 
2026-08-10 10:11:33,298 [ERROR] LogOutputStream:75 - [STDERR_REDIRECT] [Fatal Error] :1:1: Premature end of file.
2026-08-10 10:11:33,298 [ERROR] LogOutputStream:75 - [STDERR_REDIRECT] 
2026-08-10 10:11:34,302 [ERROR] LogOutputStream:75 - [STDERR_REDIRECT] [Fatal Error] :1:1: Premature end of file.
2026-08-10 10:11:34,302 [ERROR] LogOutputStream:75 - [STDERR_REDIRECT] 
2026-08-10 10:11:35,303 [ERROR] LogOutputStream:75 - [STDERR_REDIRECT] [Fatal Error] :1:1: Premature end of file.
2026-08-10 10:11:35,303 [ERROR] LogOutputStream:75 - [STDERR_REDIRECT] 
2026-08-10 10:11:36,299 [ERROR] LogOutputStream:75 - [STDERR_REDIRECT] [Fatal Error] :1:1: Premature end of file.
2026-08-10 10:11:36,299 [ERROR] LogOutputStream:75 - [STDERR_REDIRECT] 
2026-08-10 10:11:37,300 [ERROR] LogOutputStream:75 - [STDERR_REDIRECT] [Fatal Error] :1:1: Premature end of file.
2026-08-10 10:11:37,300 [ERROR] LogOutputStream:75 - [STDERR_REDIRECT] 
2026-08-10 10:11:38,301 [ERROR] LogOutputStream:75 - [STDERR_REDIRECT] [Fatal Error] :1:1: Premature end of file.
2026-08-10 10:11:38,301 [ERROR] LogOutputStream:75 - [STDERR_REDIRECT] 
2026-08-10 10:11:39,304 [ERROR] LogOutputStream:75 - [STDERR_REDIRECT] [Fatal Error] :1:1: Premature end of file.
2026-08-10 10:11:39,304 [ERROR] LogOutputStream:75 - [STDERR_REDIRECT] 
2026-08-10 10:11:40,305 [ERROR] LogOutputStream:75 - [STDERR_REDIRECT] [Fatal Error] :1:1: Premature end of file.
2026-08-10 10:11:40,306 [ERROR] LogOutputStream:75 - [STDERR_REDIRECT] 
2026-08-10 10:11:41,296 [ERROR] LogOutputStream:75 - [STDERR_REDIRECT] [Fatal Error] :1:1: Premature end of file.
2026-08-10 10:11:41,296 [ERROR] LogOutputStream:75 - [STDERR_REDIRECT] 
2026-08-10 10:11:42,294 [ERROR] LogOutputStream:75 - [STDERR_REDIRECT] [Fatal Error] :1:1: Premature end of file.
2026-08-10 10:11:42,295 [ERROR] LogOutputStream:75 - [STDERR_REDIRECT] 
2026-08-10 10:11:43,298 [ERROR] LogOutputStream:75 - [STDERR_REDIRECT] [Fatal Error] :1:1: Premature end of file.
2026-08-10 10:11:43,298 [ERROR] LogOutputStream:75 - [STDERR_REDIRECT] 
2026-08-10 10:11:44,299 [ERROR] LogOutputStream:75 - [STDERR_REDIRECT] [Fatal Error] :1:1: Premature end of file.
2026-08-10 10:11:44,299 [ERROR] LogOutputStream:75 - [STDERR_REDIRECT] 
2026-08-10 10:11:45,306 [ERROR] LogOutputStream:75 - [STDERR_REDIRECT] [Fatal Error] :1:1: Premature end of file.
2026-08-10 10:11:45,306 [ERROR] LogOutputStream:75 - [STDERR_REDIRECT] 
2026-08-10 10:11:46,302 [ERROR] LogOutputStream:75 - [STDERR_REDIRECT] [Fatal Error] :1:1: Premature end of file.
2026-08-10 10:11:46,302 [ERROR] LogOutputStream:75 - [STDERR_REDIRECT] 
2026-08-10 10:11:47,299 [ERROR] LogOutputStream:75 - [STDERR_REDIRECT] [Fatal Error] :1:1: Premature end of file.
2026-08-10 10:11:47,300 [ERROR] LogOutputStream:75 - [STDERR_REDIRECT] 
2026-08-10 10:11:48,299 [ERROR] LogOutputStream:75 - [STDERR_REDIRECT] [Fatal Error] :1:1: Premature end of file.
2026-08-10 10:11:48,300 [ERROR] LogOutputStream:75 - [STDERR_REDIRECT] 
2026-08-10 10:11:49,298 [ERROR] LogOutputStream:75 - [STDERR_REDIRECT] [Fatal Error] :1:1: Premature end of file.
2026-08-10 10:11:49,298 [ERROR] LogOutputStream:75 - [STDERR_REDIRECT] 
2026-08-10 10:11:50,297 [ERROR] LogOutputStream:75 - [STDERR_REDIRECT] [Fatal Error] :1:1: Premature end of file.
2026-08-10 10:11:50,298 [ERROR] LogOutputStream:75 - [STDERR_REDIRECT] 
2026-08-10 10:11:51,304 [ERROR] LogOutputStream:75 - [STDERR_REDIRECT] [Fatal Error] :1:1: Premature end of file.
2026-08-10 10:11:51,305 [ERROR] LogOutputStream:75 - [STDERR_REDIRECT] 
2026-08-10 10:11:52,297 [ERROR] LogOutputStream:75 - [STDERR_REDIRECT] [Fatal Error] :1:1: Premature end of file.
2026-08-10 10:11:52,297 [ERROR] LogOutputStream:75 - [STDERR_REDIRECT] 
2026-08-10 10:11:53,329 [ERROR] LogOutputStream:75 - [STDERR_REDIRECT] [Fatal Error] :1:1: Premature end of file.
2026-08-10 10:11:53,329 [ERROR] LogOutputStream:75 - [STDERR_REDIRECT] 
2026-08-10 10:11:54,300 [ERROR] LogOutputStream:75 - [STDERR_REDIRECT] [Fatal Error] :1:1: Premature end of file.
2026-08-10 10:11:54,300 [ERROR] LogOutputStream:75 - [STDERR_REDIRECT] 
2026-08-10 10:11:55,301 [ERROR] LogOutputStream:75 - [STDERR_REDIRECT] [Fatal Error] :1:1: Premature end of file.
2026-08-10 10:11:55,302 [ERROR] LogOutputStream:75 - [STDERR_REDIRECT] 
2026-08-10 10:11:56,302 [ERROR] LogOutputStream:75 - [STDERR_REDIRECT] [Fatal Error] :1:1: Premature end of file.
2026-08-10 10:11:56,302 [ERROR] LogOutputStream:75 - [STDERR_REDIRECT] 
2026-08-10 10:11:57,298 [ERROR] LogOutputStream:75 - [STDERR_REDIRECT] [Fatal Error] :1:1: Premature end of file.
2026-08-10 10:11:57,298 [ERROR] LogOutputStream:75 - [STDERR_REDIRECT] 
2026-08-10 10:11:58,299 [ERROR] LogOutputStream:75 - [STDERR_REDIRECT] [Fatal Error] :1:1: Premature end of file.
2026-08-10 10:11:58,300 [ERROR] LogOutputStream:75 - [STDERR_REDIRECT] 
2026-08-10 10:11:59,302 [ERROR] LogOutputStream:75 - [STDERR_REDIRECT] [Fatal Error] :1:1: Premature end of file.
2026-08-10 10:11:59,302 [ERROR] LogOutputStream:75 - [STDERR_REDIRECT] 
2026-08-10 10:12:00,299 [ERROR] LogOutputStream:75 - [STDERR_REDIRECT] [Fatal Error] :1:1: Premature end of file.
2026-08-10 10:12:00,300 [ERROR] LogOutputStream:75 - [STDERR_REDIRECT] 
2026-08-10 10:12:01,300 [ERROR] LogOutputStream:75 - [STDERR_REDIRECT] [Fatal Error] :1:1: Premature end of file.
2026-08-10 10:12:01,300 [ERROR] LogOutputStream:75 - [STDERR_REDIRECT] 
2026-08-10 10:12:02,299 [ERROR] LogOutputStream:75 - [STDERR_REDIRECT] [Fatal Error] :1:1: Premature end of file.
2026-08-10 10:12:02,299 [ERROR] LogOutputStream:75 - [STDERR_REDIRECT] 
2026-08-10 10:12:03,301 [ERROR] LogOutputStream:75 - [STDERR_REDIRECT] [Fatal Error] :1:1: Premature end of file.
2026-08-10 10:12:03,301 [ERROR] LogOutputStream:75 - [STDERR_REDIRECT] 
2026-08-10 10:12:04,302 [ERROR] LogOutputStream:75 - [STDERR_REDIRECT] [Fatal Error] :1:1: Premature end of file.
2026-08-10 10:12:04,302 [ERROR] LogOutputStream:75 - [STDERR_REDIRECT] 
2026-08-10 10:12:05,297 [ERROR] LogOutputStream:75 - [STDERR_REDIRECT] [Fatal Error] :1:1: Premature end of file.
2026-08-10 10:12:05,297 [ERROR] LogOutputStream:75 - [STDERR_REDIRECT] 
2026-08-10 10:12:06,300 [ERROR] LogOutputStream:75 - [STDERR_REDIRECT] [Fatal Error] :1:1: Premature end of file.
2026-08-10 10:12:06,300 [ERROR] LogOutputStream:75 - [STDERR_REDIRECT] 
2026-08-10 10:12:07,297 [ERROR] LogOutputStream:75 - [STDERR_REDIRECT] [Fatal Error] :1:1: Premature end of file.
2026-08-10 10:12:07,297 [ERROR] LogOutputStream:75 - [STDERR_REDIRECT] 
2026-08-10 10:12:08,300 [ERROR] LogOutputStream:75 - [STDERR_REDIRECT] [Fatal Error] :1:1: Premature end of file.
2026-08-10 10:12:08,300 [ERROR] LogOutputStream:75 - [STDERR_REDIRECT] 
2026-08-10 10:12:09,300 [ERROR] LogOutputStream:75 - [STDERR_REDIRECT] [Fatal Error] :1:1: Premature end of file.
2026-08-10 10:12:09,300 [ERROR] LogOutputStream:75 - [STDERR_REDIRECT] 
2026-08-10 10:12:10,299 [ERROR] LogOutputStream:75 - [STDERR_REDIRECT] [Fatal Error] :1:1: Premature end of file.
2026-08-10 10:12:10,300 [ERROR] LogOutputStream:75 - [STDERR_REDIRECT] 
2026-08-10 10:12:11,299 [ERROR] LogOutputStream:75 - [STDERR_REDIRECT] [Fatal Error] :1:1: Premature end of file.
2026-08-10 10:12:11,300 [ERROR] LogOutputStream:75 - [STDERR_REDIRECT] 
2026-08-10 10:12:12,299 [ERROR] LogOutputStream:75 - [STDERR_REDIRECT] [Fatal Error] :1:1: Premature end of file.
2026-08-10 10:12:12,299 [ERROR] LogOutputStream:75 - [STDERR_REDIRECT] 
2026-08-10 10:12:13,296 [ERROR] LogOutputStream:75 - [STDERR_REDIRECT] [Fatal Error] :1:1: Premature end of file.
2026-08-10 10:12:13,297 [ERROR] LogOutputStream:75 - [STDERR_REDIRECT] 
2026-08-10 10:12:14,295 [ERROR] LogOutputStream:75 - [STDERR_REDIRECT] [Fatal Error] :1:1: Premature end of file.
2026-08-10 10:12:14,295 [ERROR] LogOutputStream:75 - [STDERR_REDIRECT] 
2026-08-10 10:12:15,302 [ERROR] LogOutputStream:75 - [STDERR_REDIRECT] [Fatal Error] :1:1: Premature end of file.
2026-08-10 10:12:15,303 [ERROR] LogOutputStream:75 - [STDERR_REDIRECT] 
2026-08-10 10:12:16,298 [ERROR] LogOutputStream:75 - [STDERR_REDIRECT] [Fatal Error] :1:1: Premature end of file.
2026-08-10 10:12:16,298 [ERROR] LogOutputStream:75 - [STDERR_REDIRECT] 
2026-08-10 10:12:17,297 [ERROR] LogOutputStream:75 - [STDERR_REDIRECT] [Fatal Error] :1:1: Premature end of file.
2026-08-10 10:12:17,297 [ERROR] LogOutputStream:75 - [STDERR_REDIRECT] 
2026-08-10 10:12:18,299 [ERROR] LogOutputStream:75 - [STDERR_REDIRECT] [Fatal Error] :1:1: Premature end of file.
2026-08-10 10:12:18,299 [ERROR] LogOutputStream:75 - [STDERR_REDIRECT] 
2026-08-10 10:12:19,302 [ERROR] LogOutputStream:75 - [STDERR_REDIRECT] [Fatal Error] :1:1: Premature end of file.
2026-08-10 10:12:19,302 [ERROR] LogOutputStream:75 - [STDERR_REDIRECT] 
2026-08-10 10:12:20,299 [ERROR] LogOutputStream:75 - [STDERR_REDIRECT] [Fatal Error] :1:1: Premature end of file.
2026-08-10 10:12:20,299 [ERROR] LogOutputStream:75 - [STDERR_REDIRECT] 
2026-08-10 10:12:21,298 [ERROR] LogOutputStream:75 - [STDERR_REDIRECT] [Fatal Error] :1:1: Premature end of file.
2026-08-10 10:12:21,298 [ERROR] LogOutputStream:75 - [STDERR_REDIRECT] 
2026-08-10 10:12:22,302 [ERROR] LogOutputStream:75 - [STDERR_REDIRECT] [Fatal Error] :1:1: Premature end of file.
2026-08-10 10:12:22,302 [ERROR] LogOutputStream:75 - [STDERR_REDIRECT] 
2026-08-10 10:12:23,308 [ERROR] LogOutputStream:75 - [STDERR_REDIRECT] [Fatal Error] :1:1: Premature end of file.
2026-08-10 10:12:23,308 [ERROR] LogOutputStream:75 - [STDERR_REDIRECT] 
2026-08-10 10:12:24,300 [ERROR] LogOutputStream:75 - [STDERR_REDIRECT] [Fatal Error] :1:1: Premature end of file.
2026-08-10 10:12:24,300 [ERROR] LogOutputStream:75 - [STDERR_REDIRECT] 
2026-08-10 10:12:25,301 [ERROR] LogOutputStream:75 - [STDERR_REDIRECT] [Fatal Error] :1:1: Premature end of file.
2026-08-10 10:12:25,301 [ERROR] LogOutputStream:75 - [STDERR_REDIRECT] 
2026-08-10 10:12:26,302 [ERROR] LogOutputStream:75 - [STDERR_REDIRECT] [Fatal Error] :1:1: Premature end of file.
2026-08-10 10:12:26,302 [ERROR] LogOutputStream:75 - [STDERR_REDIRECT] 
2026-08-10 10:12:27,303 [ERROR] LogOutputStream:75 - [STDERR_REDIRECT] [Fatal Error] :1:1: Premature end of file.
2026-08-10 10:12:27,303 [ERROR] LogOutputStream:75 - [STDERR_REDIRECT] 
2026-08-10 10:12:28,300 [ERROR] LogOutputStream:75 - [STDERR_REDIRECT] [Fatal Error] :1:1: Premature end of file.
2026-08-10 10:12:28,301 [ERROR] LogOutputStream:75 - [STDERR_REDIRECT] 
2026-08-10 10:12:29,299 [ERROR] LogOutputStream:75 - [STDERR_REDIRECT] [Fatal Error] :1:1: Premature end of file.
2026-08-10 10:12:29,299 [ERROR] LogOutputStream:75 - [STDERR_REDIRECT] 
2026-08-10 10:12:30,301 [ERROR] LogOutputStream:75 - [STDERR_REDIRECT] [Fatal Error] :1:1: Premature end of file.
2026-08-10 10:12:30,302 [ERROR] LogOutputStream:75 - [STDERR_REDIRECT] 
2026-08-10 10:12:31,304 [ERROR] LogOutputStream:75 - [STDERR_REDIRECT] [Fatal Error] :1:1: Premature end of file.
2026-08-10 10:12:31,304 [ERROR] LogOutputStream:75 - [STDERR_REDIRECT] 
2026-08-10 10:12:32,301 [ERROR] LogOutputStream:75 - [STDERR_REDIRECT] [Fatal Error] :1:1: Premature end of file.
2026-08-10 10:12:32,302 [ERROR] LogOutputStream:75 - [STDERR_REDIRECT] 
2026-08-10 10:12:33,297 [ERROR] LogOutputStream:75 - [STDERR_REDIRECT] [Fatal Error] :1:1: Premature end of file.
2026-08-10 10:12:33,297 [ERROR] LogOutputStream:75 - [STDERR_REDIRECT] 
2026-08-10 10:12:34,300 [ERROR] LogOutputStream:75 - [STDERR_REDIRECT] [Fatal Error] :1:1: Premature end of file.
2026-08-10 10:12:34,300 [ERROR] LogOutputStream:75 - [STDERR_REDIRECT] 
2026-08-10 10:12:35,308 [ERROR] LogOutputStream:75 - [STDERR_REDIRECT] [Fatal Error] :1:1: Premature end of file.
2026-08-10 10:12:35,308 [ERROR] LogOutputStream:75 - [STDERR_REDIRECT] 
2026-08-10 10:12:36,301 [ERROR] LogOutputStream:75 - [STDERR_REDIRECT] [Fatal Error] :1:1: Premature end of file.
2026-08-10 10:12:36,301 [ERROR] LogOutputStream:75 - [STDERR_REDIRECT] 
2026-08-10 10:12:37,300 [ERROR] LogOutputStream:75 - [STDERR_REDIRECT] [Fatal Error] :1:1: Premature end of file.
2026-08-10 10:12:37,301 [ERROR] LogOutputStream:75 - [STDERR_REDIRECT] 
2026-08-10 10:12:38,299 [ERROR] LogOutputStream:75 - [STDERR_REDIRECT] [Fatal Error] :1:1: Premature end of file.
2026-08-10 10:12:38,299 [ERROR] LogOutputStream:75 - [STDERR_REDIRECT] 
2026-08-10 10:12:39,300 [ERROR] LogOutputStream:75 - [STDERR_REDIRECT] [Fatal Error] :1:1: Premature end of file.
2026-08-10 10:12:39,301 [ERROR] LogOutputStream:75 - [STDERR_REDIRECT] 
2026-08-10 10:12:40,308 [ERROR] LogOutputStream:75 - [STDERR_REDIRECT] [Fatal Error] :1:1: Premature end of file.
2026-08-10 10:12:40,308 [ERROR] LogOutputStream:75 - [STDERR_REDIRECT] 
2026-08-10 10:12:41,301 [ERROR] LogOutputStream:75 - [STDERR_REDIRECT] [Fatal Error] :1:1: Premature end of file.
2026-08-10 10:12:41,303 [ERROR] LogOutputStream:75 - [STDERR_REDIRECT] 
2026-08-10 10:12:42,306 [ERROR] LogOutputStream:75 - [STDERR_REDIRECT] [Fatal Error] :1:1: Premature end of file.
2026-08-10 10:12:42,306 [ERROR] LogOutputStream:75 - [STDERR_REDIRECT] 
2026-08-10 10:12:43,300 [ERROR] LogOutputStream:75 - [STDERR_REDIRECT] [Fatal Error] :1:1: Premature end of file.
2026-08-10 10:12:43,300 [ERROR] LogOutputStream:75 - [STDERR_REDIRECT] 
2026-08-10 10:12:44,298 [ERROR] LogOutputStream:75 - [STDERR_REDIRECT] [Fatal Error] :1:1: Premature end of file.
2026-08-10 10:12:44,298 [ERROR] LogOutputStream:75 - [STDERR_REDIRECT] 
2026-08-10 10:12:45,298 [ERROR] LogOutputStream:75 - [STDERR_REDIRECT] [Fatal Error] :1:1: Premature end of file.
2026-08-10 10:12:45,299 [ERROR] LogOutputStream:75 - [STDERR_REDIRECT] 
2026-08-10 10:12:46,307 [ERROR] LogOutputStream:75 - [STDERR_REDIRECT] [Fatal Error] :1:1: Premature end of file.
2026-08-10 10:12:46,308 [ERROR] LogOutputStream:75 - [STDERR_REDIRECT] 
2026-08-10 10:12:47,302 [ERROR] LogOutputStream:75 - [STDERR_REDIRECT] [Fatal Error] :1:1: Premature end of file.
2026-08-10 10:12:47,303 [ERROR] LogOutputStream:75 - [STDERR_REDIRECT] 
2026-08-10 10:12:48,301 [ERROR] LogOutputStream:75 - [STDERR_REDIRECT] [Fatal Error] :1:1: Premature end of file.
2026-08-10 10:12:48,301 [ERROR] LogOutputStream:75 - [STDERR_REDIRECT] 
2026-08-10 10:12:49,300 [ERROR] LogOutputStream:75 - [STDERR_REDIRECT] [Fatal Error] :1:1: Premature end of file.
2026-08-10 10:12:49,301 [ERROR] LogOutputStream:75 - [STDERR_REDIRECT] 
2026-08-10 10:12:50,301 [ERROR] LogOutputStream:75 - [STDERR_REDIRECT] [Fatal Error] :1:1: Premature end of file.
2026-08-10 10:12:50,301 [ERROR] LogOutputStream:75 - [STDERR_REDIRECT] 
2026-08-10 10:12:51,303 [ERROR] LogOutputStream:75 - [STDERR_REDIRECT] [Fatal Error] :1:1: Premature end of file.
2026-08-10 10:12:51,303 [ERROR] LogOutputStream:75 - [STDERR_REDIRECT] 
2026-08-10 10:12:52,300 [ERROR] LogOutputStream:75 - [STDERR_REDIRECT] [Fatal Error] :1:1: Premature end of file.
2026-08-10 10:12:52,301 [ERROR] LogOutputStream:75 - [STDERR_REDIRECT] 
2026-08-10 10:12:53,296 [ERROR] LogOutputStream:75 - [STDERR_REDIRECT] [Fatal Error] :1:1: Premature end of file.
2026-08-10 10:12:53,296 [ERROR] LogOutputStream:75 - [STDERR_REDIRECT] 
2026-08-10 10:12:54,301 [ERROR] LogOutputStream:75 - [STDERR_REDIRECT] [Fatal Error] :1:1: Premature end of file.
2026-08-10 10:12:54,301 [ERROR] LogOutputStream:75 - [STDERR_REDIRECT] 
2026-08-10 10:12:55,299 [ERROR] LogOutputStream:75 - [STDERR_REDIRECT] [Fatal Error] :1:1: Premature end of file.
2026-08-10 10:12:55,299 [ERROR] LogOutputStream:75 - [STDERR_REDIRECT] 
2026-08-10 10:12:56,300 [ERROR] LogOutputStream:75 - [STDERR_REDIRECT] [Fatal Error] :1:1: Premature end of file.
2026-08-10 10:12:56,301 [ERROR] LogOutputStream:75 - [STDERR_REDIRECT] 
2026-08-10 10:12:57,302 [ERROR] LogOutputStream:75 - [STDERR_REDIRECT] [Fatal Error] :1:1: Premature end of file.
2026-08-10 10:12:57,302 [ERROR] LogOutputStream:75 - [STDERR_REDIRECT] 
2026-08-10 10:12:58,297 [ERROR] LogOutputStream:75 - [STDERR_REDIRECT] [Fatal Error] :1:1: Premature end of file.
2026-08-10 10:12:58,297 [ERROR] LogOutputStream:75 - [STDERR_REDIRECT] 
2026-08-10 10:12:59,299 [ERROR] LogOutputStream:75 - [STDERR_REDIRECT] [Fatal Error] :1:1: Premature end of file.
2026-08-10 10:12:59,299 [ERROR] LogOutputStream:75 - [STDERR_REDIRECT] 
2026-08-10 10:13:00,298 [ERROR] LogOutputStream:75 - [STDERR_REDIRECT] [Fatal Error] :1:1: Premature end of file.
2026-08-10 10:13:00,298 [ERROR] LogOutputStream:75 - [STDERR_REDIRECT] 
2026-08-10 10:13:01,298 [ERROR] LogOutputStream:75 - [STDERR_REDIRECT] [Fatal Error] :1:1: Premature end of file.
2026-08-10 10:13:01,298 [ERROR] LogOutputStream:75 - [STDERR_REDIRECT] 
2026-08-10 10:13:02,300 [ERROR] LogOutputStream:75 - [STDERR_REDIRECT] [Fatal Error] :1:1: Premature end of file.
2026-08-10 10:13:02,300 [ERROR] LogOutputStream:75 - [STDERR_REDIRECT] 
2026-08-10 10:13:03,298 [ERROR] LogOutputStream:75 - [STDERR_REDIRECT] [Fatal Error] :1:1: Premature end of file.
2026-08-10 10:13:03,299 [ERROR] LogOutputStream:75 - [STDERR_REDIRECT] 
2026-08-10 10:13:04,302 [ERROR] LogOutputStream:75 - [STDERR_REDIRECT] [Fatal Error] :1:1: Premature end of file.
2026-08-10 10:13:04,304 [ERROR] LogOutputStream:75 - [STDERR_REDIRECT] 
2026-08-10 10:13:05,299 [ERROR] LogOutputStream:75 - [STDERR_REDIRECT] [Fatal Error] :1:1: Premature end of file.
2026-08-10 10:13:05,300 [ERROR] LogOutputStream:75 - [STDERR_REDIRECT] 
2026-08-10 10:13:06,296 [ERROR] LogOutputStream:75 - [STDERR_REDIRECT] [Fatal Error] :1:1: Premature end of file.
2026-08-10 10:13:06,297 [ERROR] LogOutputStream:75 - [STDERR_REDIRECT] 
2026-08-10 10:13:07,300 [ERROR] LogOutputStream:75 - [STDERR_REDIRECT] [Fatal Error] :1:1: Premature end of file.
2026-08-10 10:13:07,300 [ERROR] LogOutputStream:75 - [STDERR_REDIRECT] 
2026-08-10 10:13:08,303 [ERROR] LogOutputStream:75 - [STDERR_REDIRECT] [Fatal Error] :1:1: Premature end of file.
2026-08-10 10:13:08,303 [ERROR] LogOutputStream:75 - [STDERR_REDIRECT] 
2026-08-10 10:13:09,295 [ERROR] LogOutputStream:75 - [STDERR_REDIRECT] [Fatal Error] :1:1: Premature end of file.
2026-08-10 10:13:09,295 [ERROR] LogOutputStream:75 - [STDERR_REDIRECT] 
2026-08-10 10:13:10,300 [ERROR] LogOutputStream:75 - [STDERR_REDIRECT] [Fatal Error] :1:1: Premature end of file.
2026-08-10 10:13:10,300 [ERROR] LogOutputStream:75 - [STDERR_REDIRECT] 
2026-08-10 10:13:11,300 [ERROR] LogOutputStream:75 - [STDERR_REDIRECT] [Fatal Error] :1:1: Premature end of file.
2026-08-10 10:13:11,300 [ERROR] LogOutputStream:75 - [STDERR_REDIRECT] 
2026-08-10 10:13:12,297 [ERROR] LogOutputStream:75 - [STDERR_REDIRECT] [Fatal Error] :1:1: Premature end of file.
2026-08-10 10:13:12,298 [ERROR] LogOutputStream:75 - [STDERR_REDIRECT] 
2026-08-10 10:13:13,299 [ERROR] LogOutputStream:75 - [STDERR_REDIRECT] [Fatal Error] :1:1: Premature end of file.
2026-08-10 10:13:13,300 [ERROR] LogOutputStream:75 - [STDERR_REDIRECT] 
2026-08-10 10:13:14,299 [ERROR] LogOutputStream:75 - [STDERR_REDIRECT] [Fatal Error] :1:1: Premature end of file.
2026-08-10 10:13:14,299 [ERROR] LogOutputStream:75 - [STDERR_REDIRECT] 
2026-08-10 10:13:15,298 [ERROR] LogOutputStream:75 - [STDERR_REDIRECT] [Fatal Error] :1:1: Premature end of file.
2026-08-10 10:13:15,298 [ERROR] LogOutputStream:75 - [STDERR_REDIRECT] 
2026-08-10 10:13:16,294 [ERROR] LogOutputStream:75 - [STDERR_REDIRECT] [Fatal Error] :1:1: Premature end of file.
2026-08-10 10:13:16,294 [ERROR] LogOutputStream:75 - [STDERR_REDIRECT] 
2026-08-10 10:13:17,299 [ERROR] LogOutputStream:75 - [STDERR_REDIRECT] [Fatal Error] :1:1: Premature end of file.
2026-08-10 10:13:17,299 [ERROR] LogOutputStream:75 - [STDERR_REDIRECT] 
2026-08-10 10:13:18,298 [ERROR] LogOutputStream:75 - [STDERR_REDIRECT] [Fatal Error] :1:1: Premature end of file.
2026-08-10 10:13:18,298 [ERROR] LogOutputStream:75 - [STDERR_REDIRECT] 
2026-08-10 10:13:19,295 [ERROR] LogOutputStream:75 - [STDERR_REDIRECT] [Fatal Error] :1:1: Premature end of file.
2026-08-10 10:13:19,295 [ERROR] LogOutputStream:75 - [STDERR_REDIRECT] 
2026-08-10 10:13:20,301 [ERROR] LogOutputStream:75 - [STDERR_REDIRECT] [Fatal Error] :1:1: Premature end of file.
2026-08-10 10:13:20,302 [ERROR] LogOutputStream:75 - [STDERR_REDIRECT] 
2026-08-10 10:13:21,301 [ERROR] LogOutputStream:75 - [STDERR_REDIRECT] [Fatal Error] :1:1: Premature end of file.
2026-08-10 10:13:21,301 [ERROR] LogOutputStream:75 - [STDERR_REDIRECT] 
2026-08-10 10:13:22,296 [ERROR] LogOutputStream:75 - [STDERR_REDIRECT] [Fatal Error] :1:1: Premature end of file.
2026-08-10 10:13:22,296 [ERROR] LogOutputStream:75 - [STDERR_REDIRECT] 
2026-08-10 10:13:23,302 [ERROR] LogOutputStream:75 - [STDERR_REDIRECT] [Fatal Error] :1:1: Premature end of file.
2026-08-10 10:13:23,302 [ERROR] LogOutputStream:75 - [STDERR_REDIRECT] 
2026-08-10 10:13:24,298 [ERROR] LogOutputStream:75 - [STDERR_REDIRECT] [Fatal Error] :1:1: Premature end of file.
2026-08-10 10:13:24,298 [ERROR] LogOutputStream:75 - [STDERR_REDIRECT] 
2026-08-10 10:13:25,296 [ERROR] LogOutputStream:75 - [STDERR_REDIRECT] [Fatal Error] :1:1: Premature end of file.
2026-08-10 10:13:25,296 [ERROR] LogOutputStream:75 - [STDERR_REDIRECT] 
2026-08-10 10:13:26,298 [ERROR] LogOutputStream:75 - [STDERR_REDIRECT] [Fatal Error] :1:1: Premature end of file.
2026-08-10 10:13:26,299 [ERROR] LogOutputStream:75 - [STDERR_REDIRECT] 
2026-08-10 10:13:27,302 [ERROR] LogOutputStream:75 - [STDERR_REDIRECT] [Fatal Error] :1:1: Premature end of file.
2026-08-10 10:13:27,302 [ERROR] LogOutputStream:75 - [STDERR_REDIRECT] 
2026-08-10 10:13:28,292 [ERROR] LogOutputStream:75 - [STDERR_REDIRECT] [Fatal Error] :1:1: Premature end of file.
2026-08-10 10:13:28,294 [ERROR] LogOutputStream:75 - [STDERR_REDIRECT] 
2026-08-10 10:13:29,301 [ERROR] LogOutputStream:75 - [STDERR_REDIRECT] [Fatal Error] :1:1: Premature end of file.
2026-08-10 10:13:29,301 [ERROR] LogOutputStream:75 - [STDERR_REDIRECT] 
2026-08-10 10:13:30,300 [ERROR] LogOutputStream:75 - [STDERR_REDIRECT] [Fatal Error] :1:1: Premature end of file.
2026-08-10 10:13:30,301 [ERROR] LogOutputStream:75 - [STDERR_REDIRECT] 
2026-08-10 10:13:31,296 [ERROR] LogOutputStream:75 - [STDERR_REDIRECT] [Fatal Error] :1:1: Premature end of file.
2026-08-10 10:13:31,297 [ERROR] LogOutputStream:75 - [STDERR_REDIRECT] 
2026-08-10 10:13:32,300 [ERROR] LogOutputStream:75 - [STDERR_REDIRECT] [Fatal Error] :1:1: Premature end of file.
2026-08-10 10:13:32,300 [ERROR] LogOutputStream:75 - [STDERR_REDIRECT] 
2026-08-10 10:13:33,300 [ERROR] LogOutputStream:75 - [STDERR_REDIRECT] [Fatal Error] :1:1: Premature end of file.
2026-08-10 10:13:33,301 [ERROR] LogOutputStream:75 - [STDERR_REDIRECT] 
2026-08-10 10:13:34,296 [ERROR] LogOutputStream:75 - [STDERR_REDIRECT] [Fatal Error] :1:1: Premature end of file.
2026-08-10 10:13:34,296 [ERROR] LogOutputStream:75 - [STDERR_REDIRECT] 
2026-08-10 10:13:35,302 [ERROR] LogOutputStream:75 - [STDERR_REDIRECT] [Fatal Error] :1:1: Premature end of file.
2026-08-10 10:13:35,302 [ERROR] LogOutputStream:75 - [STDERR_REDIRECT] 
2026-08-10 10:13:36,301 [ERROR] LogOutputStream:75 - [STDERR_REDIRECT] [Fatal Error] :1:1: Premature end of file.
2026-08-10 10:13:36,301 [ERROR] LogOutputStream:75 - [STDERR_REDIRECT] 
2026-08-10 10:13:37,300 [ERROR] LogOutputStream:75 - [STDERR_REDIRECT] [Fatal Error] :1:1: Premature end of file.
2026-08-10 10:13:37,301 [ERROR] LogOutputStream:75 - [STDERR_REDIRECT] 
2026-08-10 10:13:38,297 [ERROR] LogOutputStream:75 - [STDERR_REDIRECT] [Fatal Error] :1:1: Premature end of file.
2026-08-10 10:13:38,298 [ERROR] LogOutputStream:75 - [STDERR_REDIRECT] 
2026-08-10 10:13:39,300 [ERROR] LogOutputStream:75 - [STDERR_REDIRECT] [Fatal Error] :1:1: Premature end of file.
2026-08-10 10:13:39,300 [ERROR] LogOutputStream:75 - [STDERR_REDIRECT] 
2026-08-10 10:13:40,295 [ERROR] LogOutputStream:75 - [STDERR_REDIRECT] [Fatal Error] :1:1: Premature end of file.
2026-08-10 10:13:40,295 [ERROR] LogOutputStream:75 - [STDERR_REDIRECT] 
2026-08-10 10:13:41,298 [ERROR] LogOutputStream:75 - [STDERR_REDIRECT] [Fatal Error] :1:1: Premature end of file.
2026-08-10 10:13:41,298 [ERROR] LogOutputStream:75 - [STDERR_REDIRECT] 
2026-08-10 10:13:42,300 [ERROR] LogOutputStream:75 - [STDERR_REDIRECT] [Fatal Error] :1:1: Premature end of file.
2026-08-10 10:13:42,301 [ERROR] LogOutputStream:75 - [STDERR_REDIRECT] 
2026-08-10 10:13:43,296 [ERROR] LogOutputStream:75 - [STDERR_REDIRECT] [Fatal Error] :1:1: Premature end of file.
2026-08-10 10:13:43,297 [ERROR] LogOutputStream:75 - [STDERR_REDIRECT] 
2026-08-10 10:13:44,297 [ERROR] LogOutputStream:75 - [STDERR_REDIRECT] [Fatal Error] :1:1: Premature end of file.
2026-08-10 10:13:44,297 [ERROR] LogOutputStream:75 - [STDERR_REDIRECT] 
2026-08-10 10:13:45,295 [ERROR] LogOutputStream:75 - [STDERR_REDIRECT] [Fatal Error] :1:1: Premature end of file.
2026-08-10 10:13:45,295 [ERROR] LogOutputStream:75 - [STDERR_REDIRECT] 
2026-08-10 10:13:46,298 [ERROR] LogOutputStream:75 - [STDERR_REDIRECT] [Fatal Error] :1:1: Premature end of file.
2026-08-10 10:13:46,298 [ERROR] LogOutputStream:75 - [STDERR_REDIRECT] 
2026-08-10 10:13:47,299 [ERROR] LogOutputStream:75 - [STDERR_REDIRECT] [Fatal Error] :1:1: Premature end of file.
2026-08-10 10:13:47,299 [ERROR] LogOutputStream:75 - [STDERR_REDIRECT] 
2026-08-10 10:13:48,298 [ERROR] LogOutputStream:75 - [STDERR_REDIRECT] [Fatal Error] :1:1: Premature end of file.
2026-08-10 10:13:48,298 [ERROR] LogOutputStream:75 - [STDERR_REDIRECT] 
2026-08-10 10:13:49,297 [ERROR] LogOutputStream:75 - [STDERR_REDIRECT] [Fatal Error] :1:1: Premature end of file.
2026-08-10 10:13:49,297 [ERROR] LogOutputStream:75 - [STDERR_REDIRECT] 
2026-08-10 10:13:50,296 [ERROR] LogOutputStream:75 - [STDERR_REDIRECT] [Fatal Error] :1:1: Premature end of file.
2026-08-10 10:13:50,296 [ERROR] LogOutputStream:75 - [STDERR_REDIRECT] 
2026-08-10 10:13:51,299 [ERROR] LogOutputStream:75 - [STDERR_REDIRECT] [Fatal Error] :1:1: Premature end of file.
2026-08-10 10:13:51,300 [ERROR] LogOutputStream:75 - [STDERR_REDIRECT] 
2026-08-10 10:13:52,298 [ERROR] LogOutputStream:75 - [STDERR_REDIRECT] [Fatal Error] :1:1: Premature end of file.
2026-08-10 10:13:52,298 [ERROR] LogOutputStream:75 - [STDERR_REDIRECT] 
2026-08-10 10:13:53,300 [ERROR] LogOutputStream:75 - [STDERR_REDIRECT] [Fatal Error] :1:1: Premature end of file.
2026-08-10 10:13:53,301 [ERROR] LogOutputStream:75 - [STDERR_REDIRECT] 
2026-08-10 10:13:54,298 [ERROR] LogOutputStream:75 - [STDERR_REDIRECT] [Fatal Error] :1:1: Premature end of file.
2026-08-10 10:13:54,298 [ERROR] LogOutputStream:75 - [STDERR_REDIRECT] 
2026-08-10 10:13:55,314 [ERROR] LogOutputStream:75 - [STDERR_REDIRECT] [Fatal Error] :1:1: Premature end of file.
2026-08-10 10:13:55,315 [ERROR] LogOutputStream:75 - [STDERR_REDIRECT] 
2026-08-10 10:13:56,307 [ERROR] LogOutputStream:75 - [STDERR_REDIRECT] [Fatal Error] :1:1: Premature end of file.
2026-08-10 10:13:56,307 [ERROR] LogOutputStream:75 - [STDERR_REDIRECT] 
2026-08-10 10:13:57,298 [ERROR] LogOutputStream:75 - [STDERR_REDIRECT] [Fatal Error] :1:1: Premature end of file.
2026-08-10 10:13:57,299 [ERROR] LogOutputStream:75 - [STDERR_REDIRECT] 
2026-08-10 10:13:58,297 [ERROR] LogOutputStream:75 - [STDERR_REDIRECT] [Fatal Error] :1:1: Premature end of file.
2026-08-10 10:13:58,297 [ERROR] LogOutputStream:75 - [STDERR_REDIRECT] 
2026-08-10 10:13:59,302 [ERROR] LogOutputStream:75 - [STDERR_REDIRECT] [Fatal Error] :1:1: Premature end of file.
2026-08-10 10:13:59,302 [ERROR] LogOutputStream:75 - [STDERR_REDIRECT] 
2026-08-10 10:14:00,302 [ERROR] LogOutputStream:75 - [STDERR_REDIRECT] [Fatal Error] :1:1: Premature end of file.
2026-08-10 10:14:00,302 [ERROR] LogOutputStream:75 - [STDERR_REDIRECT] 
2026-08-10 10:14:01,302 [ERROR] LogOutputStream:75 - [STDERR_REDIRECT] [Fatal Error] :1:1: Premature end of file.
2026-08-10 10:14:01,302 [ERROR] LogOutputStream:75 - [STDERR_REDIRECT] 
2026-08-10 10:14:02,297 [ERROR] LogOutputStream:75 - [STDERR_REDIRECT] [Fatal Error] :1:1: Premature end of file.
2026-08-10 10:14:02,298 [ERROR] LogOutputStream:75 - [STDERR_REDIRECT] 
2026-08-10 10:14:03,302 [ERROR] LogOutputStream:75 - [STDERR_REDIRECT] [Fatal Error] :1:1: Premature end of file.
2026-08-10 10:14:03,302 [ERROR] LogOutputStream:75 - [STDERR_REDIRECT] 
2026-08-10 10:14:04,298 [ERROR] LogOutputStream:75 - [STDERR_REDIRECT] [Fatal Error] :1:1: Premature end of file.
2026-08-10 10:14:04,300 [ERROR] LogOutputStream:75 - [STDERR_REDIRECT] 
2026-08-10 10:14:05,298 [ERROR] LogOutputStream:75 - [STDERR_REDIRECT] [Fatal Error] :1:1: Premature end of file.
2026-08-10 10:14:05,299 [ERROR] LogOutputStream:75 - [STDERR_REDIRECT] 
2026-08-10 10:14:06,302 [ERROR] LogOutputStream:75 - [STDERR_REDIRECT] [Fatal Error] :1:1: Premature end of file.
2026-08-10 10:14:06,302 [ERROR] LogOutputStream:75 - [STDERR_REDIRECT] 
2026-08-10 10:14:07,293 [ERROR] LogOutputStream:75 - [STDERR_REDIRECT] [Fatal Error] :1:1: Premature end of file.
2026-08-10 10:14:07,293 [ERROR] LogOutputStream:75 - [STDERR_REDIRECT] 
2026-08-10 10:14:08,298 [ERROR] LogOutputStream:75 - [STDERR_REDIRECT] [Fatal Error] :1:1: Premature end of file.
2026-08-10 10:14:08,298 [ERROR] LogOutputStream:75 - [STDERR_REDIRECT] 
2026-08-10 10:14:09,300 [ERROR] LogOutputStream:75 - [STDERR_REDIRECT] [Fatal Error] :1:1: Premature end of file.
2026-08-10 10:14:09,300 [ERROR] LogOutputStream:75 - [STDERR_REDIRECT] 
2026-08-10 10:14:10,295 [ERROR] LogOutputStream:75 - [STDERR_REDIRECT] [Fatal Error] :1:1: Premature end of file.
2026-08-10 10:14:10,296 [ERROR] LogOutputStream:75 - [STDERR_REDIRECT] 
2026-08-10 10:14:11,297 [ERROR] LogOutputStream:75 - [STDERR_REDIRECT] [Fatal Error] :1:1: Premature end of file.
2026-08-10 10:14:11,297 [ERROR] LogOutputStream:75 - [STDERR_REDIRECT] 
2026-08-10 10:14:12,313 [ERROR] LogOutputStream:75 - [STDERR_REDIRECT] [Fatal Error] :1:1: Premature end of file.
2026-08-10 10:14:12,314 [ERROR] LogOutputStream:75 - [STDERR_REDIRECT] 
2026-08-10 10:14:13,300 [ERROR] LogOutputStream:75 - [STDERR_REDIRECT] [Fatal Error] :1:1: Premature end of file.
2026-08-10 10:14:13,300 [ERROR] LogOutputStream:75 - [STDERR_REDIRECT] 
2026-08-10 10:14:14,299 [ERROR] LogOutputStream:75 - [STDERR_REDIRECT] [Fatal Error] :1:1: Premature end of file.
2026-08-10 10:14:14,299 [ERROR] LogOutputStream:75 - [STDERR_REDIRECT] 
2026-08-10 10:14:15,296 [ERROR] LogOutputStream:75 - [STDERR_REDIRECT] [Fatal Error] :1:1: Premature end of file.
2026-08-10 10:14:15,296 [ERROR] LogOutputStream:75 - [STDERR_REDIRECT] 
2026-08-10 10:14:16,309 [ERROR] LogOutputStream:75 - [STDERR_REDIRECT] [Fatal Error] :1:1: Premature end of file.
2026-08-10 10:14:16,309 [ERROR] LogOutputStream:75 - [STDERR_REDIRECT] 
2026-08-10 10:14:17,311 [ERROR] LogOutputStream:75 - [STDERR_REDIRECT] [Fatal Error] :1:1: Premature end of file.
2026-08-10 10:14:17,311 [ERROR] LogOutputStream:75 - [STDERR_REDIRECT] 
2026-08-10 10:14:18,305 [ERROR] LogOutputStream:75 - [STDERR_REDIRECT] [Fatal Error] :1:1: Premature end of file.
2026-08-10 10:14:18,306 [ERROR] LogOutputStream:75 - [STDERR_REDIRECT] 
2026-08-10 10:14:19,316 [ERROR] LogOutputStream:75 - [STDERR_REDIRECT] [Fatal Error] :1:1: Premature end of file.
2026-08-10 10:14:19,316 [ERROR] LogOutputStream:75 - [STDERR_REDIRECT] 
2026-08-10 10:14:20,302 [ERROR] LogOutputStream:75 - [STDERR_REDIRECT] [Fatal Error] :1:1: Premature end of file.
2026-08-10 10:14:20,302 [ERROR] LogOutputStream:75 - [STDERR_REDIRECT] 
2026-08-10 10:14:21,298 [ERROR] LogOutputStream:75 - [STDERR_REDIRECT] [Fatal Error] :1:1: Premature end of file.
2026-08-10 10:14:21,299 [ERROR] LogOutputStream:75 - [STDERR_REDIRECT] 
2026-08-10 10:14:22,301 [ERROR] LogOutputStream:75 - [STDERR_REDIRECT] [Fatal Error] :1:1: Premature end of file.
2026-08-10 10:14:22,301 [ERROR] LogOutputStream:75 - [STDERR_REDIRECT] 
2026-08-10 10:14:23,303 [ERROR] LogOutputStream:75 - [STDERR_REDIRECT] [Fatal Error] :1:1: Premature end of file.
2026-08-10 10:14:23,303 [ERROR] LogOutputStream:75 - [STDERR_REDIRECT] 
2026-08-10 10:14:24,314 [ERROR] LogOutputStream:75 - [STDERR_REDIRECT] [Fatal Error] :1:1: Premature end of file.
2026-08-10 10:14:24,314 [ERROR] LogOutputStream:75 - [STDERR_REDIRECT] 
2026-08-10 10:14:25,371 [ERROR] LogOutputStream:75 - [STDERR_REDIRECT] [Fatal Error] :1:1: Premature end of file.
2026-08-10 10:14:25,372 [ERROR] LogOutputStream:75 - [STDERR_REDIRECT] 
2026-08-10 10:14:26,511 [ERROR] LogOutputStream:75 - [STDERR_REDIRECT] [Fatal Error] :1:1: Premature end of file.
2026-08-10 10:14:26,512 [ERROR] LogOutputStream:75 - [STDERR_REDIRECT] 
2026-08-10 10:14:27,816 [ERROR] LogOutputStream:75 - [STDERR_REDIRECT] [Fatal Error] :1:1: Premature end of file.
2026-08-10 10:14:27,816 [ERROR] LogOutputStream:75 - [STDERR_REDIRECT] 
2026-08-10 10:14:28,486 [ERROR] LogOutputStream:75 - [STDERR_REDIRECT] [Fatal Error] :1:1: Premature end of file.
2026-08-10 10:14:28,487 [ERROR] LogOutputStream:75 - [STDERR_REDIRECT] 
2026-08-10 10:14:29,499 [ERROR] LogOutputStream:75 - [STDERR_REDIRECT] [Fatal Error] :1:1: Premature end of file.
2026-08-10 10:14:29,499 [ERROR] LogOutputStream:75 - [STDERR_REDIRECT] 
2026-08-10 10:14:30,369 [ERROR] LogOutputStream:75 - [STDERR_REDIRECT] [Fatal Error] :1:1: Premature end of file.
2026-08-10 10:14:30,369 [ERROR] LogOutputStream:75 - [STDERR_REDIRECT] 
2026-08-10 10:14:31,342 [ERROR] LogOutputStream:75 - [STDERR_REDIRECT] [Fatal Error] :1:1: Premature end of file.
2026-08-10 10:14:31,342 [ERROR] LogOutputStream:75 - [STDERR_REDIRECT] 
2026-08-10 10:14:32,402 [ERROR] LogOutputStream:75 - [STDERR_REDIRECT] [Fatal Error] :1:1: Premature end of file.
2026-08-10 10:14:32,403 [ERROR] LogOutputStream:75 - [STDERR_REDIRECT] 
2026-08-10 10:14:33,551 [ERROR] LogOutputStream:75 - [STDERR_REDIRECT] [Fatal Error] :1:1: Premature end of file.
2026-08-10 10:14:33,552 [ERROR] LogOutputStream:75 - [STDERR_REDIRECT] 
2026-08-10 10:14:34,371 [ERROR] LogOutputStream:75 - [STDERR_REDIRECT] [Fatal Error] :1:1: Premature end of file.
2026-08-10 10:14:34,372 [ERROR] LogOutputStream:75 - [STDERR_REDIRECT] 
2026-08-10 10:14:35,331 [ERROR] LogOutputStream:75 - [STDERR_REDIRECT] [Fatal Error] :1:1: Premature end of file.
2026-08-10 10:14:35,332 [ERROR] LogOutputStream:75 - [STDERR_REDIRECT] 
2026-08-10 10:14:36,376 [ERROR] LogOutputStream:75 - [STDERR_REDIRECT] [Fatal Error] :1:1: Premature end of file.
2026-08-10 10:14:36,376 [ERROR] LogOutputStream:75 - [STDERR_REDIRECT] 
2026-08-10 10:14:37,348 [ERROR] LogOutputStream:75 - [STDERR_REDIRECT] [Fatal Error] :1:1: Premature end of file.
2026-08-10 10:14:37,350 [ERROR] LogOutputStream:75 - [STDERR_REDIRECT] 
2026-08-10 10:14:38,330 [ERROR] LogOutputStream:75 - [STDERR_REDIRECT] [Fatal Error] :1:1: Premature end of file.
2026-08-10 10:14:38,332 [ERROR] LogOutputStream:75 - [STDERR_REDIRECT] 
2026-08-10 10:14:39,323 [ERROR] LogOutputStream:75 - [STDERR_REDIRECT] [Fatal Error] :1:1: Premature end of file.
2026-08-10 10:14:39,323 [ERROR] LogOutputStream:75 - [STDERR_REDIRECT] 
2026-08-10 10:14:40,319 [ERROR] LogOutputStream:75 - [STDERR_REDIRECT] [Fatal Error] :1:1: Premature end of file.
2026-08-10 10:14:40,320 [ERROR] LogOutputStream:75 - [STDERR_REDIRECT] 
2026-08-10 10:14:41,313 [ERROR] LogOutputStream:75 - [STDERR_REDIRECT] [Fatal Error] :1:1: Premature end of file.
2026-08-10 10:14:41,314 [ERROR] LogOutputStream:75 - [STDERR_REDIRECT] 
2026-08-10 10:14:42,316 [ERROR] LogOutputStream:75 - [STDERR_REDIRECT] [Fatal Error] :1:1: Premature end of file.
2026-08-10 10:14:42,316 [ERROR] LogOutputStream:75 - [STDERR_REDIRECT] 
2026-08-10 10:14:43,310 [ERROR] LogOutputStream:75 - [STDERR_REDIRECT] [Fatal Error] :1:1: Premature end of file.
2026-08-10 10:14:43,310 [ERROR] LogOutputStream:75 - [STDERR_REDIRECT] 
2026-08-10 10:14:44,319 [ERROR] LogOutputStream:75 - [STDERR_REDIRECT] [Fatal Error] :1:1: Premature end of file.
2026-08-10 10:14:44,320 [ERROR] LogOutputStream:75 - [STDERR_REDIRECT] 
2026-08-10 10:14:45,319 [ERROR] LogOutputStream:75 - [STDERR_REDIRECT] [Fatal Error] :1:1: Premature end of file.
2026-08-10 10:14:45,320 [ERROR] LogOutputStream:75 - [STDERR_REDIRECT] 
2026-08-10 10:14:46,320 [ERROR] LogOutputStream:75 - [STDERR_REDIRECT] [Fatal Error] :1:1: Premature end of file.
2026-08-10 10:14:46,321 [ERROR] LogOutputStream:75 - [STDERR_REDIRECT] 
2026-08-10 10:14:47,319 [ERROR] LogOutputStream:75 - [STDERR_REDIRECT] [Fatal Error] :1:1: Premature end of file.
2026-08-10 10:14:47,320 [ERROR] LogOutputStream:75 - [STDERR_REDIRECT] 
2026-08-10 10:14:48,315 [ERROR] LogOutputStream:75 - [STDERR_REDIRECT] [Fatal Error] :1:1: Premature end of file.
2026-08-10 10:14:48,315 [ERROR] LogOutputStream:75 - [STDERR_REDIRECT] 
2026-08-10 10:14:49,321 [ERROR] LogOutputStream:75 - [STDERR_REDIRECT] [Fatal Error] :1:1: Premature end of file.
2026-08-10 10:14:49,321 [ERROR] LogOutputStream:75 - [STDERR_REDIRECT] 
2026-08-10 10:14:50,315 [ERROR] LogOutputStream:75 - [STDERR_REDIRECT] [Fatal Error] :1:1: Premature end of file.
2026-08-10 10:14:50,315 [ERROR] LogOutputStream:75 - [STDERR_REDIRECT] 
2026-08-10 10:14:51,339 [ERROR] LogOutputStream:75 - [STDERR_REDIRECT] [Fatal Error] :1:1: Premature end of file.
2026-08-10 10:14:51,340 [ERROR] LogOutputStream:75 - [STDERR_REDIRECT] 
2026-08-10 10:14:52,317 [ERROR] LogOutputStream:75 - [STDERR_REDIRECT] [Fatal Error] :1:1: Premature end of file.
2026-08-10 10:14:52,317 [ERROR] LogOutputStream:75 - [STDERR_REDIRECT] 
2026-08-10 10:14:53,326 [ERROR] LogOutputStream:75 - [STDERR_REDIRECT] [Fatal Error] :1:1: Premature end of file.
2026-08-10 10:14:53,327 [ERROR] LogOutputStream:75 - [STDERR_REDIRECT] 
2026-08-10 10:14:54,313 [ERROR] LogOutputStream:75 - [STDERR_REDIRECT] [Fatal Error] :1:1: Premature end of file.
2026-08-10 10:14:54,313 [ERROR] LogOutputStream:75 - [STDERR_REDIRECT] 
2026-08-10 10:14:55,318 [ERROR] LogOutputStream:75 - [STDERR_REDIRECT] [Fatal Error] :1:1: Premature end of file.
2026-08-10 10:14:55,318 [ERROR] LogOutputStream:75 - [STDERR_REDIRECT] 
2026-08-10 10:14:56,315 [ERROR] LogOutputStream:75 - [STDERR_REDIRECT] [Fatal Error] :1:1: Premature end of file.
2026-08-10 10:14:56,316 [ERROR] LogOutputStream:75 - [STDERR_REDIRECT] 
2026-08-10 10:14:57,319 [ERROR] LogOutputStream:75 - [STDERR_REDIRECT] [Fatal Error] :1:1: Premature end of file.
2026-08-10 10:14:57,320 [ERROR] LogOutputStream:75 - [STDERR_REDIRECT] 
2026-08-10 10:14:58,312 [ERROR] LogOutputStream:75 - [STDERR_REDIRECT] [Fatal Error] :1:1: Premature end of file.
2026-08-10 10:14:58,313 [ERROR] LogOutputStream:75 - [STDERR_REDIRECT] 
2026-08-10 10:14:59,317 [ERROR] LogOutputStream:75 - [STDERR_REDIRECT] [Fatal Error] :1:1: Premature end of file.
2026-08-10 10:14:59,317 [ERROR] LogOutputStream:75 - [STDERR_REDIRECT] 
2026-08-10 10:15:00,312 [ERROR] LogOutputStream:75 - [STDERR_REDIRECT] [Fatal Error] :1:1: Premature end of file.
2026-08-10 10:15:00,312 [ERROR] LogOutputStream:75 - [STDERR_REDIRECT] 
2026-08-10 10:15:01,313 [ERROR] LogOutputStream:75 - [STDERR_REDIRECT] [Fatal Error] :1:1: Premature end of file.
2026-08-10 10:15:01,313 [ERROR] LogOutputStream:75 - [STDERR_REDIRECT] 
2026-08-10 10:15:02,323 [ERROR] LogOutputStream:75 - [STDERR_REDIRECT] [Fatal Error] :1:1: Premature end of file.
2026-08-10 10:15:02,323 [ERROR] LogOutputStream:75 - [STDERR_REDIRECT] 
2026-08-10 10:15:03,318 [ERROR] LogOutputStream:75 - [STDERR_REDIRECT] [Fatal Error] :1:1: Premature end of file.
2026-08-10 10:15:03,318 [ERROR] LogOutputStream:75 - [STDERR_REDIRECT] 
2026-08-10 10:15:04,319 [ERROR] LogOutputStream:75 - [STDERR_REDIRECT] [Fatal Error] :1:1: Premature end of file.
2026-08-10 10:15:04,319 [ERROR] LogOutputStream:75 - [STDERR_REDIRECT] 
2026-08-10 10:15:05,317 [ERROR] LogOutputStream:75 - [STDERR_REDIRECT] [Fatal Error] :1:1: Premature end of file.
2026-08-10 10:15:05,317 [ERROR] LogOutputStream:75 - [STDERR_REDIRECT] 
2026-08-10 10:15:06,322 [ERROR] LogOutputStream:75 - [STDERR_REDIRECT] [Fatal Error] :1:1: Premature end of file.
2026-08-10 10:15:06,322 [ERROR] LogOutputStream:75 - [STDERR_REDIRECT] 
2026-08-10 10:15:07,319 [ERROR] LogOutputStream:75 - [STDERR_REDIRECT] [Fatal Error] :1:1: Premature end of file.
2026-08-10 10:15:07,320 [ERROR] LogOutputStream:75 - [STDERR_REDIRECT] 
2026-08-10 10:15:08,318 [ERROR] LogOutputStream:75 - [STDERR_REDIRECT] [Fatal Error] :1:1: Premature end of file.
2026-08-10 10:15:08,318 [ERROR] LogOutputStream:75 - [STDERR_REDIRECT] 
2026-08-10 10:15:09,317 [ERROR] LogOutputStream:75 - [STDERR_REDIRECT] [Fatal Error] :1:1: Premature end of file.
2026-08-10 10:15:09,317 [ERROR] LogOutputStream:75 - [STDERR_REDIRECT] 
2026-08-10 10:15:10,316 [ERROR] LogOutputStream:75 - [STDERR_REDIRECT] [Fatal Error] :1:1: Premature end of file.
2026-08-10 10:15:10,317 [ERROR] LogOutputStream:75 - [STDERR_REDIRECT] 
2026-08-10 10:15:11,313 [ERROR] LogOutputStream:75 - [STDERR_REDIRECT] [Fatal Error] :1:1: Premature end of file.
2026-08-10 10:15:11,313 [ERROR] LogOutputStream:75 - [STDERR_REDIRECT] 
2026-08-10 10:15:12,319 [ERROR] LogOutputStream:75 - [STDERR_REDIRECT] [Fatal Error] :1:1: Premature end of file.
2026-08-10 10:15:12,320 [ERROR] LogOutputStream:75 - [STDERR_REDIRECT] 
2026-08-10 10:15:13,301 [ERROR] LogOutputStream:75 - [STDERR_REDIRECT] [Fatal Error] :1:1: Premature end of file.
2026-08-10 10:15:13,302 [ERROR] LogOutputStream:75 - [STDERR_REDIRECT] 
2026-08-10 10:15:14,317 [ERROR] LogOutputStream:75 - [STDERR_REDIRECT] [Fatal Error] :1:1: Premature end of file.
2026-08-10 10:15:14,317 [ERROR] LogOutputStream:75 - [STDERR_REDIRECT] 
2026-08-10 10:15:15,315 [ERROR] LogOutputStream:75 - [STDERR_REDIRECT] [Fatal Error] :1:1: Premature end of file.
2026-08-10 10:15:15,316 [ERROR] LogOutputStream:75 - [STDERR_REDIRECT] 
2026-08-10 10:15:16,312 [ERROR] LogOutputStream:75 - [STDERR_REDIRECT] [Fatal Error] :1:1: Premature end of file.
2026-08-10 10:15:16,312 [ERROR] LogOutputStream:75 - [STDERR_REDIRECT] 
2026-08-10 10:15:17,334 [ERROR] LogOutputStream:75 - [STDERR_REDIRECT] [Fatal Error] :1:1: Premature end of file.
2026-08-10 10:15:17,335 [ERROR] LogOutputStream:75 - [STDERR_REDIRECT] 
2026-08-10 10:15:18,332 [ERROR] LogOutputStream:75 - [STDERR_REDIRECT] [Fatal Error] :1:1: Premature end of file.
2026-08-10 10:15:18,333 [ERROR] LogOutputStream:75 - [STDERR_REDIRECT] 
2026-08-10 10:15:19,327 [ERROR] LogOutputStream:75 - [STDERR_REDIRECT] [Fatal Error] :1:1: Premature end of file.
2026-08-10 10:15:19,327 [ERROR] LogOutputStream:75 - [STDERR_REDIRECT] 
2026-08-10 10:15:20,302 [ERROR] LogOutputStream:75 - [STDERR_REDIRECT] [Fatal Error] :1:1: Premature end of file.
2026-08-10 10:15:20,302 [ERROR] LogOutputStream:75 - [STDERR_REDIRECT] 
2026-08-10 10:15:21,324 [ERROR] LogOutputStream:75 - [STDERR_REDIRECT] [Fatal Error] :1:1: Premature end of file.
2026-08-10 10:15:21,325 [ERROR] LogOutputStream:75 - [STDERR_REDIRECT] 
2026-08-10 10:15:22,304 [ERROR] LogOutputStream:75 - [STDERR_REDIRECT] [Fatal Error] :1:1: Premature end of file.
2026-08-10 10:15:22,304 [ERROR] LogOutputStream:75 - [STDERR_REDIRECT] 
2026-08-10 10:15:23,304 [ERROR] LogOutputStream:75 - [STDERR_REDIRECT] [Fatal Error] :1:1: Premature end of file.
2026-08-10 10:15:23,305 [ERROR] LogOutputStream:75 - [STDERR_REDIRECT] 
2026-08-10 10:15:24,302 [ERROR] LogOutputStream:75 - [STDERR_REDIRECT] [Fatal Error] :1:1: Premature end of file.
2026-08-10 10:15:24,302 [ERROR] LogOutputStream:75 - [STDERR_REDIRECT] 
2026-08-10 10:15:25,297 [ERROR] LogOutputStream:75 - [STDERR_REDIRECT] [Fatal Error] :1:1: Premature end of file.
2026-08-10 10:15:25,297 [ERROR] LogOutputStream:75 - [STDERR_REDIRECT] 
2026-08-10 10:15:26,301 [ERROR] LogOutputStream:75 - [STDERR_REDIRECT] [Fatal Error] :1:1: Premature end of file.
2026-08-10 10:15:26,301 [ERROR] LogOutputStream:75 - [STDERR_REDIRECT] 
2026-08-10 10:15:27,300 [ERROR] LogOutputStream:75 - [STDERR_REDIRECT] [Fatal Error] :1:1: Premature end of file.
2026-08-10 10:15:27,300 [ERROR] LogOutputStream:75 - [STDERR_REDIRECT] 
2026-08-10 10:15:28,302 [ERROR] LogOutputStream:75 - [STDERR_REDIRECT] [Fatal Error] :1:1: Premature end of file.
2026-08-10 10:15:28,302 [ERROR] LogOutputStream:75 - [STDERR_REDIRECT] 
2026-08-10 10:15:29,302 [ERROR] LogOutputStream:75 - [STDERR_REDIRECT] [Fatal Error] :1:1: Premature end of file.
2026-08-10 10:15:29,302 [ERROR] LogOutputStream:75 - [STDERR_REDIRECT] 
2026-08-10 10:15:30,298 [ERROR] LogOutputStream:75 - [STDERR_REDIRECT] [Fatal Error] :1:1: Premature end of file.
2026-08-10 10:15:30,298 [ERROR] LogOutputStream:75 - [STDERR_REDIRECT] 
2026-08-10 10:15:31,297 [ERROR] LogOutputStream:75 - [STDERR_REDIRECT] [Fatal Error] :1:1: Premature end of file.
2026-08-10 10:15:31,297 [ERROR] LogOutputStream:75 - [STDERR_REDIRECT] 
2026-08-10 10:15:32,300 [ERROR] LogOutputStream:75 - [STDERR_REDIRECT] [Fatal Error] :1:1: Premature end of file.
2026-08-10 10:15:32,300 [ERROR] LogOutputStream:75 - [STDERR_REDIRECT] 
2026-08-10 10:15:33,305 [ERROR] LogOutputStream:75 - [STDERR_REDIRECT] [Fatal Error] :1:1: Premature end of file.
2026-08-10 10:15:33,306 [ERROR] LogOutputStream:75 - [STDERR_REDIRECT] 
2026-08-10 10:15:34,298 [ERROR] LogOutputStream:75 - [STDERR_REDIRECT] [Fatal Error] :1:1: Premature end of file.
2026-08-10 10:15:34,298 [ERROR] LogOutputStream:75 - [STDERR_REDIRECT] 
2026-08-10 10:15:35,300 [ERROR] LogOutputStream:75 - [STDERR_REDIRECT] [Fatal Error] :1:1: Premature end of file.
2026-08-10 10:15:35,300 [ERROR] LogOutputStream:75 - [STDERR_REDIRECT] 
2026-08-10 10:15:36,303 [ERROR] LogOutputStream:75 - [STDERR_REDIRECT] [Fatal Error] :1:1: Premature end of file.
2026-08-10 10:15:36,303 [ERROR] LogOutputStream:75 - [STDERR_REDIRECT] 
2026-08-10 10:15:37,299 [ERROR] LogOutputStream:75 - [STDERR_REDIRECT] [Fatal Error] :1:1: Premature end of file.
2026-08-10 10:15:37,299 [ERROR] LogOutputStream:75 - [STDERR_REDIRECT] 
2026-08-10 10:15:38,303 [ERROR] LogOutputStream:75 - [STDERR_REDIRECT] [Fatal Error] :1:1: Premature end of file.
2026-08-10 10:15:38,303 [ERROR] LogOutputStream:75 - [STDERR_REDIRECT] 
2026-08-10 10:15:39,295 [ERROR] LogOutputStream:75 - [STDERR_REDIRECT] [Fatal Error] :1:1: Premature end of file.
2026-08-10 10:15:39,295 [ERROR] LogOutputStream:75 - [STDERR_REDIRECT] 
2026-08-10 10:15:40,305 [ERROR] LogOutputStream:75 - [STDERR_REDIRECT] [Fatal Error] :1:1: Premature end of file.
2026-08-10 10:15:40,305 [ERROR] LogOutputStream:75 - [STDERR_REDIRECT] 
2026-08-10 10:15:41,299 [ERROR] LogOutputStream:75 - [STDERR_REDIRECT] [Fatal Error] :1:1: Premature end of file.
2026-08-10 10:15:41,299 [ERROR] LogOutputStream:75 - [STDERR_REDIRECT] 
2026-08-10 10:15:42,305 [ERROR] LogOutputStream:75 - [STDERR_REDIRECT] [Fatal Error] :1:1: Premature end of file.
2026-08-10 10:15:42,305 [ERROR] LogOutputStream:75 - [STDERR_REDIRECT] 
2026-08-10 10:15:43,301 [ERROR] LogOutputStream:75 - [STDERR_REDIRECT] [Fatal Error] :1:1: Premature end of file.
2026-08-10 10:15:43,301 [ERROR] LogOutputStream:75 - [STDERR_REDIRECT] 
2026-08-10 10:15:44,303 [ERROR] LogOutputStream:75 - [STDERR_REDIRECT] [Fatal Error] :1:1: Premature end of file.
2026-08-10 10:15:44,303 [ERROR] LogOutputStream:75 - [STDERR_REDIRECT] 
2026-08-10 10:15:45,310 [ERROR] LogOutputStream:75 - [STDERR_REDIRECT] [Fatal Error] :1:1: Premature end of file.
2026-08-10 10:15:45,310 [ERROR] LogOutputStream:75 - [STDERR_REDIRECT] 
2026-08-10 10:15:46,305 [ERROR] LogOutputStream:75 - [STDERR_REDIRECT] [Fatal Error] :1:1: Premature end of file.
2026-08-10 10:15:46,305 [ERROR] LogOutputStream:75 - [STDERR_REDIRECT] 
2026-08-10 10:15:47,304 [ERROR] LogOutputStream:75 - [STDERR_REDIRECT] [Fatal Error] :1:1: Premature end of file.
2026-08-10 10:15:47,305 [ERROR] LogOutputStream:75 - [STDERR_REDIRECT] 
2026-08-10 10:15:48,309 [ERROR] LogOutputStream:75 - [STDERR_REDIRECT] [Fatal Error] :1:1: Premature end of file.
2026-08-10 10:15:48,309 [ERROR] LogOutputStream:75 - [STDERR_REDIRECT] 
2026-08-10 10:15:49,307 [ERROR] LogOutputStream:75 - [STDERR_REDIRECT] [Fatal Error] :1:1: Premature end of file.
2026-08-10 10:15:49,308 [ERROR] LogOutputStream:75 - [STDERR_REDIRECT] 
2026-08-10 10:15:50,301 [ERROR] LogOutputStream:75 - [STDERR_REDIRECT] [Fatal Error] :1:1: Premature end of file.
2026-08-10 10:15:50,301 [ERROR] LogOutputStream:75 - [STDERR_REDIRECT] 
2026-08-10 10:15:51,305 [ERROR] LogOutputStream:75 - [STDERR_REDIRECT] [Fatal Error] :1:1: Premature end of file.
2026-08-10 10:15:51,305 [ERROR] LogOutputStream:75 - [STDERR_REDIRECT] 
2026-08-10 10:15:52,298 [ERROR] LogOutputStream:75 - [STDERR_REDIRECT] [Fatal Error] :1:1: Premature end of file.
2026-08-10 10:15:52,299 [ERROR] LogOutputStream:75 - [STDERR_REDIRECT] 
2026-08-10 10:15:53,301 [ERROR] LogOutputStream:75 - [STDERR_REDIRECT] [Fatal Error] :1:1: Premature end of file.
2026-08-10 10:15:53,302 [ERROR] LogOutputStream:75 - [STDERR_REDIRECT] 
2026-08-10 10:15:54,324 [ERROR] LogOutputStream:75 - [STDERR_REDIRECT] [Fatal Error] :1:1: Premature end of file.
2026-08-10 10:15:54,324 [ERROR] LogOutputStream:75 - [STDERR_REDIRECT] 
2026-08-10 10:15:55,304 [ERROR] LogOutputStream:75 - [STDERR_REDIRECT] [Fatal Error] :1:1: Premature end of file.
2026-08-10 10:15:55,304 [ERROR] LogOutputStream:75 - [STDERR_REDIRECT] 
2026-08-10 10:15:56,304 [ERROR] LogOutputStream:75 - [STDERR_REDIRECT] [Fatal Error] :1:1: Premature end of file.
2026-08-10 10:15:56,304 [ERROR] LogOutputStream:75 - [STDERR_REDIRECT] 
2026-08-10 10:15:57,304 [ERROR] LogOutputStream:75 - [STDERR_REDIRECT] [Fatal Error] :1:1: Premature end of file.
2026-08-10 10:15:57,305 [ERROR] LogOutputStream:75 - [STDERR_REDIRECT] 
2026-08-10 10:15:58,301 [ERROR] LogOutputStream:75 - [STDERR_REDIRECT] [Fatal Error] :1:1: Premature end of file.
2026-08-10 10:15:58,301 [ERROR] LogOutputStream:75 - [STDERR_REDIRECT] 
2026-08-10 10:15:59,315 [ERROR] LogOutputStream:75 - [STDERR_REDIRECT] [Fatal Error] :1:1: Premature end of file.
2026-08-10 10:15:59,315 [ERROR] LogOutputStream:75 - [STDERR_REDIRECT] 
2026-08-10 10:16:00,302 [ERROR] LogOutputStream:75 - [STDERR_REDIRECT] [Fatal Error] :1:1: Premature end of file.
2026-08-10 10:16:00,303 [ERROR] LogOutputStream:75 - [STDERR_REDIRECT] 
2026-08-10 10:16:01,299 [ERROR] LogOutputStream:75 - [STDERR_REDIRECT] [Fatal Error] :1:1: Premature end of file.
2026-08-10 10:16:01,299 [ERROR] LogOutputStream:75 - [STDERR_REDIRECT] 
2026-08-10 10:16:02,299 [ERROR] LogOutputStream:75 - [STDERR_REDIRECT] [Fatal Error] :1:1: Premature end of file.
2026-08-10 10:16:02,299 [ERROR] LogOutputStream:75 - [STDERR_REDIRECT] 
2026-08-10 10:16:03,302 [ERROR] LogOutputStream:75 - [STDERR_REDIRECT] [Fatal Error] :1:1: Premature end of file.
2026-08-10 10:16:03,302 [ERROR] LogOutputStream:75 - [STDERR_REDIRECT] 
2026-08-10 10:16:04,296 [ERROR] LogOutputStream:75 - [STDERR_REDIRECT] [Fatal Error] :1:1: Premature end of file.
2026-08-10 10:16:04,296 [ERROR] LogOutputStream:75 - [STDERR_REDIRECT] 
2026-08-10 10:16:05,300 [ERROR] LogOutputStream:75 - [STDERR_REDIRECT] [Fatal Error] :1:1: Premature end of file.
2026-08-10 10:16:05,300 [ERROR] LogOutputStream:75 - [STDERR_REDIRECT] 
2026-08-10 10:16:06,297 [ERROR] LogOutputStream:75 - [STDERR_REDIRECT] [Fatal Error] :1:1: Premature end of file.
2026-08-10 10:16:06,297 [ERROR] LogOutputStream:75 - [STDERR_REDIRECT] 
2026-08-10 10:16:07,301 [ERROR] LogOutputStream:75 - [STDERR_REDIRECT] [Fatal Error] :1:1: Premature end of file.
2026-08-10 10:16:07,301 [ERROR] LogOutputStream:75 - [STDERR_REDIRECT] 
2026-08-10 10:16:08,302 [ERROR] LogOutputStream:75 - [STDERR_REDIRECT] [Fatal Error] :1:1: Premature end of file.
2026-08-10 10:16:08,302 [ERROR] LogOutputStream:75 - [STDERR_REDIRECT] 
2026-08-10 10:16:09,305 [ERROR] LogOutputStream:75 - [STDERR_REDIRECT] [Fatal Error] :1:1: Premature end of file.
2026-08-10 10:16:09,306 [ERROR] LogOutputStream:75 - [STDERR_REDIRECT] 
2026-08-10 10:16:10,300 [ERROR] LogOutputStream:75 - [STDERR_REDIRECT] [Fatal Error] :1:1: Premature end of file.
2026-08-10 10:16:10,300 [ERROR] LogOutputStream:75 - [STDERR_REDIRECT] 
2026-08-10 10:16:11,299 [ERROR] LogOutputStream:75 - [STDERR_REDIRECT] [Fatal Error] :1:1: Premature end of file.
2026-08-10 10:16:11,299 [ERROR] LogOutputStream:75 - [STDERR_REDIRECT] 
2026-08-10 10:16:12,302 [ERROR] LogOutputStream:75 - [STDERR_REDIRECT] [Fatal Error] :1:1: Premature end of file.
2026-08-10 10:16:12,302 [ERROR] LogOutputStream:75 - [STDERR_REDIRECT] 
2026-08-10 10:16:13,297 [ERROR] LogOutputStream:75 - [STDERR_REDIRECT] [Fatal Error] :1:1: Premature end of file.
2026-08-10 10:16:13,297 [ERROR] LogOutputStream:75 - [STDERR_REDIRECT] 
2026-08-10 10:16:14,295 [ERROR] LogOutputStream:75 - [STDERR_REDIRECT] [Fatal Error] :1:1: Premature end of file.
2026-08-10 10:16:14,296 [ERROR] LogOutputStream:75 - [STDERR_REDIRECT] 
2026-08-10 10:16:15,300 [ERROR] LogOutputStream:75 - [STDERR_REDIRECT] [Fatal Error] :1:1: Premature end of file.
2026-08-10 10:16:15,301 [ERROR] LogOutputStream:75 - [STDERR_REDIRECT] 
2026-08-10 10:16:16,306 [ERROR] LogOutputStream:75 - [STDERR_REDIRECT] [Fatal Error] :1:1: Premature end of file.
2026-08-10 10:16:16,306 [ERROR] LogOutputStream:75 - [STDERR_REDIRECT] 
2026-08-10 10:16:17,303 [ERROR] LogOutputStream:75 - [STDERR_REDIRECT] [Fatal Error] :1:1: Premature end of file.
2026-08-10 10:16:17,303 [ERROR] LogOutputStream:75 - [STDERR_REDIRECT] 
2026-08-10 10:16:18,301 [ERROR] LogOutputStream:75 - [STDERR_REDIRECT] [Fatal Error] :1:1: Premature end of file.
2026-08-10 10:16:18,301 [ERROR] LogOutputStream:75 - [STDERR_REDIRECT] 
2026-08-10 10:16:19,306 [ERROR] LogOutputStream:75 - [STDERR_REDIRECT] [Fatal Error] :1:1: Premature end of file.
2026-08-10 10:16:19,306 [ERROR] LogOutputStream:75 - [STDERR_REDIRECT] 
2026-08-10 10:16:20,303 [ERROR] LogOutputStream:75 - [STDERR_REDIRECT] [Fatal Error] :1:1: Premature end of file.
2026-08-10 10:16:20,304 [ERROR] LogOutputStream:75 - [STDERR_REDIRECT] 
2026-08-10 10:16:21,310 [ERROR] LogOutputStream:75 - [STDERR_REDIRECT] [Fatal Error] :1:1: Premature end of file.
2026-08-10 10:16:21,310 [ERROR] LogOutputStream:75 - [STDERR_REDIRECT] 
2026-08-10 10:16:22,304 [ERROR] LogOutputStream:75 - [STDERR_REDIRECT] [Fatal Error] :1:1: Premature end of file.
2026-08-10 10:16:22,304 [ERROR] LogOutputStream:75 - [STDERR_REDIRECT] 
2026-08-10 10:16:23,305 [ERROR] LogOutputStream:75 - [STDERR_REDIRECT] [Fatal Error] :1:1: Premature end of file.
2026-08-10 10:16:23,305 [ERROR] LogOutputStream:75 - [STDERR_REDIRECT] 
2026-08-10 10:16:24,314 [ERROR] LogOutputStream:75 - [STDERR_REDIRECT] [Fatal Error] :1:1: Premature end of file.
2026-08-10 10:16:24,315 [ERROR] LogOutputStream:75 - [STDERR_REDIRECT] 
2026-08-10 10:16:25,301 [ERROR] LogOutputStream:75 - [STDERR_REDIRECT] [Fatal Error] :1:1: Premature end of file.
2026-08-10 10:16:25,301 [ERROR] LogOutputStream:75 - [STDERR_REDIRECT] 
2026-08-10 10:16:26,301 [ERROR] LogOutputStream:75 - [STDERR_REDIRECT] [Fatal Error] :1:1: Premature end of file.
2026-08-10 10:16:26,301 [ERROR] LogOutputStream:75 - [STDERR_REDIRECT] 
2026-08-10 10:16:27,309 [ERROR] LogOutputStream:75 - [STDERR_REDIRECT] [Fatal Error] :1:1: Premature end of file.
2026-08-10 10:16:27,310 [ERROR] LogOutputStream:75 - [STDERR_REDIRECT] 
2026-08-10 10:16:28,298 [ERROR] LogOutputStream:75 - [STDERR_REDIRECT] [Fatal Error] :1:1: Premature end of file.
2026-08-10 10:16:28,298 [ERROR] LogOutputStream:75 - [STDERR_REDIRECT] 
2026-08-10 10:16:29,309 [ERROR] LogOutputStream:75 - [STDERR_REDIRECT] [Fatal Error] :1:1: Premature end of file.
2026-08-10 10:16:29,310 [ERROR] LogOutputStream:75 - [STDERR_REDIRECT] 
2026-08-10 10:16:30,302 [ERROR] LogOutputStream:75 - [STDERR_REDIRECT] [Fatal Error] :1:1: Premature end of file.
2026-08-10 10:16:30,304 [ERROR] LogOutputStream:75 - [STDERR_REDIRECT] 
2026-08-10 10:16:31,307 [ERROR] LogOutputStream:75 - [STDERR_REDIRECT] [Fatal Error] :1:1: Premature end of file.
2026-08-10 10:16:31,307 [ERROR] LogOutputStream:75 - [STDERR_REDIRECT] 
2026-08-10 10:16:32,303 [ERROR] LogOutputStream:75 - [STDERR_REDIRECT] [Fatal Error] :1:1: Premature end of file.
2026-08-10 10:16:32,303 [ERROR] LogOutputStream:75 - [STDERR_REDIRECT] 
2026-08-10 10:16:33,316 [ERROR] LogOutputStream:75 - [STDERR_REDIRECT] [Fatal Error] :1:1: Premature end of file.
2026-08-10 10:16:33,317 [ERROR] LogOutputStream:75 - [STDERR_REDIRECT] 
2026-08-10 10:16:34,307 [ERROR] LogOutputStream:75 - [STDERR_REDIRECT] [Fatal Error] :1:1: Premature end of file.
2026-08-10 10:16:34,307 [ERROR] LogOutputStream:75 - [STDERR_REDIRECT] 
2026-08-10 10:16:35,300 [ERROR] LogOutputStream:75 - [STDERR_REDIRECT] [Fatal Error] :1:1: Premature end of file.
2026-08-10 10:16:35,300 [ERROR] LogOutputStream:75 - [STDERR_REDIRECT] 
2026-08-10 10:16:36,302 [ERROR] LogOutputStream:75 - [STDERR_REDIRECT] [Fatal Error] :1:1: Premature end of file.
2026-08-10 10:16:36,302 [ERROR] LogOutputStream:75 - [STDERR_REDIRECT] 
2026-08-10 10:16:37,298 [ERROR] LogOutputStream:75 - [STDERR_REDIRECT] [Fatal Error] :1:1: Premature end of file.
2026-08-10 10:16:37,298 [ERROR] LogOutputStream:75 - [STDERR_REDIRECT] 
2026-08-10 10:16:38,299 [ERROR] LogOutputStream:75 - [STDERR_REDIRECT] [Fatal Error] :1:1: Premature end of file.
2026-08-10 10:16:38,299 [ERROR] LogOutputStream:75 - [STDERR_REDIRECT] 
2026-08-10 10:16:39,298 [ERROR] LogOutputStream:75 - [STDERR_REDIRECT] [Fatal Error] :1:1: Premature end of file.
2026-08-10 10:16:39,298 [ERROR] LogOutputStream:75 - [STDERR_REDIRECT] 
2026-08-10 10:16:40,298 [ERROR] LogOutputStream:75 - [STDERR_REDIRECT] [Fatal Error] :1:1: Premature end of file.
2026-08-10 10:16:40,298 [ERROR] LogOutputStream:75 - [STDERR_REDIRECT] 
2026-08-10 10:16:41,308 [ERROR] LogOutputStream:75 - [STDERR_REDIRECT] [Fatal Error] :1:1: Premature end of file.
2026-08-10 10:16:41,308 [ERROR] LogOutputStream:75 - [STDERR_REDIRECT] 
2026-08-10 10:16:42,298 [ERROR] LogOutputStream:75 - [STDERR_REDIRECT] [Fatal Error] :1:1: Premature end of file.
2026-08-10 10:16:42,299 [ERROR] LogOutputStream:75 - [STDERR_REDIRECT] 
2026-08-10 10:16:43,315 [ERROR] LogOutputStream:75 - [STDERR_REDIRECT] [Fatal Error] :1:1: Premature end of file.
2026-08-10 10:16:43,316 [ERROR] LogOutputStream:75 - [STDERR_REDIRECT] 
2026-08-10 10:16:44,333 [ERROR] LogOutputStream:75 - [STDERR_REDIRECT] [Fatal Error] :1:1: Premature end of file.
2026-08-10 10:16:44,334 [ERROR] LogOutputStream:75 - [STDERR_REDIRECT] 
2026-08-10 10:16:45,312 [ERROR] LogOutputStream:75 - [STDERR_REDIRECT] [Fatal Error] :1:1: Premature end of file.
2026-08-10 10:16:45,312 [ERROR] LogOutputStream:75 - [STDERR_REDIRECT] 
2026-08-10 10:16:46,306 [ERROR] LogOutputStream:75 - [STDERR_REDIRECT] [Fatal Error] :1:1: Premature end of file.
2026-08-10 10:16:46,306 [ERROR] LogOutputStream:75 - [STDERR_REDIRECT] 
2026-08-10 10:16:47,309 [ERROR] LogOutputStream:75 - [STDERR_REDIRECT] [Fatal Error] :1:1: Premature end of file.
2026-08-10 10:16:47,310 [ERROR] LogOutputStream:75 - [STDERR_REDIRECT] 
2026-08-10 10:16:48,299 [ERROR] LogOutputStream:75 - [STDERR_REDIRECT] [Fatal Error] :1:1: Premature end of file.
2026-08-10 10:16:48,299 [ERROR] LogOutputStream:75 - [STDERR_REDIRECT] 
2026-08-10 10:16:49,303 [ERROR] LogOutputStream:75 - [STDERR_REDIRECT] [Fatal Error] :1:1: Premature end of file.
2026-08-10 10:16:49,303 [ERROR] LogOutputStream:75 - [STDERR_REDIRECT] 
2026-08-10 10:16:50,308 [ERROR] LogOutputStream:75 - [STDERR_REDIRECT] [Fatal Error] :1:1: Premature end of file.
2026-08-10 10:16:50,308 [ERROR] LogOutputStream:75 - [STDERR_REDIRECT] 
2026-08-10 10:16:51,300 [ERROR] LogOutputStream:75 - [STDERR_REDIRECT] [Fatal Error] :1:1: Premature end of file.
2026-08-10 10:16:51,300 [ERROR] LogOutputStream:75 - [STDERR_REDIRECT] 
2026-08-10 10:16:52,288 [ERROR] LogOutputStream:75 - [STDERR_REDIRECT] [Fatal Error] :1:1: Premature end of file.
2026-08-10 10:16:52,288 [ERROR] LogOutputStream:75 - [STDERR_REDIRECT] 
2026-08-10 10:16:53,296 [ERROR] LogOutputStream:75 - [STDERR_REDIRECT] [Fatal Error] :1:1: Premature end of file.
2026-08-10 10:16:53,296 [ERROR] LogOutputStream:75 - [STDERR_REDIRECT] 
2026-08-10 10:16:54,290 [ERROR] LogOutputStream:75 - [STDERR_REDIRECT] [Fatal Error] :1:1: Premature end of file.
2026-08-10 10:16:54,290 [ERROR] LogOutputStream:75 - [STDERR_REDIRECT] 
2026-08-10 10:16:55,305 [ERROR] LogOutputStream:75 - [STDERR_REDIRECT] [Fatal Error] :1:1: Premature end of file.
2026-08-10 10:16:55,305 [ERROR] LogOutputStream:75 - [STDERR_REDIRECT] 
2026-08-10 10:16:56,294 [ERROR] LogOutputStream:75 - [STDERR_REDIRECT] [Fatal Error] :1:1: Premature end of file.
2026-08-10 10:16:56,294 [ERROR] LogOutputStream:75 - [STDERR_REDIRECT] 
2026-08-10 10:16:57,295 [ERROR] LogOutputStream:75 - [STDERR_REDIRECT] [Fatal Error] :1:1: Premature end of file.
2026-08-10 10:16:57,295 [ERROR] LogOutputStream:75 - [STDERR_REDIRECT] 
2026-08-10 10:16:58,303 [ERROR] LogOutputStream:75 - [STDERR_REDIRECT] [Fatal Error] :1:1: Premature end of file.
2026-08-10 10:16:58,303 [ERROR] LogOutputStream:75 - [STDERR_REDIRECT] 
2026-08-10 10:16:59,297 [ERROR] LogOutputStream:75 - [STDERR_REDIRECT] [Fatal Error] :1:1: Premature end of file.
2026-08-10 10:16:59,297 [ERROR] LogOutputStream:75 - [STDERR_REDIRECT] 
2026-08-10 10:17:00,297 [ERROR] LogOutputStream:75 - [STDERR_REDIRECT] [Fatal Error] :1:1: Premature end of file.
2026-08-10 10:17:00,297 [ERROR] LogOutputStream:75 - [STDERR_REDIRECT] 
2026-08-10 10:17:01,305 [ERROR] LogOutputStream:75 - [STDERR_REDIRECT] [Fatal Error] :1:1: Premature end of file.
2026-08-10 10:17:01,305 [ERROR] LogOutputStream:75 - [STDERR_REDIRECT] 
2026-08-10 10:17:02,295 [ERROR] LogOutputStream:75 - [STDERR_REDIRECT] [Fatal Error] :1:1: Premature end of file.
2026-08-10 10:17:02,295 [ERROR] LogOutputStream:75 - [STDERR_REDIRECT] 
2026-08-10 10:17:03,292 [ERROR] LogOutputStream:75 - [STDERR_REDIRECT] [Fatal Error] :1:1: Premature end of file.
2026-08-10 10:17:03,292 [ERROR] LogOutputStream:75 - [STDERR_REDIRECT] 
